<?xml version="1.0" encoding="UTF-8"?>
<window>

    <controls>



        <!-- Default Buttons -->
        <include content="Settings_Button">
            <param name="id">7</param>
            <param name="control">button</param>
            <param name="dialog">true</param>
            <description>Default Setting Button</description>
        </include>

        <include content="Settings_Button">
            <param name="id">8</param>
            <param name="control">radiobutton</param>
            <param name="dialog">true</param>
            <description>Default Setting Button</description>
        </include>

        <include content="Settings_Button">
            <param name="id">9</param>
            <param name="control">spincontrolex</param>
            <param name="dialog">true</param>
            <description>Default Setting Button</description>
        </include>

        <include content="Settings_Button">
            <param name="id">11</param>
            <param name="control">image</param>
            <param name="dialog">true</param>
            <description>Default Setting Button</description>
            <visible>false</visible>
        </include>

        <include content="Settings_Button">
            <param name="id">12</param>
            <param name="control">edit</param>
            <param name="dialog">true</param>
            <description>Default Setting Button</description>
        </include>

        <include content="Settings_Button">
            <param name="id">13</param>
            <param name="control">sliderex</param>
            <param name="dialog">true</param>
            <description>Default Setting Button</description>
        </include>

        <include content="Settings_Label">
            <param name="id">14</param>
            <param name="control">label</param>
            <param name="dialog">true</param>
            <description>Default Setting Label</description>
        </include>

        <!-- Hidden Buttons -->
        <include content="Object_Hidden_Button">
            <param name="id">28</param>
        </include>
        <include content="Object_Hidden_Button">
            <param name="id">29</param>
        </include>
        <include content="Object_Hidden_Button">
            <param name="id">30</param>
        </include>

        <!-- Hidden Control -->
        <include content="Object_Hidden_Button">
            <param name="id">8000</param>
            <onleft>Control.Message(52,movedown,10025)</onleft>
            <onright>Control.Message(52,moveup,10025)</onright>
            <ondown>Control.Message(52,moveup,10025)</ondown>
            <ondown>Control.Message(52,moveup,10025)</ondown>
            <ondown>Control.Message(52,moveup,10025)</ondown>
            <ondown>Control.Message(52,moveup,10025)</ondown>
            <onup>Control.Message(52,movedown,10025)</onup>
            <onup>Control.Message(52,movedown,10025)</onup>
            <onup>Control.Message(52,movedown,10025)</onup>
            <onup>Control.Message(52,movedown,10025)</onup>
            <onclick>SendClick(28)</onclick>
            <onback>5</onback>
        </include>

        <include content="Dialog_Dim_Overlay">
            <param name="visible">!Window.IsVisible(DialogSlider.xml)</param>
        </include>

        <control type="group">
            <include>Dimension_DialogWideMenu</include>
            <include>Animation_Right_Delay</include>
            <visible>!Window.IsVisible(DialogSlider.xml)</visible>
            <include content="Dialog_Dim_Side">
                <param name="slide_condition">True</param>
            </include>

            <!-- Bottom Layer -->
            <include content="Dialog_Background_Side">
                <param name="slide_condition">True</param>
                <param name="dialog_size">Dimension_DialogWideMenu</param>
                <!-- Side Buttons -->
                <control type="group">
                    <include>Dimension_Dialog_Body</include>
                    <control type="grouplist" id="9000">
                        <include>Dialog_Side_Grouplist_Def</include>
                        <onleft>Close</onleft>
                        <onright>5</onright>
                        <include content="Dialog_Side_Button">
                            <param name="id">01</param>
                            <param name="label">$INFO[Control.GetLabel(28)]</param>
                            <param name="icon">special://skin/extras/icons/circle-check.png</param>
                            <param name="visible">Control.IsEnabled(28) + Control.IsVisible(28)</param>
                            <onclick>SendClick(28)</onclick>
                        </include>
                        <include content="Dialog_Side_Button">
                            <param name="id">02</param>
                            <param name="label">$LOCALIZE[15067]</param>
                            <param name="icon">special://skin/extras/icons/circle-xmark.png</param>
                            <param name="visible">Control.IsEnabled(29) + Control.IsVisible(29)</param>
                            <onclick>SendClick(29)</onclick>
                        </include>
                        <include content="Dialog_Side_Button">
                            <param name="id">03</param>
                            <param name="label">$INFO[Control.GetLabel(30)]</param>
                            <param name="icon">special://skin/extras/icons/triangle-exclamation.png</param>
                            <param name="visible">Control.IsEnabled(30) + Control.IsVisible(30)</param>
                            <onclick>SendClick(30)</onclick>
                        </include>
                    </control>
                </control>
            </include>

            <include content="Dialog_Foreground_Side">
                <param name="dialog_size">Dimension_DialogWideMenu</param>
                <param name="slide_condition">True</param>
                <param name="lines_right">0</param>
                <param name="topline">true</param>
                <param name="subline">true</param>

                <!-- Header -->
                <include content="Dialog_Head">
                    <param name="id">2</param>
                </include>
                <include>Dialog_Head_CloseButton</include>

                <!-- Content -->
                <control type="group">
                    <include>Dimension_Dialog_Body</include>
                    <control type="grouplist" id="5">
                        <include>Dimension_Dialog_Body_Group</include>
                        <onleft>9000</onleft>
                        <onright>61</onright>
                        <pagecontrol>61</pagecontrol>
                    </control>

                    <include content="Dialog_Scrollbar">
                        <param name="id">61</param>
                        <onleft>5</onleft>
                    </include>
                </control>
            </include>

        </control>
    </controls>
</window>
