{
    "infolabels": {
        "StartupReplaceWindow": "Window(Home).Property(StartupReplaceWindow)",
        "StartupWindow": "System.StartupWindow",
        "VideoPath": "Skin.String(Startup.VideoPath)"
    },
    "values": {
        "ReplaceWindowCommand": [
            {
                "rules": ["{StartupReplaceWindow}!="],
                "value": "ReplaceWindow({StartupReplaceWindow})"
            },
            "ReplaceWindow({StartupWindow})"
        ]
    },
    "actions": [
        [{
            "rules": [
                "String.IsEmpty(Window.Property(ReloadDone))"],
            "value": [
                [{
                    "rules": [
                        "String.IsEmpty(Window.Property(ReloadDone))",
                        "!Skin.HasSetting(DefaultConfig.InitDone)"],
                    "value": [
                        "Skin.SetBool(TMDbHelper.EnableCrop)",
                        "Skin.SetBool(TMDbHelper.EnableBlur)",
                        "Skin.SetBool(DefaultConfig.InitDone)"
                    ]
                }],
                "Skin.SetBool(TMDbHelper.Service)",
                "Skin.SetBool(TMDbHelper.UseLocalWidgetContainer)",
                "Skin.SetBool(TMDbHelper.DisableExtendedProperties)",
                "Skin.SetBool(TMDbHelper.DirectCallAuto)",
                "Skin.Reset(TMDbHelper.MonitorContainer)",
                "Skin.Reset(TMDbHelper.DisableArtwork)",
                "Skin.SetString(TMDbHelper.Corner.Radius,20)",
                [{
                    "rules": ["Skin.HasSetting(Enable.PlotDetails.Fallback)"],
                    "value": [
                    "Runscript(plugin.video.themoviedb.helper,get_trakt_stats)",
                    "RunPlugin(plugin://script.skinvariables/?info=get_params_file&&special://skin/extras/filters/recent_type_trakt_stats.json)",           
                    "RunPlugin(plugin://script.skinvariables/?info=get_params_file&&special://skin/extras/filters/recent_movie_trakt_stats.json)",          
                    "RunPlugin(plugin://script.skinvariables/?info=get_params_file&&special://skin/extras/filters/recent_episode_trakt_stats.json)"
                    ]
                }],

                "Skin.SetString(SkinConstant.Numeric.00,$NUMBER[0])",
                "Skin.SetString(SkinConstant.Numeric.01,$NUMBER[1])",
                "Skin.SetString(SkinConstant.Numeric.02,$NUMBER[2])",
                "Skin.SetString(SkinConstant.Numeric.03,$NUMBER[3])",
                "Skin.SetString(SkinConstant.Numeric.04,$NUMBER[4])",
                "Skin.SetString(SkinConstant.Numeric.05,$NUMBER[5])",
                "Skin.SetString(SkinConstant.Numeric.06,$NUMBER[6])",
                "Skin.SetString(SkinConstant.Numeric.07,$NUMBER[7])",
                "Skin.SetString(SkinConstant.Numeric.08,$NUMBER[8])",
                "Skin.SetString(SkinConstant.Numeric.09,$NUMBER[9])",
                "Skin.SetString(SkinConstant.Numeric.10,$NUMBER[10])",
                "Skin.SetString(SkinConstant.Numeric.11,$NUMBER[11])",
                "Skin.SetString(SkinConstant.Numeric.12,$NUMBER[12])",
                "Skin.SetString(SkinConstant.Numeric.13,$NUMBER[13])",
                "Skin.SetString(SkinConstant.Numeric.14,$NUMBER[14])",
                "Skin.SetString(SkinConstant.Numeric.15,$NUMBER[15])",
                "Skin.SetString(SkinConstant.Numeric.16,$NUMBER[16])",
                "Skin.SetString(SkinConstant.Numeric.17,$NUMBER[17])",
                "Skin.SetString(SkinConstant.Numeric.18,$NUMBER[18])",
                "Skin.SetString(SkinConstant.Numeric.19,$NUMBER[19])",
                [{
                    "rules": ["String.IsEmpty(Skin.String(Navigation.Global.OnDown))"],
                    "value": "Skin.SetString(Navigation.Global.OnDown,Filter)"
                }],
                [{
                    "rules": ["String.IsEmpty(Skin.String(Navigation.OnBack))"],
                    "value": "Skin.SetString(Navigation.OnBack,Parent)"
                }],
                [{
                    "rules": ["String.IsEmpty(Skin.String(Home.SideMenuCollapse))"],
                    "value": "Skin.SetString(Home.SideMenuCollapse,Library)"
                }],
                [{
                    "rules": ["String.IsEmpty(Skin.String(Hub.Home.Spotlight.Path))"],
                    "value": "Skin.SetString(Hub.Home.Spotlight.Path,special://skin/extras/playlists/RandomMovies.xsp)"
                }],
                [{
                    "rules": ["String.IsEmpty(Skin.String(Hub.Home.Spotlight.Target))"],
                    "value": "Skin.SetString(Hub.Home.Spotlight.Target,videos)"
                }],
                [{
                    "rules": ["String.IsEmpty(Skin.String(Hub.1101.Spotlight.Path))"],
                    "value": "Skin.SetString(Hub.1101.Spotlight.Path,special://skin/extras/playlists/RandomMovies.xsp)"
                }],
                [{
                    "rules": ["String.IsEmpty(Skin.String(Hub.1101.Spotlight.Target))"],
                    "value": "Skin.SetString(Hub.1101.Spotlight.Target,videos)"
                }],
                [{
                    "rules": ["String.IsEmpty(Skin.String(Hub.1102.Spotlight.Path))"],
                    "value": "Skin.SetString(Hub.1102.Spotlight.Path,special://skin/extras/playlists/RandomTvShows.xsp)"
                }],
                [{
                    "rules": ["String.IsEmpty(Skin.String(Hub.1102.Spotlight.Target))"],
                    "value": "Skin.SetString(Hub.1102.Spotlight.Target,videos)"
                }],
                [{
                    "rules": ["String.IsEmpty(Skin.String(Hub.1103.Spotlight.Path))"],
                    "value": "Skin.SetString(Hub.1103.Spotlight.Path,special://skin/extras/playlists/RandomArtists.xsp)"
                }],
                [{
                    "rules": ["String.IsEmpty(Skin.String(Hub.1103.Spotlight.Target))"],
                    "value": "Skin.SetString(Hub.1103.Spotlight.Target,music)"
                }],
                [{
                    "rules": ["String.IsEmpty(Skin.String(Hub.1104.Spotlight.Path))"],
                    "value": "Skin.SetString(Hub.1104.Spotlight.Path,pvr://channels/tv/*)"
                }],
                [{
                    "rules": ["String.IsEmpty(Skin.String(Hub.1104.Spotlight.Target))"],
                    "value": "Skin.SetString(Hub.1104.Spotlight.Target,tvguide)"
                }],             
                [{
                    "rules": ["String.IsEmpty(Skin.String(CustomRating.Movies.Item01))"],
                    "value": "Skin.SetString(CustomRating.Movies.Item01,Kodi)"
                }],
                [{
                    "rules": ["String.IsEmpty(Skin.String(CustomRating.Movies.Item02))"],
                    "value": "Skin.SetString(CustomRating.Movies.Item02,TMDb)"
                }],
                [{
                    "rules": ["String.IsEmpty(Skin.String(CustomRating.Movies.Item03))"],
                    "value": "Skin.SetString(CustomRating.Movies.Item03,Trakt)"
                }],
                [{
                    "rules": ["String.IsEmpty(Skin.String(CustomRating.Movies.Item04))"],
                    "value": "Skin.SetString(CustomRating.Movies.Item04,Awards)"
                }],
                [{
                    "rules": ["String.IsEmpty(Skin.String(CustomRating.TVShows.Item01))"],
                    "value": "Skin.SetString(CustomRating.TVShows.Item01,Kodi)"
                }],
                [{
                    "rules": ["String.IsEmpty(Skin.String(CustomRating.TVShows.Item02))"],
                    "value": "Skin.SetString(CustomRating.TVShows.Item02,TMDb)"
                }],
                [{
                    "rules": ["String.IsEmpty(Skin.String(CustomRating.TVShows.Item03))"],
                    "value": "Skin.SetString(CustomRating.TVShows.Item03,Trakt)"
                }],
                [{
                    "rules": ["String.IsEmpty(Skin.String(CustomRating.TVShows.Item04))"],
                    "value": "Skin.SetString(CustomRating.TVShows.Item04,Awards)"
                }],

                "SetProperty(InitStatus,Loading)",
                "Skin.Reset(TextureMaker.Built)",
                "RunScript(plugin.video.themoviedb.helper,blur_image={var_image_simplebackground},prefix=SimpleBackground)",
                "Skin.SetString(SkinVariables.SkinUser.ExecuteBuiltIn,\"RunScript(script.skinvariables,special://skin/shortcuts/skinvariables-build-colortemplates.json,use_rules=True,get_values=true,reload=Home)\")",
                "route=run_executebuiltin=special://skin/shortcuts/skinvariables-build-colortemplates.json&use_rules=True&get_values=true"
            ]
        }],

        "SetProperty(ReloadDone,1)",
        "SetProperty(ReloadDone,1,Home)",

        "sleep=0.5",
 
        {
            "rules": ["!Skin.HasSetting(TextureMaker.Built)"],
            "value": "route=run_executebuiltin=special://skin/shortcuts/skinvariables-startup.json&use_rules=True&var_image_simplebackground={var_image_simplebackground}"
        },
        {
            "rules": [
                "Skin.HasSetting(Startup.WaitForLoad)",
                "System.HasAlarm(SplashTimeOut)",
                "System.HasPVRAddon",
                "!PVR.HasTVChannels",
                "!PVR.HasRadioChannels"
            ],
            "value": [
                "SetProperty(InitStatus,Waiting for PVR)",
                "route=run_executebuiltin=special://skin/shortcuts/skinvariables-startup.json&use_rules=True&var_image_simplebackground={var_image_simplebackground}"
            ]
        },

        "{ReplaceWindowCommand}",
        {
            "rules": ["{VideoPath}!="],
            "value": [
                "PlayMedia(\"{VideoPath}\")"
            ]
        }
    ]
}