<contents>
    <value name="widget_id">$MATH[5000 + {item_x} + 1]</value>
    <value name="widget_group_id">$MATH[5100 + {item_x} + 1]</value>    
    <value name="widget_label">{item_label}</value>
    <value name="widget_sortby">{item_widget_sortby}</value>
    <value name="widget_limit">{item_widget_limit}</value>
    <value name="widget_visible">[String.IsEqual(Container(5099).ListItem.Property(guid),{item_guid}) | String.IsEmpty(Container(5099).ListITem.Property(guid))]</value>
    <value name="widget_altvisible">[!String.IsEmpty(Control.GetLabel(9099).index(1)) + [[Control.HasFocus(9099) + System.IdleTime(1) + !System.IdleTime(2)] | !String.IsEmpty(Window(Home).Property(UpdateSearchRows))]]</value>
    <rules name="widget_sortorder">
        <rule>
            <condition>{item_widget_sortorder}==True</condition>
            <value>descending</value>
        </rule>
        <rule>
            <condition>True</condition>
            <value>ascending</value>
        </rule>
    </rules>
    <rules name="widget_include">
        <rule>
            <condition>{item_widget_style}==Landscape</condition>
            <value>List_Landscape_Row</value>
        </rule>
        <rule>
            <condition>{item_widget_style}==Poster</condition>
            <value>List_Poster_Row</value>
        </rule>
        <rule>
            <condition>{item_widget_style}==Square</condition>
            <value>List_Square_Row</value>
        </rule>
        <rule>
            <condition>{item_widget_style}==Circle</condition>
            <value>List_Circle_Row</value>
        </rule>
        <rule>
            <condition>{item_widget_style}==Card</condition>
            <value>List_Card_Row</value>
        </rule>
        <rule>
            <condition>{item_widget_style}==Board</condition>
            <value>List_Board_Row</value>
        </rule>
        <rule>
            <condition>{item_widget_style}==Placard</condition>
            <value>List_Placard_Row</value>
        </rule> 
        <rule>
            <condition>{item_widget_style}==Overview</condition>
            <value>List_Overview_Row</value>
        </rule>
        <rule>
            <condition>{item_widget_style}==Signpost</condition>
            <value>List_Signpost_Row</value>
        </rule>
        <rule>
            <condition>{item_widget_style}==Sign</condition>
            <value>List_Sign_Row</value>
        </rule>
        <rule>
            <condition>{item_widget_style}==Banner</condition>
            <value>List_Banner_Row</value>
        </rule>
        <rule>
            <condition>{item_widget_style}==Apps</condition>
            <value>List_Apps_Row</value>
        </rule>
        <rule>
            <condition>{item_widget_style}==Icon</condition>
            <value>List_Icon_Row</value>
        </rule>
        <rule>
            <condition>{item_widget_style}==View</condition>
            <value>List_View_Row</value>
        </rule>
        <rule>
            <condition>{item_widget_style}==Text</condition>
            <value>List_Text_Row</value>
        </rule>
        <rule>
            <condition>{item_widget_style}==RealText</condition>
            <value>List_RealText_Row</value>
        </rule>
        <rule>
            <condition>True</condition>
            <value>List_Landscape_Row</value>
        </rule>
    </rules>
    <rules name="widget_isautoscroll">
        <rule>
            <condition>{item_widget_autoscroll}==True</condition>
            <value>True</value>
        </rule>
        <rule>
            <condition>True</condition>
            <value>False</value>
        </rule>
    </rules>
</contents>