<contents>
    <value name="comments">Static Sidemenu</value>
    <template>generator/data/parts/basic_include.xmltemplate</template>
    <value name="includes_name">skinvariables-sidemenu-staticitems</value>
    <value name="includes_part">
        <items menu="sidemenu">
            <item>
                <template>generator/data/parts/menu_item.xmltemplate</template>
                <datafile>generator/data/setup/onclick_path.xml</datafile>
                <condition>{item_disabled}!=True</condition>
                <rules name="widget_group_id">
                    <rule>
                        <condition>True</condition>
                        <value>$MATH[{item_x} + 100]</value>
                    </rule>
                </rules>
                <value name="parts_additional">                    
                        <template>generator/data/parts/additional_sidemenu.xmltemplate</template>             
                </value>
            </item>
        </items>
    </value>
</contents>