<?xml version="1.0" encoding="UTF-8"?>
<includes>

    <include name="DialogCustom1163_Padding_Icons">
        <control type="group">
            <width>80</width>
            <visible>!Integer.IsEqual(Window.Property(Position),0)</visible>
        </control>

        <control type="group">
            <width>80</width>
            <visible>Integer.IsGreater(Window.Property(Position),1)</visible>
        </control>

        <control type="group">
            <width>80</width>
            <visible>Integer.IsGreater(Window.Property(Position),2)</visible>
        </control>

        <control type="group">
            <width>80</width>
            <visible>Integer.IsGreater(Window.Property(Position),3)</visible>
        </control>

        <control type="group">
            <width>80</width>
            <visible>Integer.IsGreater(Window.Property(Position),4)</visible>
        </control>
    </include>

    <include name="DialogCustom1163_FakeLabel_FO">
        <control type="group">
            <width>290</width>
            <left>-40</left>
            <control type="image">
                <include>Texture_Menu_Highlight_H</include>
                <height>79.5</height>
                <centertop>48%</centertop>
                <centerleft>50%</centerleft>                            
            </control>
            <control type="image">
                <left>-170</left>
                <aspectratio>keep</aspectratio>
                <bordersize>icon_home_bordersize</bordersize>
                <texture colordiffuse="$VAR[ColorSelected]">$INFO[Window.Property(indicator)]</texture>
            </control>
            <control type="label">
                <label>$INFO[Window.Property(Header)]</label>
                <font>font_mini_bold</font>
                <textcolor>$VAR[ColorSelected]</textcolor>    
                <align>left</align>
                <left>110</left>
            </control>
        </control>
    </include>

    <include name="DialogCustom1163_FakeButton_FO">
        <control type="group">
            <control type="image">
                <include>Texture_CircleButtonDialog_Highlight_V</include>
                <aspectratio>keep</aspectratio>
                <height>160</height>
                <width>160</width>
                <centertop>50%</centertop>
                <centerleft>50%</centerleft>
            </control>
            <control type="image">
                <bordersize>icon_home_bordersize</bordersize>
                <texture colordiffuse="$VAR[ColorSelected]">$INFO[Window.Property(indicator)]</texture>
            </control>
        </control>
    </include>

    <include name="DialogCustom1163_FakeLabel">
        <control type="button">
            <width max="300">auto</width>
            <texturenofocus />
            <texturefocus />
            <font>font_main_bold</font>
            <textcolor>00ffffff</textcolor>
            <focusedcolor>00ffffff</focusedcolor>
            <selectedcolor>00ffffff</selectedcolor>
            <label>$PARAM[label]</label>
            <textoffsetx>20</textoffsetx>
            <hitrect x="0" y="0" w="0" h="0" />
            <visible>$PARAM[visible]</visible>
        </control>
    </include>

    <include name="DialogCustom1163_Padding_Labels">

        <include content="DialogCustom1163_FakeLabel">
            <param name="label">$INFO[Window.Property(Position.0.Label)]</param>
            <param name="visible">!Integer.IsEqual(Window.Property(Position),0)</param>
        </include>

        <include content="DialogCustom1163_FakeLabel">
            <param name="label">$INFO[Window.Property(Position.1.Label)]</param>
            <param name="visible">Integer.IsGreater(Window.Property(Position),1)</param>
        </include>

        <include content="DialogCustom1163_FakeLabel">
            <param name="label">$INFO[Window.Property(Position.2.Label)]</param>
            <param name="visible">Integer.IsGreater(Window.Property(Position),2)</param>
        </include>

        <include content="DialogCustom1163_FakeLabel">
            <param name="label">$INFO[Window.Property(Position.3.Label)]</param>
            <param name="visible">Integer.IsGreater(Window.Property(Position),3)</param>
        </include>

        <include content="DialogCustom1163_FakeLabel">
            <param name="label">$INFO[Window.Property(Position.4.Label)]</param>
            <param name="visible">Integer.IsGreater(Window.Property(Position),4)</param>
        </include>

    </include>

    <include name="DialogCustom1163_Offset_U1">
        <animation effect="slide" start="0" end="0,-40" condition="Integer.IsGreater(Container(450).NumItems,7)">Conditional</animation>
        <include>DialogCustom1163_Offset</include>
    </include>
    <include name="DialogCustom1163_Offset_U2">
        <animation effect="slide" start="0" end="0,-40" condition="Integer.IsGreater(Container(450).NumItems,6)">Conditional</animation>
        <include>DialogCustom1163_Offset_U1</include>
    </include>
    <include name="DialogCustom1163_Offset_U3">
        <animation effect="slide" start="0" end="0,-40" condition="Integer.IsGreater(Container(450).NumItems,5)">Conditional</animation>
        <include>DialogCustom1163_Offset_U2</include>
    </include>
    <include name="DialogCustom1163_Offset_U4">
        <animation effect="slide" start="0" end="0,-40" condition="Integer.IsGreater(Container(450).NumItems,4)">Conditional</animation>
        <include>DialogCustom1163_Offset_U3</include>
    </include>
    <include name="DialogCustom1163_Offset_U5">
        <animation effect="slide" start="0" end="0,-40" condition="Integer.IsGreater(Container(450).NumItems,3)">Conditional</animation>
        <include>DialogCustom1163_Offset_U4</include>
    </include>
    <include name="DialogCustom1163_Offset_U6">
        <animation effect="slide" start="0" end="0,-40" condition="Integer.IsGreater(Container(450).NumItems,2)">Conditional</animation>
        <include>DialogCustom1163_Offset_U5</include>
    </include>
    <include name="DialogCustom1163_Offset_U7">
        <animation effect="slide" start="0" end="0,-40" condition="Integer.IsGreater(Container(450).NumItems,1)">Conditional</animation>
        <include>DialogCustom1163_Offset_U6</include>
    </include>
    <include name="DialogCustom1163_Offset_U8">
        <animation effect="slide" start="0" end="0,-40" condition="Integer.IsGreater(Container(450).NumItems,1)">Conditional</animation>
        <include>DialogCustom1163_Offset_U7</include>
    </include>

    <include name="DialogCustom1163_Offset_D1">
        <animation effect="slide" start="0" end="0,40" condition="Integer.IsGreater(Container(450).NumItems,7)">Conditional</animation>
        <include>DialogCustom1163_Offset</include>
    </include>
    <include name="DialogCustom1163_Offset_D2">
        <animation effect="slide" start="0" end="0,40" condition="Integer.IsGreater(Container(450).NumItems,6)">Conditional</animation>
        <include>DialogCustom1163_Offset_D1</include>
    </include>
    <include name="DialogCustom1163_Offset_D3">
        <animation effect="slide" start="0" end="0,40" condition="Integer.IsGreater(Container(450).NumItems,5)">Conditional</animation>
        <include>DialogCustom1163_Offset_D2</include>
    </include>
    <include name="DialogCustom1163_Offset_D4">
        <animation effect="slide" start="0" end="0,40" condition="Integer.IsGreater(Container(450).NumItems,4)">Conditional</animation>
        <include>DialogCustom1163_Offset_D3</include>
    </include>
    <include name="DialogCustom1163_Offset_D5">
        <animation effect="slide" start="0" end="0,40" condition="Integer.IsGreater(Container(450).NumItems,3)">Conditional</animation>
        <include>DialogCustom1163_Offset_D4</include>
    </include>
    <include name="DialogCustom1163_Offset_D6">
        <animation effect="slide" start="0" end="0,40" condition="Integer.IsGreater(Container(450).NumItems,2)">Conditional</animation>
        <include>DialogCustom1163_Offset_D5</include>
    </include>
    <include name="DialogCustom1163_Offset_D7">
        <animation effect="slide" start="0" end="0,40" condition="Integer.IsGreater(Container(450).NumItems,1)">Conditional</animation>
        <include>DialogCustom1163_Offset_D6</include>
    </include>
    <include name="DialogCustom1163_Offset_D8">
        <animation effect="slide" start="0" end="0,40" condition="Integer.IsGreater(Container(450).NumItems,1)">Conditional</animation>
        <include>DialogCustom1163_Offset_D7</include>
    </include>

    <include name="DialogCustom1163_Offset">
        <animation effect="slide" start="0" end="0,-40" condition="Integer.IsGreater(Container(450).NumItems,2)">Conditional</animation>
        <animation effect="slide" start="0" end="0,-40" condition="Integer.IsGreater(Container(450).NumItems,3)">Conditional</animation>
        <animation effect="slide" start="0" end="0,-40" condition="Integer.IsGreater(Container(450).NumItems,4)">Conditional</animation>
        <animation effect="slide" start="0" end="0,-40" condition="Integer.IsGreater(Container(450).NumItems,5)">Conditional</animation>
        <animation effect="slide" start="0" end="0,-40" condition="Integer.IsGreater(Container(450).NumItems,6)">Conditional</animation>
        <animation effect="slide" start="0" end="0,-40" condition="Integer.IsGreater(Container(450).NumItems,7)">Conditional</animation>
    </include>


</includes>
