<?xml version="1.0" encoding="UTF-8"?>
<includes>

    <include name="OSD_UpNext_Buttons">
        <control type="button" id="3012">
            <include>Defs_OSD_Button</include>
        </control>
        <include content="OSD_Button_Icon_Overlay">
            <param name="icon">special://skin/extras/icons/play2.png</param>
            <param name="id">3012</param>
            <param name="groupid">5012</param>
            <param name="vertical">true</param>
            <param name="itemgap">0</param>
        </include>
        <control type="button" id="4013">
            <include>Defs_OSD_Button</include>
            <onclick>SetFocus(3013)</onclick>
            <onclick>Action(Select)</onclick>
        </control>
        <include content="OSD_Button_Icon_Overlay">
            <param name="icon">special://skin/extras/icons/xmark.png</param>
            <param name="id">4013</param>
            <param name="groupid">5013</param>
            <param name="vertical">true</param>
            <param name="itemgap">0</param>
        </include>
    </include>

    <include name="OSD_UpNext">
        <param name="is_addon">true</param>
        <param name="icon">$VAR[Image_UpNext]</param>
        <param name="secondary_label">$INFO[Window.Property(remaining), ,][COLOR=panel_fg_100] [LOWERCASE]$LOCALIZE[31130][/LOWERCASE]...[/COLOR]</param>
        <param name="tvshowtitle">Window.Property(tvshowtitle)</param>
        <param name="title">Window.Property(title)</param>
        <param name="seasonepisode_label">$VAR[Label_OSD_UpNext_Plot_Episode_Number,,. ]</param>
        <param name="year">Window.Property(year)</param>
        <param name="rating">Window.Property(rating)</param>
        <definition>
            <control type="image">
                <height>400</height>
                <texture>common/dim-top-bezier.png</texture>
            </control>
            <control type="group">
                <include>Dimension_UpNext</include>
                <control type="group">
                    <top>-40</top>
                    <height>upnext_image_h</height>
                    <width>upnext_image_w</width>
                    <include>Object_ItemBack</include>
                    <control type="image">
                        <texture diffuse="diffuse/landscape_w356_h200.png">$PARAM[icon]</texture>
                        <aspectratio scalediffuse="false">scale</aspectratio>
                    </control>
                    <control type="progress" id="3014">
                        <height>4</height>
                        <left>0</left>
                        <right>0</right>
                        <centerbottom>-15</centerbottom>
                        <texturebg colordiffuse="main_fg_12" border="12,0,12,0">progress/progress-nib.png</texturebg>
                        <midtexture colordiffuse="main_logo" border="12,0,12,0">progress/progress-nib.png</midtexture>
                        <visible>$PARAM[is_addon]</visible>
                    </control>
                </control>
                <control type="group">
                    <left>view_menu</left>
                    <control type="grouplist">
                        <top>-20</top>
                        <width>80</width>
                        <orientation>vertical</orientation>
                        <itemgap>0</itemgap>
                        <centerleft>-180</centerleft>
                        <include condition="$PARAM[is_addon]">OSD_UpNext_Buttons</include>
                    </control>
                </control>
                <control type="group">
                    <left>upnext_image_w</left>
                    <control type="label">
                        <left>40</left>
                        <aligny>center</aligny>
                        <height>40</height>
                        <label>[COLOR=panel_fg_100]$PARAM[label][/COLOR]$PARAM[secondary_label]</label>
                        <textcolor>$VAR[ColorHighlight]</textcolor>
                        <font>font_midi_bold</font>
                    </control>

                    <control type="group">
                        <left>40</left>
                        <top>40</top>
                        <height>40</height>
                        <control type="grouplist">
                            <orientation>horizontal</orientation>
                            <height>80</height>
                            <centertop>50%</centertop>
                            <itemgap>10</itemgap>
                            <control type="label">
                                <width>auto</width>
                                <textcolor>panel_fg_90</textcolor>
                                <label>$INFO[$PARAM[tvshowtitle]]</label>
                                <visible>!String.IsEmpty($PARAM[tvshowtitle])</visible>
                            </control>
                            <include content="Info_Line_Divider">
                                <visible>!String.IsEmpty($PARAM[tvshowtitle]) + !String.IsEmpty($PARAM[title])</visible>
                            </include>
                            <control type="label">
                                <width>auto</width>
                                <textcolor>panel_fg_90</textcolor>
                                <label>$PARAM[seasonepisode_label]$INFO[$PARAM[title]]</label>
                                <visible>!String.IsEmpty($PARAM[title])</visible>
                            </control>
                        </control>
                    </control>

                    <control type="group">
                        <left>40</left>
                        <top>80</top>
                        <height>40</height>
                        <itemgap>10</itemgap>
                        <control type="grouplist">
                            <orientation>horizontal</orientation>
                            <height>80</height>
                            <centertop>50%</centertop>
                            <itemgap>10</itemgap>
                            <control type="label">
                                <width>auto</width>
                                <textcolor>panel_fg_90</textcolor>
                                <label>$INFO[$PARAM[year]]</label>
                                <visible>!String.IsEmpty($PARAM[year])</visible>
                            </control>
                            <include content="Info_Line_Divider">
                                <visible>!String.IsEmpty($PARAM[year]) + !String.IsEmpty($PARAM[rating])</visible>
                            </include>
                            <control type="label">
                                <width>auto</width>
                                <textcolor>panel_fg_90</textcolor>
                                <label>$INFO[$PARAM[rating]]</label>
                                <visible>!String.IsEmpty($PARAM[rating])</visible>
                            </control>
                        </control>
                    </control>
                </control>
            </control>
            <include content="Object_Hidden_Button" condition="$PARAM[is_addon]">
                <param name="id">3013</param>
            </include>
        </definition>
    </include>
    
    <include name="OSD_Info_Dimensions">
        <height>400</height>
        <bottom>view_pad</bottom>
    </include>

    <include name="OSD_List_Dimensions">
        <height>400</height>
        <top>-94</top>
    </include>

    <include name="OSD_CastInfo_HintText">
        <param name="visible">true</param>
        <param name="colordiffuse">main_fg_30</param>
        <param name="centerbottom">25</param>
        <param name="left">view_side</param>
        <param name="fade_in">true</param>
        <param name="fade_out">true</param>
        <param name="arrow_direction">down</param>
        <definition>
            <control type="group">
                <visible>$PARAM[visible]</visible>
                <include content="Animation_Fade_In" condition="$PARAM[fade_in]">
                    <param name="type">Visible</param>
                </include>
                <include content="Animation_Fade_Out" condition="$PARAM[fade_out]">
                    <param name="type">Hidden</param>
                </include>
                <left>$PARAM[left]</left>
                <centerbottom>$PARAM[centerbottom]</centerbottom>
                <height>40</height>
                <control type="image">
                    <centerleft>10</centerleft>
                    <width>40</width>
                    <height>40</height>
                    <centertop>50%</centertop>
                    <texture colordiffuse="$PARAM[colordiffuse]">special://skin/extras/icons/arrow-$PARAM[arrow_direction].png</texture>
                </control>
                <control type="label">
                    <textcolor>$PARAM[colordiffuse]</textcolor>
                    <left>40</left>
                    <font>font_tiny</font>
                    <align>left</align>
                    <label>$PARAM[label]</label>
                </control>
            </control>
        </definition>
    </include>

    <include name="OSD_PlaySpeed_Label">
        <param name="width">52</param>
        <param name="selected">false</param>
        <param name="textcolor">dialog_bg_70</param>
        <definition>
            <control type="label">
                <font>font_tiny</font>
                <label>$PARAM[label]</label>
                <include content="Object_TextColor" condition="$PARAM[selected]">
                    <param name="textcolor">$VAR[ColorSelected]</param>
                </include>
                <textcolor>$PARAM[textcolor]</textcolor>
                <width>$PARAM[width]</width>
                <align>center</align>
            </control>
        </definition>
    </include>

    <include name="OSD_Codecs_FPS">
        <control type="group">
            <width>50</width>
            <height>48</height>
            <centertop>50%</centertop>
            <visible>!String.IsEmpty(Player.Process(VideoFPS)) + Integer.IsGreater(Player.Process(VideoFPS),0)</visible>
            <control type="image">
                <width>64</width>
                <centerleft>50%</centerleft>
                <texture colordiffuse="$PARAM[topcolor]">flags/$PARAM[directory]/other/fps.png</texture>
                <aspectratio align="center">keep</aspectratio>
            </control>
            <control type="label">
                <height>24</height>
                <bottom>3</bottom>
                <width>64</width>
                <centerleft>50%</centerleft>
                <textcolor>$PARAM[bottomcolor]</textcolor>
                <font>font_hint</font>
                <label>$INFO[Player.Process(VideoFPS)]</label>
                <align>center</align>
                <aligny>center</aligny>
            </control>
        </control>
    </include>
    
    <include name="OSD_Stream_Selector_Layout">
        <param name="selected">false</param>
        <param name="color_fg">dialog_fg_90</param>
        <param name="enabled">true</param>
        <definition>
            <control type="group">
                <left>20</left>
                <right>20</right>            
                <include content="Object_Control" condition="$PARAM[selected]">
                    <param name="control">image</param>
                    <include>Texture_Menu_Highlight_H</include>
                </include>
                <control type="group">
                    <left>40</left>
                    <right>20</right>
                    <control type="label">
                        <textcolor>$PARAM[color_fg]</textcolor>
                        <label>$VAR[Label_StreamLanguage,[UPPERCASE],[/UPPERCASE]]$INFO[ListItem.Label2, | ,]</label>
                        <width>$PARAM[label_width]</width>
                    </control>
                    <control type="label">
                        <right>240</right>
                        <align>right</align>
                        <label>$VAR[Label_PlayerStream_IsForced,  ,]$VAR[Label_PlayerStream_IsDefault,  ,]$VAR[Label_PlayerStream_IsOriginal,  ,]$INFO[ListItem.Property(codec),  ,]$INFO[ListItem.Property(channels),  , $LOCALIZE[10127]]$INFO[ListItem.Property(bitrate),  , bps]</label>
                        <bottom>2</bottom>
                        <font>font_tiny_bold</font>
                        <textcolor>$PARAM[color_fg]</textcolor>
                    </control>

                    <control type="image">
                        <right>120</right>
                        <top>-1</top>
                        <bottom>1</bottom>
                        <width>80</width>
                        <bordersize>22</bordersize>
                        <aspectratio align="right">keep</aspectratio>
                        <texture colordiffuse="$PARAM[color_fg]">flags/cc.png</texture>
                        <animation effect="fade" end="33" condition="String.IsEmpty(ListItem.Property(isimpaired))">Conditional</animation>
                    </control>

                    <control type="image">
                        <right>60</right>
                        <width>80</width>
                        <bordersize>28</bordersize>
                        <aspectratio align="right">keep</aspectratio>
                        <texture colordiffuse="$PARAM[color_fg]">$VAR[Image_IsCurrentStream]</texture>
                        <visible>$PARAM[enabled]</visible>
                    </control>
                    <control type="image">
                        <right>60</right>
                        <width>80</width>
                        <bordersize>28</bordersize>
                        <aspectratio align="right">keep</aspectratio>
                        <texture colordiffuse="$PARAM[color_fg]">buttons/check-off.png</texture>
                        <visible>!$PARAM[enabled]</visible>
                    </control>

                    <control type="image">
                        <right>0</right>
                        <width>80</width>
                        <bordersize>18</bordersize>
                        <aspectratio align="right">keep</aspectratio>
                        <texture>$INFO[ListItem.Property(language),flags/color/language/,.png]</texture>
                    </control>
                </control>
            </control>
        </definition>
    </include>
    
    <include name="OSD_Dialog_Background_Blur">
        <include content="Dialog_Background_Blur">
            <param name="diffuse">$PARAM[diffuse]</param>
            <param name="transparency">true</param>
        </include>
    </include>

    <include name="OSD_Stream_Selector_Divider">
        <control type="image">
            <texture border="20" colordiffuse="dialog_fg_12">common/dialog.png</texture>
        </control>
        <control type="image">
            <left>40</left>
            <right>40</right>
            <height>1</height>
            <centerbottom>40</centerbottom>
            <texture colordiffuse="dialog_fg_12">common/white.png</texture>
        </control>
    </include>
    
    <include name="OSD_Stream_Selector_BackgroundResizer">
        <param name="diffuse_w">640</param>
        <definition>
            <control type="group">
                <include content="OSD_Dialog_Background_Blur">
                    <param name="diffuse">diffuse/dialog_w$PARAM[diffuse_w]_h760.png</param>
                </include>
                <include>OSD_Stream_Selector_Divider</include>
                <height>760</height>
                <visible>Integer.IsGreater(Container($PARAM[id]).NumItems,6)</visible>
            </control>
            <control type="group">
                <include content="OSD_Dialog_Background_Blur">
                    <param name="diffuse">diffuse/dialog_w$PARAM[diffuse_w]_h680.png</param>
                </include>
                <include>OSD_Stream_Selector_Divider</include>
                <height>680</height>
                <visible>Integer.IsEqual(Container($PARAM[id]).NumItems,6)</visible>
            </control>
            <control type="group">
                <include content="OSD_Dialog_Background_Blur">
                    <param name="diffuse">diffuse/dialog_w$PARAM[diffuse_w]_h600.png</param>
                </include>
                <include>OSD_Stream_Selector_Divider</include>
                <height>600</height>
                <visible>Integer.IsEqual(Container($PARAM[id]).NumItems,5)</visible>
            </control>
            <control type="group">
                <include content="OSD_Dialog_Background_Blur">
                    <param name="diffuse">diffuse/dialog_w$PARAM[diffuse_w]_h520.png</param>
                </include>
                <include>OSD_Stream_Selector_Divider</include>
                <height>520</height>
                <visible>Integer.IsEqual(Container($PARAM[id]).NumItems,4)</visible>
            </control>
            <control type="group">
                <include content="OSD_Dialog_Background_Blur">
                    <param name="diffuse">diffuse/dialog_w$PARAM[diffuse_w]_h440.png</param>
                </include>
                <include>OSD_Stream_Selector_Divider</include>
                <height>440</height>
                <visible>Integer.IsEqual(Container($PARAM[id]).NumItems,3)</visible>
            </control>
            <control type="group">
                <include content="OSD_Dialog_Background_Blur">
                    <param name="diffuse">diffuse/dialog_w$PARAM[diffuse_w]_h360.png</param>
                </include>
                <include>OSD_Stream_Selector_Divider</include>
                <height>360</height>
                <visible>Integer.IsEqual(Container($PARAM[id]).NumItems,2)</visible>
            </control>
            <control type="group">
                <include content="OSD_Dialog_Background_Blur">
                    <param name="diffuse">diffuse/dialog_w$PARAM[diffuse_w]_h280.png</param>
                </include>
                <include>OSD_Stream_Selector_Divider</include>
                <height>280</height>
                <visible>Integer.IsLess(Container($PARAM[id]).NumItems,2)</visible>
            </control>
        </definition>
    </include>
    
    <include name="OSD_VideoBackground_Dialog">
        <control type="group">
            <control type="image">
                <texture colordiffuse="black">common/white.png</texture>
            </control>

            <control type="videowindow">
                <height>100%</height>
                <width>100%</width>
            </control>

            <control type="image">
                <texture colordiffuse="7f000000">common/white.png</texture>
            </control>

            <control type="image">
                <texture colordiffuse="panel_bg_70">background/combined_flixart.png</texture>
            </control>
        </control>
    </include>

    <include name="OSD_Stream_Selector">
        <param name="width">960</param>
        <param name="enabled">true</param>
        <param name="toggle">false</param>
        <param name="label_width">auto</param>
        <definition>
            <control type="group">
                <visible>!Window.IsVisible(DialogSettings.xml)</visible>
                <include>Animation_SlideIn_Dialog</include>
                <animation effect="fade" start="100" end="0" condition="Integer.IsEqual(Container($PARAM[id]).NumItems,0)">Conditional</animation>
                <right>-40</right>
                <width>$PARAM[width]</width>
                <bottom>220</bottom>
                <height>760</height>
                <control type="group">
                    <animation effect="slide" start="0" end="0,80" condition="Integer.IsEqual(Container($PARAM[id]).NumItems,6)">Conditional</animation>
                    <animation effect="slide" start="0" end="0,160" condition="Integer.IsEqual(Container($PARAM[id]).NumItems,5)">Conditional</animation>
                    <animation effect="slide" start="0" end="0,240" condition="Integer.IsEqual(Container($PARAM[id]).NumItems,4)">Conditional</animation>
                    <animation effect="slide" start="0" end="0,320" condition="Integer.IsEqual(Container($PARAM[id]).NumItems,3)">Conditional</animation>
                    <animation effect="slide" start="0" end="0,400" condition="Integer.IsEqual(Container($PARAM[id]).NumItems,2)">Conditional</animation>
                    <animation effect="slide" start="0" end="0,480" condition="Integer.IsLess(Container($PARAM[id]).NumItems,2)">Conditional</animation>
                    <include content="OSD_Stream_Selector_BackgroundResizer">
                        <param name="id">$PARAM[id]</param>
                        <param name="diffuse_w">$PARAM[width]</param>
                    </include>
                    <include content="Object_MenuHeader">
                        <param name="label">$PARAM[header]</param>
                        <param name="icon">$PARAM[icon]</param>
                    </include>
                    <control type="panel" id="$PARAM[id]">
                        <top>140</top>
                        <bottom>40</bottom>
                        <ondown>$PARAM[buttonid]</ondown>
                        <onleft>$PARAM[buttonid]</onleft>
                        <onright>$PARAM[scrollbarid]</onright>
                        <onup>noop</onup>
                        <pagecontrol>$PARAM[scrollbarid]</pagecontrol>
                        <orientation>vertical</orientation>
                        <itemlayout height="80">
                            <include content="OSD_Stream_Selector_Layout">
                                <param name="enabled">$PARAM[enabled]</param>
                                <param name="label_width">$PARAM[label_width]</param>
                            </include>
                        </itemlayout>
                        <focusedlayout height="80">
                            <include content="OSD_Stream_Selector_Layout">
                                <param name="selected">true</param>
                                <param name="color_fg">$VAR[ColorSelected]</param>
                                <param name="enabled">$PARAM[enabled]</param>
                                <param name="label_width">$PARAM[label_width]</param>
                            </include>
                        </focusedlayout>
                        <content>plugin://script.skinvariables?info=get_player_streams&amp;stream_type=$PARAM[stream_type]&amp;reload=$INFO[Window.Property(UID)]</content>
                        <onclick condition="$PARAM[toggle] + !String.IsEmpty(ListItem.Property(iscurrent))">Action(ShowSubtitles)</onclick>
                        <onclick condition="![$PARAM[toggle] + !String.IsEmpty(ListItem.Property(iscurrent))]">Runscript(script.skinvariables,$PARAM[method]=$INFO[ListItem.Property(index)],reload_property=UID)</onclick>

                    </control>
                </control>
                
                <include content="Dialog_Scrollbar">
                    <param name="id">$PARAM[scrollbarid]</param>
                    <top>120</top>
                    <bottom>40</bottom>
                    <onleft>$PARAM[id]</onleft>
                    <onright>$PARAM[buttonid]</onright>
                </include>
                
            </control>
        </definition>
    </include>

    <include name="OSD_Button_Icon_Overlay">
        <param name="size">80</param>
        <param name="bordersize">12</param>
        <param name="itemgap">40</param>
        <param name="visible">true</param>
        <param name="flipx">false</param>
        <param name="icon_colordiffuse">panel_fg_70</param>
        <param name="vertical">false</param>
        <param name="grouplist">true</param>
        <param name="center">false</param>
        <param name="iconoffset_condition">false</param>
        <definition>

            <control type="group" id="$PARAM[groupid]">
                <include content="Object_CenterTop" condition="![$PARAM[vertical]] + $PARAM[center]">
                    <param name="centertop">50%</param>
                </include>
                <include content="Object_Height" condition="![$PARAM[vertical]] + $PARAM[center]">
                    <param name="height">$PARAM[size]</param>
                </include>
                <include content="Object_CenterLeft" condition="[$PARAM[vertical]] + $PARAM[center]">
                    <param name="centerleft">50%</param>
                </include>
                <include content="Object_Width" condition="[$PARAM[vertical]] + $PARAM[center]">
                    <param name="width">$PARAM[size]</param>
                </include>
                <animation effect="fade" start="100" end="30" condition="!Control.IsEnabled($PARAM[id])" reversible="false">Conditional</animation>
                <include content="Object_Left" condition="!$PARAM[vertical] + $PARAM[grouplist]">
                    <param name="left">-$PARAM[itemgap]</param>
                </include>
                <include content="Object_Width" condition="!$PARAM[vertical] + $PARAM[grouplist]">
                    <param name="width">0</param>
                </include>
                <include content="Object_Top" condition="$PARAM[vertical] + $PARAM[grouplist]">
                    <param name="top">-$PARAM[itemgap]</param>
                </include>
                <include content="Object_Height" condition="$PARAM[vertical] + $PARAM[grouplist]">
                    <param name="height">0</param>
                </include>
                <control type="group">
                    <animation effect="slide" start="0" end="0,-10" condition="$PARAM[iconoffset_condition]">Conditional</animation>
                    <include content="Object_Left" condition="!$PARAM[vertical] + $PARAM[grouplist]">
                        <param name="left">-$PARAM[size]</param>
                    </include>
                    <include content="Object_Top" condition="$PARAM[vertical] + $PARAM[grouplist]">
                        <param name="top">-$PARAM[size]</param>
                    </include>
                    <visible>$PARAM[visible]</visible>
                    <control type="image">
                        <bordersize>$PARAM[bordersize]</bordersize>
                        <height>$PARAM[size]</height>
                        <width>$PARAM[size]</width>
                        <texture colordiffuse="$PARAM[icon_colordiffuse]" flipx="$PARAM[flipx]">$PARAM[icon]</texture>
                        <visible>!Control.HasFocus($PARAM[id])</visible>
                    </control>
                    <control type="image">
                        <bordersize>$PARAM[bordersize]</bordersize>
                        <height>$PARAM[size]</height>
                        <width>$PARAM[size]</width>
                        <texture colordiffuse="$VAR[ColorSelected]" flipx="$PARAM[flipx]">$PARAM[icon]</texture>
                        <visible>Control.HasFocus($PARAM[id])</visible>
                    </control>
                </control>
            </control>
        </definition>
    </include>

    <include name="OSD_Progress_Details_Animation">
        <param name="condition">$EXP[Exp_OSD_FullInfoPanel]</param>
        <definition>
            <animation effect="slide" start="0,40" end="0,$PARAM[posy]" time="300" tween="sine" easing="out" reversible="false" condition="$PARAM[condition]">Conditional</animation>
            <animation effect="slide" end="0,40" start="0,$PARAM[posy]" time="400" tween="sine" easing="inout" reversible="false" condition="!$PARAM[condition]">Conditional</animation>
        </definition>
    </include>

    <include name="OSD_Info_Line">
        <definition>
            <param name="osd_infoline_visible">true</param>
            <param name="colordiffuse">panel_fg</param>
            <control type="grouplist">
                <hitrect x="0" y="0" w="0" h="0" />
                <height>80</height>
                <orientation>horizontal</orientation>
                <itemgap>10</itemgap>
                <visible>$PARAM[osd_infoline_visible]</visible>
                
               <include content="Info_Line_VideoQuality">
                    <param name="colordiffuse">$PARAM[colordiffuse]_90</param>
                    <param name="listitem_videoresolution">VideoPlayer.VideoResolution</param>
                    <param name="listitem_audiochannels">VideoPlayer.AudioChannels</param>
                    <param name="listitem_audiocodec">VideoPlayer.AudioCodec</param>
                    <param name="listitem_hdrtype">VideoPlayer.HdrType</param>
                    <param name="visible">$PARAM[visible]</param>
                </include>
                    
                <control type="grouplist">
                    <hitrect x="0" y="0" w="0" h="0" />
                    <orientation>horizontal</orientation>
                    <height>80</height>
                    <itemgap>10</itemgap>

                    <!-- PVR Channel Name -->
                    <include content="Info_Line_Item">
                        <param name="label">$INFO[VideoPlayer.ChannelName]</param>
                        <param name="visible">!String.IsEmpty(VideoPlayer.ChannelName)</param>
                        <param name="textcolor">$PARAM[colordiffuse]_70</param>
                    </include>       

                    <!-- Year / Premiered -->
                    <include content="Info_Line_Item">
                        <param name="label">$INFO[VideoPlayer.Year]</param>
                        <param name="visible">!String.IsEmpty(VideoPlayer.Year) + String.IsEmpty(VideoPlayer.Premiered)</param>
                        <param name="textcolor">$$PARAM[colordiffuse]_70</param>
                    </include>
                    <include content="Info_Line_Item">
                        <param name="label">$INFO[VideoPlayer.Premiered]</param>
                        <param name="visible">!String.IsEmpty(VideoPlayer.Premiered)</param>
                        <param name="textcolor">$$PARAM[colordiffuse]_70</param>
                    </include>
                    
                     <!-- Episode Number -->
                    <include content="Info_Line_Item">
                        <param name="label">$VAR[Label_OSD_Infoline_Plot_Episode_Number]</param>
                        <param name="visible">Skin.HasSetting(Infoline.SETags) + !String.IsEmpty(VideoPlayer.Episode)</param>
                        <param name="textcolor">$$PARAM[colordiffuse]_70</param>
                    </include>$$PARAM[colordiffuse]_70

                    <!-- MPAA -->
                    <include content="Info_Line_Item">
                        <param name="label">$INFO[VideoPlayer.MPAA]</param>
                        <param name="visible">!String.IsEmpty(VideoPlayer.MPAA)</param>
                        <param name="textcolor">$$PARAM[colordiffuse]_70</param>
                    </include>

                    <!-- Genres -->
                    <include content="Info_Line_Item">
                        <param name="label">$INFO[Window(Home).Property(TMDbHelper.Player.Genre.1.Name)]</param>
                        <param name="visible">String.IsEmpty(VideoPlayer.Property(Genre.1.Name)) + !String.IsEmpty(Window(Home).Property(TMDbHelper.Player.Genre.1.Name))</param>
                        <param name="textcolor">$$PARAM[colordiffuse]_70</param>
                    </include>

                    <!-- Ends -->
                    <include content="Info_Line_Item">
                        <param name="label">$INFO[Player.FinishTime,$LOCALIZE[31184] ,]</param>
                        <param name="visible">!String.IsEmpty(Player.FinishTime) + !VideoPlayer.Content(livetv)</param>
                        <param name="textcolor">$$PARAM[colordiffuse]_70</param>
                    </include>
                    
                    <!-- Start Time - End Time (Live TV)-->
                    <include content="Info_Line_Item">
                        <param name="label">$INFO[VideoPlayer.StartTime]$INFO[VideoPlayer.EndTime,  -  ,]</param>
                        <param name="visible">VideoPlayer.Content(livetv)</param>
                        <param name="textcolor">$$PARAM[colordiffuse]_70</param>
                    </include> 
                </control>
            </control>
        </definition>
    </include>

    <include name="OSD_Progress_Details">
        <param name="visible">Window.IsActive(musicosd) | Window.IsActive(script-cu-lrclyrics-main.xml) | Window.IsActive(DialogFullScreenInfo.xml) | $EXP[Exp_OSD_FullInfoPanel] | Skin.HasSetting(OSD.DisplayTitleDetailsOnSeek)</param>
        <param name="plot_visible">$EXP[Exp_OSD_FullInfoPanel]</param>
        <definition>
            <control type="grouplist">
                <visible>$PARAM[visible]</visible>
                <animation effect="fade" start="0" end="100" time="300" delay="200" condition="Window.IsVisible(DialogSeekBar.xml)">Visible</animation>
                <animation effect="fade" start="0" end="100" time="300" delay="0" condition="!Window.IsVisible(DialogSeekBar.xml)">Visible</animation>
                <animation effect="fade" end="0" start="100" time="300">Hidden</animation>
                <align>bottom</align>
                <left>view_side</left>
                <width>info_panel_w</width>
                <include content="Object_Bottom" condition="Skin.HasSetting(Info.DisableDetailsLine)">
                    <param name="bottom">85</param>
                </include>
                <bottom>125</bottom>
                <orientation>vertical</orientation>

                <include content="OSD_Progress_Details_Animation" condition="!Skin.HasSetting(Info.DisableDetailsLine)">
                    <param name="posy">-90</param>
                    <param name="condition">$PARAM[condition]</param>
                </include>
                <include content="OSD_Progress_Details_Animation" condition="Skin.HasSetting(Info.DisableDetailsLine)">
                    <param name="posy">-130</param>
                    <param name="condition">$PARAM[condition]</param>
                </include>

                <include content="Info_Title">
                    <param name="colordiffuse">panel_fg</param>
                    <param name="label">$VAR[Label_OSD_Title]</param>
                    <param name="mainlogo_visible">!String.IsEmpty(Window(Home).Property(TMDBHelper.Player.CropImage))</param>
                    <param name="mainlogo_texture">$INFO[Window(Home).Property(TMDbHelper.Player.CropImage)]</param>
                    <param name="titlelargelogo">false</param>
                </include>
                
                <control type="group" description="Avoid grouplist chop with spacer">
                    <height>20</height>
                </control>

                <control type="group">
                    <height>50</height>
                    <include condition="!Skin.HasSetting(Info.DisableDetailsLine)">OSD_Info_Line</include>
                </control>
                <include content="Info_Panel_Textbox">
                    <param name="plotlabel">$VAR[Label_Player_Plot]</param>
                    <param name="plotwidth">1080</param>
                    <param name="plotautoheight">false</param>
                    <param name="plotheight">info_plot_h</param>
                    <param name="visible">$PARAM[plot_visible]</param>
                    <param name="colordiffuse">panel_fg</param>
                    <animation effect="fade" start="0" end="100" time="200" delay="150">Visible</animation>
                    <animation effect="fade" start="100" end="0" time="150" delay="0">Hidden</animation>
                </include>
                <include content="Info_Ratings" condition="!Skin.HasSetting(Info.DisableAllRatings)">
                    <param name="is_player">true</param>
                    <top>2</top>
                    <left>0</left>
                    <visible>!VideoPlayer.Content(livetv)</visible>
                    <visible>$PARAM[plot_visible]</visible>
                    <animation effect="fade" start="0" end="100" time="200" delay="150">Visible</animation>
                    <animation effect="fade" start="100" end="0" time="150">Hidden</animation>
                </include>
            </control>
        </definition>    
    </include>

    <include name="OSD_Progress_Labels">
        <control type="label">
            <height>12</height>
            <left>view_pad</left>
            <right>view_pad</right>
            <centerbottom>182</centerbottom>
            <align>right</align>
            <aligny>center</aligny>
            <label>$VAR[Label_OSD_Time][COLOR=$VAR[ColorHighlight]]  |  [/COLOR]$VAR[Label_OSD_Duration]</label>
            <textcolor>panel_fg_100</textcolor>
            <font>font_main</font>
        </control>
    </include>

    <include name="OSD_Progress_BarControls">

        <!-- Cache Line -->
        <control type="group">
            <height>12</height>
            <control type="image">
                <texture colordiffuse="main_back">common/white.png</texture>
                <height>1</height>
                <centertop>50%</centertop>
            </control>
            <control type="progress" description="cache">
                <width>100%</width>
                <height>8</height>
                <centertop>50%</centertop>
                <info>Player.ProgressCache</info>
                <texturebg colordiffuse="00ffffff" border="12,0,12,0">progress/progress-nib.png</texturebg>
                <midtexture colordiffuse="main_back" border="12,0,12,0">progress/progress-nib.png</midtexture>
                <visible>Player.Playing | Player.Paused | Player.Caching</visible>
                <visible>!Player.Seeking</visible>
                <visible>Player.HasMedia</visible>
            </control>
        </control>

        <!-- Progress Bar Media -->
        <control type="progress" id="499">
            <width>100%</width>
            <height>12</height>
            <info>Player.Progress</info>
            <visible>Player.HasMedia + !Pvr.IsPlayingTv</visible>
            <texturebg colordiffuse="00ffffff" border="12,0,12,0">progress/progress-nib.png</texturebg>
        </control>
        <control type="progress">
            <description>Progressbar</description>
            <width>100%</width>
            <height>12</height>
            <info>Player.Progress</info>
            <texturebg colordiffuse="00ffffff" border="12,0,12,0">progress/progress-bg.png</texturebg>
            <midtexture colordiffuse="$VAR[ColorGradient]" border="12,0,12,0" diffuse="progress/diffuse.png">progress/progress-bg.png</midtexture>
            <include content="Defs_Progress_Colorfade">
                <param name="id">499</param>
            </include>
            <visible>Player.HasMedia + !Pvr.IsPlayingTv</visible>
        </control>

        <!-- Progress Bar LiveTV -->
        <control type="progress" id="498">
            <width>100%</width>
            <height>12</height>
            <info>PVR.EpgEventProgress</info>
            <visible>Pvr.IsPlayingTv</visible>
            <texturebg colordiffuse="00ffffff" border="12,0,12,0">progress/progress-nib.png</texturebg>
        </control>
        <control type="progress">
            <description>Progressbar</description>
            <width>100%</width>
            <height>12</height>
            <info>PVR.EpgEventProgress</info>
            <texturebg colordiffuse="00ffffff" border="12,0,12,0">progress/progress-bg.png</texturebg>
            <midtexture colordiffuse="$VAR[ColorGradient]" border="12,0,12,0" diffuse="progress/diffuse.png">progress/progress-bg.png</midtexture>
            <include content="Defs_Progress_Colorfade">
                <param name="id">498</param>
            </include>
            <visible>Pvr.IsPlayingTv</visible>
        </control>

        <!-- CutList and Chapters Range -->
        <control type="ranges">
            <width>100%</width>
            <height>12</height>
            <texturebg colordiffuse="00ffffff">progress/marker-bg.png</texturebg>
            <righttexture colordiffuse="panel_fg_50">progress/marker.png</righttexture>
            <info>Player.CutList</info>
        </control>
        <control type="ranges">
            <width>100%</width>
            <height>12</height>
            <texturebg colordiffuse="00ffffff">progress/marker-bg.png</texturebg>
            <righttexture colordiffuse="panel_fg_50">progress/marker.png</righttexture>
            <info>Player.Chapters</info>
        </control>

        <!-- Seek Nib -->
        <control type="progress" id="401">
            <visible>Player.HasMedia</visible>
            <animation effect="fade" start="100" end="0" condition="!Player.Seeking" reversible="false" delay="300" time="0">Conditional</animation>
            <animation effect="fade" start="0" end="100" condition="Player.Seeking" reversible="false" time="0">Conditional</animation>
            <left>-56</left>
            <right>-56</right>
            <height>112</height>
            <centertop>50%</centertop>
            <texturebg colordiffuse="00ffffff">progress/slider_bg.png</texturebg>
            <righttexture colordiffuse="panel_fg_100">progress/slider_nib.png</righttexture>
            <lefttexture />
            <midtexture />
            <visible>Player.SeekEnabled + !Pvr.IsPlayingTv + !Player.ChannelPreviewActive</visible>
        </control>
        <control type="progress" id="402">
            <visible>Player.HasMedia</visible>
            <animation effect="fade" start="100" end="0" condition="!Player.Seeking" reversible="false" delay="300" time="0">Conditional</animation>
            <animation effect="fade" start="0" end="100" condition="Player.Seeking" reversible="false" time="0">Conditional</animation>
            <width>100%</width>
            <left>-56</left>
            <right>-56</right>
            <height>112</height>
            <centertop>50%</centertop>
            <info>Player.Progress</info>
            <texturebg colordiffuse="00ffffff">progress/slider_bg.png</texturebg>
            <righttexture colordiffuse="panel_fg_100">progress/slider_nib.png</righttexture>
            <lefttexture />
            <midtexture />
            <visible>Player.SeekEnabled + Pvr.IsPlayingTv + !Player.ChannelPreviewActive</visible>
        </control>

    </include>

    <include name="OSD_Progress_Bar">
        <control type="group">
            <left>view_side</left>
            <right>view_osd</right>
            <bottom>120</bottom>
            <height>80</height>
            <control type="group">
                <centerbottom>60</centerbottom>
                <height>12</height>
                <include>OSD_Progress_BarControls</include>
            </control>
        </control>
    </include>

    <include name="OSD_Codecs">
        <param name="anchor">true</param>
        <param name="include_fps">true</param>
        <param name="color">panel_fg</param>
        <definition>
            <control type="grouplist">
                <centertop>50%</centertop>
                <orientation>horizontal</orientation>
                <align>left</align>
                <itemgap>30</itemgap>
                <height>80</height>
                <usecontrolcoords>true</usecontrolcoords>
                <left>-80</left>
                <control type="group">
                    <width>50</width>
                </control>
                <include content="OSD_Codecs_Icon" condition="[Skin.String(Furniture.CodecStyle,Colour) | Skin.String(Furniture.CodecStyle,Monochrome)]">
                    <param name="include_fps">$PARAM[include_fps]</param>
                    <param name="color">$PARAM[color]</param>
                    <param name="anchor">$PARAM[anchor]</param>
                </include>
                <include content="Info_Codecs_Text" condition="![Skin.String(Furniture.CodecStyle,Colour) | Skin.String(Furniture.CodecStyle,Monochrome)] + !Skin.String(Furniture.CodecStyle,Basic)">
                    <param name="listitem">VideoPlayer</param>
                    <param name="visible">true</param>
                    <param name="top_textcolor">$PARAM[color]_90</param>
                    <param name="sub_textcolor">$PARAM[color]_70</param>
                    <param name="anchor">$PARAM[anchor]</param>
                </include>
                <include content="Info_Codecs_Base" condition="Skin.String(Furniture.CodecStyle,Basic)">
                    <param name="listitem">VideoPlayer</param>
                    <param name="visible">true</param>
                    <param name="top_textcolor">$PARAM[color]_90</param>
                    <param name="sub_textcolor">$PARAM[color]_70</param>
                    <param name="anchor">$PARAM[anchor]</param>
                </include>
            </control>
        </definition>
    </include>


    <include name="OSD_Codecs_Icon">
        <param name="anchor">true</param>
        <param name="color">panel_fg</param>
        <param name="include_fps">true</param>
        <definition>

            <control type="group">
                <width>50</width>
                <include>Info_KodiLogo_Image</include>
                <visible>$PARAM[anchor]</visible>
            </control>

            <include content="Info_Codecs_StackedText">
                <param name="topcolor">$VAR[Info_Codecs_Resolution_Color_$PARAM[color]_90]</param>
                <param name="bottomcolor">$PARAM[color]_70</param>
                <param name="toplabel">$VAR[Label_OSD_VideoQuality]</param>
                <param name="bottomlabel">$VAR[Label_OSD_VideoResolution]</param>
                <param name="visible">!String.IsEmpty(VideoPlayer.VideoResolution)</param>
                <param name="width">46</param>
                <param name="left">-4</param>
            </include>

            <!-- Codec / Aspect -->
            <include content="Info_Codecs_StackedText">
                <param name="topcolor">$VAR[Info_Codecs_AspectRatio_Color_$PARAM[color]_90]</param>
                <param name="bottomcolor">$PARAM[color]_70</param>
                <param name="bottomlabel">[UPPERCASE]$INFO[VideoPlayer.VideoCodec][/UPPERCASE]</param>
                <param name="toplabel">$INFO[VideoPlayer.VideoAspect]</param>
                <param name="visible">!String.IsEmpty(VideoPlayer.VideoCodec) + !String.IsEmpty(VideoPlayer.VideoAspect)</param>
                <param name="left">-10</param>
            </include>

            <!-- FPS -->
            <include content="OSD_Codecs_FPS" condition="$PARAM[include_fps]">
                <param name="topcolor">$PARAM[color]_100</param>
                <param name="bottomcolor">$PARAM[color]_70</param>
                <param name="directory">$VAR[Info_Codecs_FlagType_Path]</param>
            </include>

            <!-- 3d Stereoscopic -->
            <include content="Info_Codecs_MonoIcon">
                <param name="icon">other/3D.png</param>
                <param name="colordiffuse">$PARAM[color]_90</param>
                <param name="width">48</param>
                <param name="iconwidth">64</param>
                <param name="iconheight">56</param>
                <param name="left">-10</param>
                <param name="visible">VideoPlayer.IsStereoscopic</param>
            </include>

            <!-- Audio Channels -->
            <include content="Info_Codec_AudioChannels">
                <param name="type">VideoPlayer</param>
                <param name="channelscolor">$PARAM[color]_90</param>
                <param name="iconcolor">$PARAM[color]_90</param>
                <param name="imagecolor">$VAR[Info_Codecs_AudioChannels_Color_$PARAM[color]_90]</param>
                <param name="left">-10</param>
            </include>

            <!-- AudioCodec -->
            <include content="Info_Codecs_MonoIcon">
                <param name="icon">$VAR[Image_OSD_AudioCodec]</param>
                <param name="colordiffuse">$PARAM[color]_90</param>
                <param name="width">80</param>
                <param name="iconwidth">94</param>
                <param name="iconheight">48</param>
                <param name="left">-10</param>
                <param name="visible">!String.IsEmpty(VideoPlayer.AudioCodec)</param>
            </include>

            <!-- HDRType -->
            <include content="Info_Codecs_MonoIcon" condition="$PARAM[anchor]">
                <param name="icon">$INFO[VideoPlayer.HdrType,hdr/,.png]</param>
                <param name="colordiffuse">$PARAM[color]_90</param>
                <param name="width">80</param>
                <param name="iconwidth">64</param>
                <param name="iconheight">64</param>
                <param name="left">-10</param>
                <param name="visible">!String.IsEmpty(VideoPlayer.HdrType)</param>
            </include>

            <!-- Other -->
            <include content="Info_Codecs_MonoIcon" condition="$PARAM[anchor]">
                <param name="icon">$INFO[VideoPlayer.VideoVersionName,version/,.png]</param>
                <param name="colordiffuse">$PARAM[color]_90</param>
                <param name="width">80</param>
                <param name="iconwidth">48</param>
                <param name="iconheight">48</param>
                <param name="left">-22</param>
                <param name="visible">!String.IsEmpty(VideoPlayer.VideoVersionName)</param>
            </include>
        </definition>
    </include>

    <include name="OSD_TempoControl_FFRW_Steps">
        <control type="grouplist">
            <left>-9</left>
            <right>-9</right>
            <height>70</height>
            <bottom>0</bottom>
            <orientation>horizontal</orientation>
            <include content="OSD_PlaySpeed_Label">
                <param name="width">38</param>
                <param name="label">$NUMBER[32]</param>
                <param name="textcolor">$PARAM[textcolor]</param>
                <param name="selected">$PARAM[selected]</param>
            </include>
            <include content="OSD_PlaySpeed_Label">
                <param name="width">38</param>
                <param name="label">$NUMBER[16]</param>
                <param name="textcolor">$PARAM[textcolor]</param>
                <param name="selected">$PARAM[selected]</param>
            </include>
            <include content="OSD_PlaySpeed_Label">
                <param name="width">38</param>
                <param name="label">$NUMBER[8]x</param>
                <param name="textcolor">$PARAM[textcolor]</param>
                <param name="selected">$PARAM[selected]</param>
            </include>
            <include content="OSD_PlaySpeed_Label">
                <param name="width">38</param>
                <param name="label">$NUMBER[4]x</param>
                <param name="textcolor">$PARAM[textcolor]</param>
                <param name="selected">$PARAM[selected]</param>
            </include>
            <include content="OSD_PlaySpeed_Label">
                <param name="width">38</param>
                <param name="label">$NUMBER[2]x</param>
                <param name="textcolor">$PARAM[textcolor]</param>
                <param name="selected">$PARAM[selected]</param>
            </include>
            <include content="OSD_PlaySpeed_Label">
                <param name="width">38</param>
                <param name="label">|</param>
                <param name="textcolor">$PARAM[textcolor]</param>
                <param name="selected">$PARAM[selected]</param>
            </include>
            <include content="OSD_PlaySpeed_Label">
                <param name="width">38</param>
                <param name="label">$NUMBER[2]x</param>
                <param name="textcolor">$PARAM[textcolor]</param>
                <param name="selected">$PARAM[selected]</param>
            </include>
            <include content="OSD_PlaySpeed_Label">
                <param name="width">38</param>
                <param name="label">$NUMBER[4]x</param>
                <param name="textcolor">$PARAM[textcolor]</param>
                <param name="selected">$PARAM[selected]</param>
            </include>
            <include content="OSD_PlaySpeed_Label">
                <param name="width">38</param>
                <param name="label">$NUMBER[8]x</param>
                <param name="textcolor">$PARAM[textcolor]</param>
                <param name="selected">$PARAM[selected]</param>
            </include>
            <include content="OSD_PlaySpeed_Label">
                <param name="width">38</param>
                <param name="label">$NUMBER[16]</param>
                <param name="textcolor">$PARAM[textcolor]</param>
                <param name="selected">$PARAM[selected]</param>
            </include>
            <include content="OSD_PlaySpeed_Label">
                <param name="width">38</param>
                <param name="label">$NUMBER[32]</param>
                <param name="textcolor">$PARAM[textcolor]</param>
                <param name="selected">$PARAM[selected]</param>
            </include>
        </control>
    </include>

    <include name="OSD_TempoControl_Steps">
        <control type="grouplist">
            <left>-8</left>
            <right>-8</right>
            <height>70</height>
            <bottom>0</bottom>
            <orientation>horizontal</orientation>
            <include content="OSD_PlaySpeed_Label">
                <param name="label">0.80</param>
                <param name="textcolor">$PARAM[textcolor]</param>
                <param name="selected">$PARAM[selected]</param>
            </include>
            <include content="OSD_PlaySpeed_Label">
                <param name="label">0.90</param>
                <param name="textcolor">$PARAM[textcolor]</param>
                <param name="selected">$PARAM[selected]</param>
            </include>
            <include content="OSD_PlaySpeed_Label">
                <param name="label">1.00</param>
                <param name="textcolor">$PARAM[textcolor]</param>
                <param name="selected">$PARAM[selected]</param>
            </include>
            <include content="OSD_PlaySpeed_Label">
                <param name="label">1.10</param>
                <param name="textcolor">$PARAM[textcolor]</param>
                <param name="selected">$PARAM[selected]</param>
            </include>
            <include content="OSD_PlaySpeed_Label">
                <param name="label">1.20</param>
                <param name="textcolor">$PARAM[textcolor]</param>
                <param name="selected">$PARAM[selected]</param>
            </include>
            <include content="OSD_PlaySpeed_Label">
                <param name="label">1.30</param>
                <param name="textcolor">$PARAM[textcolor]</param>
                <param name="selected">$PARAM[selected]</param>
            </include>
            <include content="OSD_PlaySpeed_Label">
                <param name="label">1.40</param>
                <param name="textcolor">$PARAM[textcolor]</param>
                <param name="selected">$PARAM[selected]</param>
            </include>
            <include content="OSD_PlaySpeed_Label">
                <param name="label">1.50</param>
                <param name="textcolor">$PARAM[textcolor]</param>
                <param name="selected">$PARAM[selected]</param>
            </include>
        </control>
    </include>

    <include name="OSD_TempoControl">
        <param name="headercolor">dialog_fg_90</param>
        <param name="textcolor">dialog_fg_70</param>
        <param name="progresscolor">dialog_fg_12</param>
        <param name="nibcolor">dialog_fg_100</param>
        <param name="selected">false</param>
        <param name="istempo">true</param>
        <definition>
            <control type="label">
                <font>font_tiny_bold</font>
                <label>$LOCALIZE[31071]</label>
                <include content="Object_TextColor" condition="$PARAM[selected]">
                    <param name="textcolor">$VAR[ColorSelected]</param>
                </include>
                <textcolor>$PARAM[headercolor]</textcolor>
                <align>left</align>
                <height>70</height>
                <top>0</top>
            </control>
            <include condition="!$PARAM[istempo]" content="OSD_TempoControl_FFRW_Steps">
                <param name="textcolor">$PARAM[textcolor]</param>
                <param name="selected">$PARAM[selected]</param>
            </include>
            <include condition="$PARAM[istempo]" content="OSD_TempoControl_Steps">
                <param name="textcolor">$PARAM[textcolor]</param>
                <param name="selected">$PARAM[selected]</param>
            </include>
            <control type="image">
                <texture colordiffuse="$PARAM[progresscolor]" border="12,0,12,0">progress/progress-nib.png</texture>
                <centertop>50%</centertop>
                <height>12</height>
            </control>
            <control type="group">
                <left>6</left>
                <centertop>50%</centertop>
                <height>24</height>
                <width>24</width>
                <animation effect="slide" end="52" condition="$PARAM[istempo] + String.IsEqual(Player.PlaySpeed,0.90)">Conditional</animation>
                <animation effect="slide" end="104" condition="$PARAM[istempo] + String.IsEqual(Player.PlaySpeed,1.00) | String.IsEqual(Player.PlaySpeed,0.00)">Conditional</animation>
                <animation effect="slide" end="156" condition="$PARAM[istempo] + String.IsEqual(Player.PlaySpeed,1.10)">Conditional</animation>
                <animation effect="slide" end="208" condition="$PARAM[istempo] + String.IsEqual(Player.PlaySpeed,1.20)">Conditional</animation>
                <animation effect="slide" end="260" condition="$PARAM[istempo] + String.IsEqual(Player.PlaySpeed,1.30)">Conditional</animation>
                <animation effect="slide" end="312" condition="$PARAM[istempo] + String.IsEqual(Player.PlaySpeed,1.40)">Conditional</animation>
                <animation effect="slide" end="364" condition="$PARAM[istempo] + String.IsEqual(Player.PlaySpeed,1.50)">Conditional</animation>

                <animation effect="slide" end="-8" condition="!$PARAM[istempo] + Player.Rewinding32x">Conditional</animation>
                <animation effect="slide" end="30" condition="!$PARAM[istempo] + Player.Rewinding16x">Conditional</animation>
                <animation effect="slide" end="68" condition="!$PARAM[istempo] + Player.Rewinding8x">Conditional</animation>
                <animation effect="slide" end="106" condition="!$PARAM[istempo] + Player.Rewinding4x">Conditional</animation>
                <animation effect="slide" end="144" condition="!$PARAM[istempo] + Player.Rewinding2x">Conditional</animation>
                <animation effect="slide" end="182" condition="!$PARAM[istempo] + !Player.Rewinding + !Player.Forwarding">Conditional</animation>
                <animation effect="slide" end="220" condition="!$PARAM[istempo] + Player.Forwarding2x">Conditional</animation>
                <animation effect="slide" end="258" condition="!$PARAM[istempo] + Player.Forwarding4x">Conditional</animation>
                <animation effect="slide" end="296" condition="!$PARAM[istempo] + Player.Forwarding8x">Conditional</animation>
                <animation effect="slide" end="334" condition="!$PARAM[istempo] + Player.Forwarding16x">Conditional</animation>
                <animation effect="slide" end="372" condition="!$PARAM[istempo] + Player.Forwarding32x">Conditional</animation>
                <control type="image">
                    <include content="Object_ColorDiffuse" condition="$PARAM[selected]">
                        <param name="colordiffuse">$VAR[ColorSelected]</param>
                    </include>
                    <colordiffuse>$PARAM[nibcolor]</colordiffuse>
                    <texture>common/circle.png</texture>
                </control>
                <control type="image">
                    <centerleft>50%</centerleft>
                    <bottom>-12</bottom>
                    <height>16</height>
                    <width>16</width>
                    <include content="Object_ColorDiffuse" condition="$PARAM[selected]">
                        <param name="colordiffuse">$VAR[ColorSelected]</param>
                    </include>
                    <colordiffuse>$PARAM[nibcolor]</colordiffuse>
                    <texture flipy="true">arrows/arrow-menu-up.png</texture>
                </control>
            </control>
        </definition>
    </include>

    <include name="OSD_Landscape_Info_SubLine_Item">
        <control type="label">
            <label>$PARAM[label]</label>
            <visible>$PARAM[visible]</visible>
            <textcolor>panel_fg_70</textcolor>
            <selectedcolor>panel_fg_70</selectedcolor>
            <font>font_mini</font>
            <align>left</align>
            <width>auto</width>
        </control>
    </include>

    <include name="OSD_Landscape_Info">
        <definition>
            <bottom>view_top</bottom>
            <left>view_side</left>
            <height>view_landscape_itemlayout_h</height>
            <control type="group">
                <top>-320</top>
                <control type="group">
                    <height>view_landscape_item_h</height>
                    <width>view_landscape_item_w</width>
                    <include>Object_ItemBack</include>
                    <control type="image">
                        <texture background="true" diffuse="diffuse/landscape_w380_h214.png">$VAR[Image_OSD_Landscape]</texture>
                        <aspectratio scalediffuse="false">keep</aspectratio>
                    </control>
                    <control type="group">
                        <control type="group">
                            <visible>VideoPlayer.Content(livetv)</visible>
                            <include content="Object_ProgressLine">
                                <param name="progress">PVR.EpgEventProgress</param>
                            </include>
                        </control>
                        <control type="group">
                            <visible>!VideoPlayer.Content(livetv)</visible>
                            <include content="Object_ProgressLine">
                                <param name="progress">Player.Progress</param>
                            </include>
                        </control>
                    </control>
                </control>
            </control>
        </definition>
    </include>
    
    <include name="OSD_Poster_Info">
        <definition>
            <control type="group">
                <height>368.5</height>
                <width>245.6</width>
                <left>view_side</left>
                <bottom>220</bottom>
                <include>Object_ItemBack</include>
                <control type="image">
                    <texture background="true" diffuse="diffuse/poster_w356_h520.png">$VAR[Image_OSD_Poster]</texture>
                </control>
            </control>
        </definition>
    </include>

    <include name="OSD_QuickInfo">
        <control type="group">
            <visible>!$EXP[Exp_InfoDialogs]</visible>
            <control type="group">
                <animation effect="fade" start="0" end="100" delay="300" time="300" condition="!$EXP[Exp_OSD_QuickInfo]">Conditional</animation>
                <animation effect="fade" start="100" end="0" time="300" condition="$EXP[Exp_OSD_QuickInfo]">Conditional</animation>
                <include condition="Skin.HasSetting(OSD.DisplayTitleDetailsOnSeek)">OSD_Progress_Details</include>
            </control>
            <control type="group">
                <animation effect="fade" start="0" end="100" delay="300" time="300" condition="$EXP[Exp_OSD_QuickInfo]">Conditional</animation>
                <animation effect="fade" start="100" end="0" time="300" condition="!$EXP[Exp_OSD_QuickInfo]">Conditional</animation>
                <control type="group"> 
                    <bottom>280</bottom>
                    <animation effect="slide" start="0" end="0,160" condition="Skin.HasSetting(OSD.InfoOverlay.DisablePlotRatingsOnInfo)" reversible="false">Conditional</animation>
                    <animation effect="fade" time="200" start="100" end="0" condition="Window.IsVisible(1143)" reversible="false">Conditional</animation>
                    <animation effect="fade" time="200" delay="200" end="100" start="0" condition="!Window.IsVisible(1143)" reversible="false">Conditional</animation>
                    <visible>![Window.IsVisible(pvrosdguide) | Window.IsVisible(pvrosdchannels) | Window.IsVisible(videobookmarks) | Window.IsVisible(1140) | Window.IsVisible(1141)]</visible>
                    <include condition="String.IsEqual(Skin.String(OSD.InfoOverlay.EnableArtworkOnInfo),Landscape)">OSD_Landscape_Info</include>
                </control>
                <control type="group">
                    <include condition="String.IsEqual(Skin.String(OSD.InfoOverlay.EnableArtworkOnInfo),Poster)">OSD_Poster_Info</include>
                </control>
                <control type="group">
                    <animation effect="slide" end="285.6" start="0" condition="String.IsEqual(Skin.String(OSD.InfoOverlay.EnableArtworkOnInfo),Poster)">Conditional</animation>
                    <include content="OSD_Progress_Details" condition="Skin.HasSetting(OSD.AutoInfoOnPause)">
                        <param name="visible">[True]</param>
                        <param name="plot_visible">!Skin.HasSetting(OSD.InfoOverlay.DisablePlotRatingsOnInfo)</param>
                        <param name="condition">!Skin.HasSetting(OSD.InfoOverlay.DisablePlotRatingsOnInfo)</param>
                    </include>
                </control>
            </control>
            
            <include>Animation_OSD_Seekbar_Slide</include>
            <include>Animation_OSD_Seekbar_Expand</include>
        </control>
    </include>

    <include name="OSD_Progress_PlayPause">
        <control type="group">
            <width>40</width>
            <left>view_menu</left>
            <control type="image">
                <texture colordiffuse="panel_fg_70">$VAR[Image_OSD_PlayPause]</texture>
                <width>80</width>
                <height>80</height>
                <bordersize>12</bordersize>
                <centerleft>50%</centerleft>
                <centerbottom>180</centerbottom>
            </control>
        </control>
    </include>
    
    <include name="OSD_HideControls">
        <animation effect="fade" time="200" start="100" end="0" condition="$EXP[Exp_OSD_HideControls]" reversible="false">Conditional</animation>
        <animation effect="fade" time="200" delay="200" end="100" start="0" condition="!$EXP[Exp_OSD_HideControls]" reversible="false">Conditional</animation>
    </include>
    
    <include name="OSD_TitleDetails">
        <control type="grouplist">
            <orientation>vertical</orientation>
            <align>bottom</align>
            <control type="group">
                <height>120</height>
                <visible>$PARAM[top_logo_visible] + Skin.HasSetting(TMDbHelper.EnableCrop)</visible>
                <control type="image">
                    <height>132</height>
                    <aspectratio align="left" aligny="center">keep</aspectratio>
                    <fadetime>200</fadetime>
                    <texture background="true">$PARAM[top_logo]</texture>
                    <width>$PARAM[top_logo_width]</width>
                </control>
            </control>
            <control type="label">
                <height>80</height>
                <label>$PARAM[top_label]</label>
                <textcolor>panel_fg_100</textcolor>
                <font>font_title_midi</font>
                <visible>[!$PARAM[top_logo_visible] | !Skin.HasSetting(TMDbHelper.EnableCrop)]</visible>
            </control>
            <control type="group">
                <top>-10</top>
                <height>50</height>
                <control type="label">
                    <label>$PARAM[sub_label]</label>
                    <textcolor>panel_fg_70</textcolor>
                    <font>font_main</font>
                    <height>40</height>
                    <centertop>38</centertop>
                </control>
            </control>
            <control type="group">
                <height>20</height>
            </control>
        </control>
    </include>

    <include name="OSD_VideoSeekBar">
        <control type="group">            
            <!-- Progress Bar Group -->
            <control type="group">

                <control type="group">
                    <animation effect="fade" start="0" end="100" delay="300" time="300" condition="[!$EXP[Exp_OSD_PVRChannelSwitch]]">Conditional</animation>
                    <animation effect="fade" start="100" end="0" time="300" condition="![!$EXP[Exp_OSD_PVRChannelSwitch]]">Conditional</animation>
                    <include>OSD_Progress_Labels</include>
                    <include>OSD_Progress_PlayPause</include>
                </control>

                <include>OSD_Progress_Bar</include>

                <include>Animation_OSD_Seekbar_Slide</include>
                <include>Animation_OSD_Seekbar_Expand</include>
            </control>

            <!-- Top Left Label -->
            <control type="group">
                <animation effect="fade" end="0" start="100" time="300" delay="600" condition="Window.IsActive(1143)">Conditional</animation>
                <include content="Furniture_Top">
                    <param name="id">3099</param>
                    <param name="label">$VAR[Label_OSD_Header]</param>
                    <param name="textcolor">main_fg_100</param>
                    <param name="include_left_datelabel">!Skin.HasSetting(Furniture.DisableLeftHeader)</param>
                </include>
            </control>
            <include condition="Skin.HasSetting(Furniture.DisableLeftHeader)">Furniture_DateLabel_TopRight</include>
            <control type="group">
                <width>40</width>
                <left>view_menu</left>
                <animation effect="fade" end="0" start="100" time="300" delay="600" condition="Window.IsActive(1143)">Conditional</animation>
                <control type="image">
                    <texture colordiffuse="panel_fg_70">special://skin/extras/icons/arrow-left.png</texture>
                    <width>80</width>
                    <height>80</height>
                    <bordersize>12</bordersize>
                    <centerleft>50%</centerleft>
                    <centertop>100</centertop>
                </control>
            </control>                    
        </control>
    </include>

    <include name="OSD_MusicSeekBar">
        <control type="group">

            <animation effect="slide" start="0" end="0,-360" time="300" tween="sine" easing="out" reversible="false" condition="[$EXP[Exp_OSD_ExpandInfo]]">Conditional</animation>
            <animation effect="slide" end="0" start="0,-360" time="400" tween="sine" easing="inout" reversible="false" condition="![$EXP[Exp_OSD_ExpandInfo]]">Conditional</animation>

            <!-- Progress Bar Group -->
            <control type="group">
                <include>OSD_Progress_Bar</include>
                <include>OSD_Progress_Labels</include>
                
                <control type="image">
                    <texture colordiffuse="panel_fg_70">$VAR[Image_OSD_PlayPause]</texture>
                    <width>80</width>
                    <height>80</height>
                    <bordersize>12</bordersize>
                    <centerleft>100</centerleft>
                    <centerbottom>180</centerbottom>
                </control>
                <include>Animation_OSD_Seekbar_Slide</include>
            </control>
        </control>

        <control type="group">
            <visible>!Window.IsVisible(script-cu-lrclyrics-main.xml)</visible>
            <animation type="Visible" reversible="false">
                <effect type="fade" start="0" end="100" time="300" delay="400" tween="sine" easing="out"/>
            </animation>

            <control type="image">
                <texture colordiffuse="panel_fg_70">special://skin/extras/icons/arrow-left.png</texture>
                <width>80</width>
                <height>80</height>
                <bordersize>12</bordersize>
                <centerleft>100</centerleft>
                <centertop>100</centertop>
            </control>
        </control>

        <!-- Top Label Lyrics -->
        <control type="group">
            <include content="Furniture_Top">
                <param name="label">$VAR[Label_OSD_Title]</param>
                <param name="textcolor">main_fg_100</param>
                <param name="include_left_datelabel">!Skin.HasSetting(Furniture.DisableLeftHeader)</param>
            </include>
            <include condition="Skin.HasSetting(Furniture.DisableLeftHeader)">Furniture_DateLabel_TopRight</include>
        </control>
    </include>
    
    <include name="OSD_Background_Dim">
        <control type="image" id="1">
            <bottom>0</bottom>
            <height>240</height>
            <texture colordiffuse="panel_bg_70" border="4,0,4,0">common/gradient-v.png</texture>
            <include>Animation_OSD_Fullscreen_Change</include>
            <visible>Window.IsActive(DialogSeekBar.xml) | Window.IsVisible(1152)</visible>
            <visible>![Window.IsActive(videoosd) | Window.IsActive(musicosd) | Window.IsActive(1140) | Window.IsActive(1141) | Window.IsActive(1142) | Window.IsActive(1143) | Window.IsActive(1144) | Window.IsActive(1145) | Window.IsActive(1146) | Window.IsActive(1147) | Window.IsActive(1148) | Window.IsActive(1149) | Window.IsVisible(videobookmarks) | Window.IsVisible(pvrosdguide) | Window.IsVisible(pvrosdchannels) | Window.IsVisible(1152) | Window.IsActive(script-upnext-stillwatching.xml) | Window.IsActive(script-upnext-upnext.xml)]</visible>
        </control>

        <control type="image" id="1">
            <texture colordiffuse="panel_bg_70">background/combined_flixart.png</texture>
            <include>Animation_OSD_Fullscreen_Change</include>
            <visible>Window.IsActive(DialogSeekBar.xml) | Window.IsVisible(1152)</visible>
            <visible>Window.IsActive(videoosd) | Window.IsActive(musicosd) | Window.IsActive(1140) | Window.IsActive(1141) | Window.IsActive(1142) | Window.IsActive(1143) | Window.IsActive(1144) | Window.IsActive(1145) | Window.IsActive(1146) | Window.IsActive(1147) | Window.IsActive(1148) | Window.IsActive(1149) | Window.IsVisible(videobookmarks) | Window.IsVisible(pvrosdguide) | Window.IsVisible(pvrosdchannels) | Window.IsVisible(1152) | Window.IsActive(script-upnext-stillwatching.xml) | Window.IsActive(script-upnext-upnext.xml)</visible>
        </control>
    </include>
    
    <include name="OSD_CustomDialog_FakeButton">
        <control type="button" id="600$PARAM[id]">
            <width>80</width>
            <texturefocus />
            <texturenofocus />
            <font />
            <label />
            <onfocus>Close</onfocus>
            <onfocus>SetFocus(600$PARAM[id])</onfocus>
        </control>
    </include>

    <include name="OSD_CustomDialog_RealButton">
        <param name="onclick_condition">true</param>
        <definition>
            <control type="button" id="600$PARAM[id]">
                <include>Defs_OSD_Button</include>
                <onclick condition="$PARAM[onclick_condition]">$PARAM[onclick]</onclick>
                <onup>$PARAM[onup]</onup>
                <onup>$PARAM[onup_02]</onup>
                <ondown>ActivateWindow($VAR[Action_OSD_Main_OnDown])</ondown>
                <label>$PARAM[label]</label>
            </control>
            <include content="OSD_Button_Icon_Overlay">
                <param name="icon">$PARAM[icon]</param>
                <param name="id">600$PARAM[id]</param>
                <param name="groupid">610$PARAM[id]</param>
                <param name="itemgap">osd_itemgap</param>
                <param name="iconoffset_condition">$PARAM[iconoffset_condition]</param>
            </include>
        </definition>
    </include>

    <include name="OSD_CustomDialog_GroupList">
        <param name="button_1">false</param>
        <param name="button_2">false</param>
        <param name="button_3">false</param>
        <param name="button_4">false</param>

        <param name="button_5">false</param>
        <param name="button_6">false</param>
        <param name="button_7">false</param>
        <param name="button_8">false</param>
        <param name="iconoffset_condition">false</param>
        <definition>

            <control type="grouplist">
                <height>120</height>
                <left>-20</left>
                <centerbottom>80</centerbottom>
                <orientation>horizontal</orientation>
                <itemgap>osd_itemgap</itemgap>
                <align>left</align>

                <onleft>6005</onleft>
                <onright>6008</onright>

                <include content="OSD_CustomDialog_FakeButton" condition="![$PARAM[button_1]]">
                    <param name="id">1</param>
                </include>
                <include content="OSD_CustomDialog_RealButton" condition="$PARAM[button_1]">
                    <param name="id">1</param>
                    <param name="onclick">$PARAM[onclick]</param>
                    <param name="onclick_condition">$PARAM[onclick_condition]</param>
                    <param name="onup">$PARAM[onup]</param>
                    <param name="onup_02">$PARAM[onup_02]</param>
                    <param name="icon">$PARAM[icon]</param>
                    <param name="label">$PARAM[label]</param>
                    <param name="iconoffset_condition">$PARAM[iconoffset_condition]</param>
                </include>

                <include content="OSD_CustomDialog_FakeButton" condition="![$PARAM[button_2]]">
                    <param name="id">2</param>
                </include>
                <include content="OSD_CustomDialog_RealButton" condition="$PARAM[button_2]">
                    <param name="id">2</param>
                    <param name="onclick">$PARAM[onclick]</param>
                    <param name="onclick_condition">$PARAM[onclick_condition]</param>
                    <param name="onup">$PARAM[onup]</param>
                    <param name="onup_02">$PARAM[onup_02]</param>
                    <param name="icon">$PARAM[icon]</param>
                    <param name="label">$PARAM[label]</param>
                    <param name="iconoffset_condition">$PARAM[iconoffset_condition]</param>
                </include>

                <include content="OSD_CustomDialog_FakeButton" condition="![$PARAM[button_3]]">
                    <param name="id">3</param>
                </include>
                <include content="OSD_CustomDialog_RealButton" condition="$PARAM[button_3]">
                    <param name="id">3</param>
                    <param name="onclick">$PARAM[onclick]</param>
                    <param name="onclick_condition">$PARAM[onclick_condition]</param>
                    <param name="onup">$PARAM[onup]</param>
                    <param name="onup_02">$PARAM[onup_02]</param>
                    <param name="icon">$PARAM[icon]</param>
                    <param name="label">$PARAM[label]</param>
                    <param name="iconoffset_condition">$PARAM[iconoffset_condition]</param>
                </include>

                <include content="OSD_CustomDialog_FakeButton" condition="![$PARAM[button_4]]">
                    <param name="id">4</param>
                </include>
                <include content="OSD_CustomDialog_RealButton" condition="$PARAM[button_4]">
                    <param name="id">4</param>
                    <param name="onclick">$PARAM[onclick]</param>
                    <param name="onclick_condition">$PARAM[onclick_condition]</param>
                    <param name="onup">$PARAM[onup]</param>
                    <param name="onup_02">$PARAM[onup_02]</param>
                    <param name="icon">$PARAM[icon]</param>
                    <param name="label">$PARAM[label]</param>
                    <param name="iconoffset_condition">$PARAM[iconoffset_condition]</param>
                </include>

            </control>

            <control type="grouplist">
                <height>120</height>
                <right>-20</right>
                <centerbottom>80</centerbottom>
                <orientation>horizontal</orientation>
                <itemgap>osd_itemgap</itemgap>
                <align>right</align>

                <onleft>6004</onleft>
                <onright>6001</onright>

                <include content="OSD_CustomDialog_FakeButton" condition="![$PARAM[button_5]]">
                    <param name="id">5</param>
                </include>
                <include content="OSD_CustomDialog_RealButton" condition="$PARAM[button_5]">
                    <param name="id">5</param>
                    <param name="onclick">$PARAM[onclick]</param>
                    <param name="onclick_condition">$PARAM[onclick_condition]</param>
                    <param name="onup">$PARAM[onup]</param>
                    <param name="onup_02">$PARAM[onup_02]</param>
                    <param name="icon">$PARAM[icon]</param>
                    <param name="label">$PARAM[label]</param>
                    <param name="iconoffset_condition">$PARAM[iconoffset_condition]</param>
                </include>

                <include content="OSD_CustomDialog_FakeButton" condition="![$PARAM[button_6]]">
                    <param name="id">6</param>
                </include>
                <include content="OSD_CustomDialog_RealButton" condition="$PARAM[button_6]">
                    <param name="id">6</param>
                    <param name="onclick">$PARAM[onclick]</param>
                    <param name="onclick_condition">$PARAM[onclick_condition]</param>
                    <param name="onup">$PARAM[onup]</param>
                    <param name="onup_02">$PARAM[onup_02]</param>
                    <param name="icon">$PARAM[icon]</param>
                    <param name="label">$PARAM[label]</param>
                    <param name="iconoffset_condition">$PARAM[iconoffset_condition]</param>
                </include>

                <include content="OSD_CustomDialog_FakeButton" condition="![$PARAM[button_7]]">
                    <param name="id">7</param>
                </include>
                <include content="OSD_CustomDialog_RealButton" condition="$PARAM[button_7]">
                    <param name="id">7</param>
                    <param name="onclick">$PARAM[onclick]</param>
                    <param name="onclick_condition">$PARAM[onclick_condition]</param>
                    <param name="onup">$PARAM[onup]</param>
                    <param name="onup_02">$PARAM[onup_02]</param>
                    <param name="icon">$PARAM[icon]</param>
                    <param name="label">$PARAM[label]</param>
                    <param name="iconoffset_condition">$PARAM[iconoffset_condition]</param>
                </include>

                <include content="OSD_CustomDialog_FakeButton" condition="![$PARAM[button_8]]">
                    <param name="id">8</param>
                </include>
                <include content="OSD_CustomDialog_RealButton" condition="$PARAM[button_8]">
                    <param name="id">8</param>
                    <param name="onclick">$PARAM[onclick]</param>
                    <param name="onclick_condition">$PARAM[onclick_condition]</param>
                    <param name="onup">$PARAM[onup]</param>
                    <param name="onup_02">$PARAM[onup_02]</param>
                    <param name="icon">$PARAM[icon]</param>
                    <param name="label">$PARAM[label]</param>
                    <param name="iconoffset_condition">$PARAM[iconoffset_condition]</param>
                </include>

            </control>
        </definition>
    </include>
</includes>
