<?xml version="1.0" encoding="UTF-8"?>
<window type="dialog" id="1161">
    <defaultcontrol always="true">9000</defaultcontrol>
    <onload>SetProperty(TMDbHelper.ContextMenu,True)</onload>
    <controls>

        <include content="Object_Hidden_Button">
            <param name="id">9999</param>
            <onclick condition="!Window.IsVisible(weather)">Close</onclick>
            <onclick condition="!Window.IsVisible(weather)">ActivateWindow(weather)</onclick>
            <onclick condition="Window.IsVisible(weather)">Weather.LocationNext</onclick>
            <onleft>9000</onleft>
            <onright>9000</onright>
            <onup>9000</onup>
            <ondown>9000</ondown>
            <onback>9000</onback>
        </include>

        <include>Weather_Dialog</include>

    </controls>
</window>
