<?xml version="1.0" encoding="UTF-8"?>
<window id="1192" type="dialog">
    <zorder>9999</zorder>
    <visible>!Window.IsVisible(startup)</visible>
    <visible>Skin.HasSetting(EnableHolidayTheme)</visible>
    <controls>

        <!-- With thanks to SualFred -->
        <!-- Christmas theme snow loop textures originally from skin.embuary -->

        <control type="group">
            <visible>!System.ScreenSaverActive + !Window.IsVisible(slideshow) + ![Window.IsVisible(1123) + Player.HasVideo]</visible>
            <!-- XMAS -->
            <control type="group">
                <visible>$EXP[Exp_Christmas_Theme]</visible>
                <control type="group">
                    <posx>-120</posx>
                    <visible>!Skin.HasSetting(Disable.HolidayTheme.AdditionalIcons)</visible>
                    <animation effect="rotate" end="15" time="9000" delay="45000" pulse="true" condition="true">Conditional</animation>
                    <control type="image">
                        <posx>-120</posx>
                        <posy>200</posy>
                        <width>64</width>
                        <height>64</height>
                        <texture flipx="true">holiday/$VAR[Path_HolidayMode]/santa-claus.png</texture>
                        <aspectratio scalediffuse="false">keep</aspectratio>
                        <animation effect="slide" start="0,0" end="2220,0" time="9000" delay="45000" reversible="false" loop="true" condition="true">Conditional</animation>
                        <animation effect="slide" start="0,10" end="0,100" time="9000" delay="45000" reversible="false" pulse="true" condition="true">Conditional</animation>
                    </control>
                </control>
                <control type="group">
                    <animation effect="slide" start="60,0" end="-60,0" time="10000" condition="true" reversible="false" pulse="true">Conditional</animation>
                    <animation effect="fade" end="20" condition="true">Conditional</animation>
                    <control type="image">
                        <texture flipx="true" flipy="true" colordiffuse="main_fg_70">holiday/$VAR[Path_HolidayMode]/snow_loop.png</texture>
                        <width>2430</width>
                        <aspectratio>keep</aspectratio>
                        <animation effect="slide" time="30000" start="0,0" end="0,1080" condition="true" loop="true">Conditional</animation>
                    </control>
                    <control type="image">
                        <texture flipx="true" flipy="true" colordiffuse="main_fg_70">holiday/$VAR[Path_HolidayMode]/snow_loop.png</texture>
                        <width>2430</width>
                        <aspectratio>keep</aspectratio>
                        <animation effect="slide" time="30000" start="0,-1080" end="0,0" condition="true" loop="true">Conditional</animation>
                    </control>
                </control>
                <control type="group">
                    <animation effect="slide" start="-60,0" end="60,0" time="10000" condition="true" reversible="false" pulse="true">Conditional</animation>
                    <control type="image">
                        <texture colordiffuse="main_fg_70">holiday/$VAR[Path_HolidayMode]/snow_loop.png</texture>
                        <width>2430</width>
                        <aspectratio>keep</aspectratio>
                        <animation effect="slide" time="16000" start="0,0" end="0,1080" condition="true" loop="true">Conditional</animation>
                    </control>
                    <control type="image">
                        <texture colordiffuse="main_fg_70">holiday/$VAR[Path_HolidayMode]/snow_loop.png</texture>
                        <width>2430</width>
                        <aspectratio>keep</aspectratio>
                        <animation effect="slide" time="16000" start="0,-1080" end="0,0" condition="true" loop="true">Conditional</animation>
                    </control>
                </control>
                <control type="group">
                    <posx>100</posx>
                    <visible>!Skin.HasSetting(Disable.HolidayTheme.AdditionalIcons)</visible>
                    <animation effect="slide" start="-60,0" end="60,0" time="10000" condition="true" reversible="false" pulse="true">Conditional</animation>
                    <control type="multiimage">
                        <posx>100</posx>
                        <posy>-100</posy>
                        <width>24</width>
                        <height>24</height>
                        <timeperimage>30000</timeperimage>
                        <fadetime>2000</fadetime>
                        <randomize>true</randomize>
                        <imagepath>holiday/$VAR[Path_HolidayMode]/icons</imagepath>
                        <aspectratio scalediffuse="false">keep</aspectratio>
                        <animation effect="slide" start="0,0" end="0,1180" time="43000" delay="3200" reversible="false" loop="true" condition="true">Conditional</animation>
                    </control>
                    <control type="multiimage">
                        <posx>460</posx>
                        <posy>-80</posy>
                        <width>40</width>
                        <height>40</height>
                        <timeperimage>44000</timeperimage>
                        <fadetime>2000</fadetime>
                        <randomize>true</randomize>
                        <imagepath>holiday/$VAR[Path_HolidayMode]/icons</imagepath>
                        <aspectratio scalediffuse="false">keep</aspectratio>
                        <animation effect="slide" start="0,0" end="0,1180" time="45000" delay="1200" reversible="false" loop="true" condition="true">Conditional</animation>
                    </control>
                    <control type="multiimage">
                        <posx>790</posx>
                        <posy>-110</posy>
                        <width>32</width>
                        <height>32</height>
                        <timeperimage>46000</timeperimage>
                        <fadetime>2000</fadetime>
                        <randomize>true</randomize>
                        <imagepath>holiday/$VAR[Path_HolidayMode]/icons</imagepath>
                        <aspectratio scalediffuse="false">keep</aspectratio>
                        <animation effect="slide" start="0,0" end="0,1180" time="47000" delay="2400" reversible="false" loop="true" condition="true">Conditional</animation>
                    </control>
                </control>
                <control type="group">
                    <posx>900</posx>
                    <visible>!Skin.HasSetting(Disable.HolidayTheme.AdditionalIcons)</visible>
                    <animation effect="slide" start="-60,0" end="60,0" time="10000" condition="true" reversible="false" pulse="true">Conditional</animation>
                    <control type="multiimage">
                        <posx>100</posx>
                        <posy>-100</posy>
                        <width>24</width>
                        <height>24</height>
                        <timeperimage>23000</timeperimage>
                        <fadetime>2000</fadetime>
                        <randomize>true</randomize>
                        <imagepath>holiday/$VAR[Path_HolidayMode]/icons</imagepath>
                        <aspectratio scalediffuse="false">keep</aspectratio>
                        <animation effect="slide" start="0,0" end="0,1180" time="24000" delay="1200" reversible="false" loop="true" condition="true">Conditional</animation>
                    </control>
                    <control type="multiimage">
                        <posx>460</posx>
                        <posy>-150</posy>
                        <width>40</width>
                        <height>40</height>
                        <timeperimage>25000</timeperimage>
                        <fadetime>2000</fadetime>
                        <randomize>true</randomize>
                        <imagepath>holiday/$VAR[Path_HolidayMode]/icons</imagepath>
                        <aspectratio scalediffuse="false">keep</aspectratio>
                        <animation effect="slide" start="0,0" end="0,1180" time="26000" delay="4300" reversible="false" loop="true" condition="true">Conditional</animation>
                    </control>
                    <control type="multiimage">
                        <posx>690</posx>
                        <posy>-30</posy>
                        <width>32</width>
                        <height>32</height>
                        <timeperimage>27000</timeperimage>
                        <fadetime>2000</fadetime>
                        <randomize>true</randomize>
                        <imagepath>holiday/$VAR[Path_HolidayMode]/icons</imagepath>
                        <aspectratio scalediffuse="false">keep</aspectratio>
                        <animation effect="slide" start="0,0" end="0,1180" time="28000" delay="2300" reversible="false" loop="true" condition="true">Conditional</animation>
                    </control>
                </control>
            </control>
        </control>
    </controls>
</window>