<?xml version="1.0" encoding="UTF-8"?>
<includes>

    <include name="NextAired_GroupList">
        <control type="grouplist" id="5000">
            <top>hub_recommendations_widgets_grouplist_t</top>
            <bottom>hub_recommendations_widgets_grouplist_b</bottom>
            <orientation>vertical</orientation>
            <include content="Animation_Half_WindowChange">
                <param name="windowopen_up">!$EXP[Exp_SettingsDialogs_Prev] + $EXP[Exp_ReverseTransition]</param>
                <param name="windowopen_down">!$EXP[Exp_SettingsDialogs_Prev] + !$EXP[Exp_ReverseTransition]</param>
                <param name="windowclose_up">!$EXP[Exp_SettingsDialogs_Next] + $EXP[Exp_ReverseTransition]</param>
                <param name="windowclose_down">!$EXP[Exp_SettingsDialogs_Next] + !$EXP[Exp_ReverseTransition]</param>
            </include>
            <onup>PreviousMenu</onup>
            <ondown>SetFocus(330)</ondown>
            <control type="group" id="5999">
                <height>widget_tbump_h</height>
            </control>
            <nested />
            <control type="group" id="5099">
                <height>0</height>
                <control type="group">
                    <visible>!Integer.IsEqual(Container(5000).NumItems,0)</visible>
                    <visible>!Integer.IsEqual(Container(5000).NumItems,1) | !Control.HasFocus(5098) | ControlGroup(5000).HasFocus()</visible>
                    <include content="Furniture_Bottom_WidgetGroups">
                        <param name="label">$VAR[Label_NextBump]</param>
                        <param name="icon">special://skin/extras/icons/kodi.png</param>
                    </include>
                </control>
            </control>
        </control>
    </include>

    <include name="NextAired_Content">
        <include content="Hub_Widgets_Infopanel">
            <param name="visible">true</param>
            <include>Info_Panel</include>
        </include>

        <include content="NextAired_GroupList">
            <include content="NextAired_Widgets">
                <param name="info">$PARAM[info]</param>
            </include>
        </include>
    </include>

    <!-- TODO: Switch to new mode -->
    <include name="NextAired_Window">
        <param name="furniture_top">!Skin.HasSetting(Furniture.DisableLeftHeader)</param>
        <param name="furniture_top_right">Skin.HasSetting(Furniture.DisableLeftHeader)</param>
        <definition>
            <include>Defs_Background_Loader</include>
            <include>Background</include>
            <include condition="$EXP[Exp_HomeMenu_IsTopBar]">Hub_Top_Bezier</include>
            <include content="Hub_Left_Bezier" condition="!$EXP[Exp_HomeMenu_IsTopBar]"></include>

            <control type="group" id="320">
                <include>Animation_View_WindowChange</include>
                <include>Animation_Group_Bumper</include>
                <include>Animation_View_SlideOver</include>
                <nested />
            </control>
            <include>View_Bumper</include>
            <include>Home_Menu</include>
            <!-- Custom Shutdown Timer -->
            <control type="group">
                <include condition="![Skin.HasSetting(Furniture.DisableLeftHeader) + [!Skin.HasSetting(Furniture.EnableClock) + [Window.IsVisible(MyPVRGuide.xml) | Window.IsVisible(MyPVRChannels.xml) | !String.IsEmpty(Skin.String(Furniture.EnableClock.TopLeft))]]]">Furniture_Right_SlidingFade</include>
                <include content="Object_Top" condition="Skin.HasSetting(Furniture.DisableLeftHeader) + [!Skin.HasSetting(Furniture.EnableClock) + [Window.IsVisible(MyPVRGuide.xml) | Window.IsVisible(MyPVRChannels.xml) | !String.IsEmpty(Skin.String(Furniture.EnableClock.TopLeft))]]">
                    <param name="top">80</param>
                </include>
                <include content="Furniture_Busy">
                    <param name="hasprogress">false</param>
                    <param name="hasbackground">Skin.HasSetting(ToastNotifications.Tabbed)</param>
                    <param name="icon">special://skin/extras/icons/timer.png</param>
                    <param name="mainlabel">$INFO[System.AlarmPos(shutdowntimer)]</param>
                    <param name="minilabel">[CAPITALIZE]$LOCALIZE[20144][/CAPITALIZE]</param>
                    <param name="haslabel">True</param>
                    <param name="hasbackground">Skin.HasSetting(ToastNotifications.Tabbed)</param>
                    <param name="visible">System.HasAlarm(shutdowntimer)</param>
                    <param name="flipspinner">false</param>
                </include>
            </control>

            <control type="group">
                <visible>!$EXP[Exp_InfoDialogs]</visible>
                <include>Animation_View_SlideOver</include>
                <control type="group">
                <include content="Furniture_Top" condition="$PARAM[furniture_top]">                
                </include>
                </control>
                <include>Animation_View_WindowChange</include>
                <include content="Hub_Widgets_Group_Furniture">
                    <param name="visible">true</param>
                    <param name="textcolor">main_fg_100</param>
                </include>
            </control>
            <include condition="$PARAM[furniture_top_right]">Furniture_DateLabel_TopRight</include>

            <include>View_Dialog_VideoPIP</include>
            <include>View_Dialog_Plot</include>
        </definition>
    </include>

    <include name="NextAired_Widget">
        <param name="include">List_Landscape_Row</param>
        <definition>
            <include content="Widget_Info_Row">
                <param name="id">$PARAM[id]</param>
                <param name="label">$PARAM[label]</param>
                <param name="include">$PARAM[include]</param>
                <param name="altvisible">$PARAM[altvisible]</param>
                <param name="transition_include">true</param>
                <param name="transition_hidden">Control.HasFocus(50$PARAM[id])</param>
                <param name="widgetfade_include">true</param>
                <nested />
            </include>
        </definition>
    </include>

    <include name="NextAired_Widgets">
        <include content="NextAired_Widget">
            <param name="id">01</param>
            <param name="label">$INFO[Container(5001).ListItem.Property(widget)]$INFO[Container(5001).ListItem.Property(air_date_short),$COMMA ,]</param>
            <param name="visible">true</param>
            <content target="videos">plugin://plugin.video.themoviedb.helper/?info=$PARAM[info]&amp;reload=$INFO[System.Time(hh)]&amp;startdate=-1&amp;days=1&amp;widget=True&amp;tmdb_type=episode</content>
        </include>
        <include content="NextAired_Widget">
            <param name="id">02</param>
            <param name="label">$INFO[Container(5002).ListItem.Property(widget)]$INFO[Container(5002).ListItem.Property(air_date_short),$COMMA ,]</param>
            <param name="visible">true</param>
            <content target="videos">plugin://plugin.video.themoviedb.helper/?info=$PARAM[info]&amp;reload=$INFO[System.Time(hh)]&amp;startdate=0&amp;days=1&amp;widget=True&amp;tmdb_type=episode</content>
        </include>
        <include content="NextAired_Widget">
            <param name="id">03</param>
            <param name="label">$INFO[Container(5003).ListItem.Property(widget)]$INFO[Container(5003).ListItem.Property(air_date_short),$COMMA ,]</param>
            <param name="visible">true</param>
            <content target="videos">plugin://plugin.video.themoviedb.helper/?info=$PARAM[info]&amp;reload=$INFO[System.Time(hh)]&amp;startdate=1&amp;days=1&amp;widget=True&amp;tmdb_type=episode</content>
        </include>
        <include content="NextAired_Widget">
            <param name="id">04</param>
            <param name="label">$INFO[Container(5004).ListItem.Property(widget)]$INFO[Container(5004).ListItem.Property(air_date_short),$COMMA ,]</param>
            <param name="visible">true</param>
            <content target="videos">plugin://plugin.video.themoviedb.helper/?info=$PARAM[info]&amp;reload=$INFO[System.Time(hh)]&amp;startdate=2&amp;days=1&amp;widget=True&amp;tmdb_type=episode</content>
        </include>
        <include content="NextAired_Widget">
            <param name="id">05</param>
            <param name="label">$INFO[Container(5005).ListItem.Property(widget)]$INFO[Container(5005).ListItem.Property(air_date_short),$COMMA ,]</param>
            <param name="visible">true</param>
            <content target="videos">plugin://plugin.video.themoviedb.helper/?info=$PARAM[info]&amp;reload=$INFO[System.Time(hh)]&amp;startdate=3&amp;days=1&amp;widget=True&amp;tmdb_type=episode</content>
        </include>
        <include content="NextAired_Widget">
            <param name="id">06</param>
            <param name="label">$INFO[Container(5006).ListItem.Property(widget)]$INFO[Container(5006).ListItem.Property(air_date_short),$COMMA ,]</param>
            <param name="visible">true</param>
            <content target="videos">plugin://plugin.video.themoviedb.helper/?info=$PARAM[info]&amp;reload=$INFO[System.Time(hh)]&amp;startdate=4&amp;days=1&amp;widget=True&amp;tmdb_type=episode</content>
        </include>
        <include content="NextAired_Widget">
            <param name="id">07</param>
            <param name="label">$INFO[Container(5007).ListItem.Property(widget)]$INFO[Container(5007).ListItem.Property(air_date_short),$COMMA ,]</param>
            <param name="visible">true</param>
            <content target="videos">plugin://plugin.video.themoviedb.helper/?info=$PARAM[info]&amp;reload=$INFO[System.Time(hh)]&amp;startdate=5&amp;days=1&amp;widget=True&amp;tmdb_type=episode</content>
        </include>
        <include content="NextAired_Widget">
            <param name="id">08</param>
            <param name="label">$INFO[Container(5008).ListItem.Property(widget)]$INFO[Container(5008).ListItem.Property(air_date_short),$COMMA ,]</param>
            <param name="visible">true</param>
            <content target="videos">plugin://plugin.video.themoviedb.helper/?info=$PARAM[info]&amp;reload=$INFO[System.Time(hh)]&amp;startdate=6&amp;days=1&amp;widget=True&amp;tmdb_type=episode</content>
        </include>
    </include>
</includes>
