<?xml version="1.0" encoding="UTF-8"?>
<includes>

    <include name="View_Combined_Info">
        <include content="Info_Panel">
            <param name="container">Container($PARAM[id]3).</param>
            <param name="plotlabel">$VAR[Label_Plot_C$PARAM[id]3]</param>
            <param name="visible">Integer.IsEqual(Window.Property(TMDBHelper.WidgetContainer),$PARAM[id]3)</param>
            <include content="Object_Top" condition="!Skin.HasSetting(Furniture.DisableLeftHeader)">
                <param name="top">view_top</param>    
            </include>
            <include content="Object_Top" condition="Skin.HasSetting(Furniture.DisableLeftHeader)">
                <param name="top">view_pad</param>    
            </include>
            <width>info_panel_w</width>
            <left>view_side</left>
        </include>
    </include>

    <variable name="View_Combined_SortBy">
        <value condition="Container.Content(seasons)">episode</value>
        <value condition="Container.Content(sets) | Container.Content(artists)">year</value>
        <value>label</value>
    </variable>

    <variable name="View_503_Content">
        <value condition="String.IsEmpty(Window.Property(SpecialFolderPath)) + !String.IsEmpty(Container(502).ListItem.FolderPath) + Container(502).ListItem.IsFolder">$INFO[Container(502).ListItem.FolderPath]</value>
        <value condition="!String.IsEmpty(Window.Property(SpecialFolderPath))">$INFO[Window.Property(SpecialFolderPath)]</value>
    </variable>
    <variable name="View_513_Content">
        <value condition="String.IsEmpty(Window.Property(SpecialFolderPath)) + !String.IsEmpty(Container(512).ListItem.FolderPath) + Container(512).ListItem.IsFolder">$INFO[Container(512).ListItem.FolderPath]</value>
        <value condition="!String.IsEmpty(Window.Property(SpecialFolderPath))">$INFO[Window.Property(SpecialFolderPath)]</value>
    </variable>
    <variable name="View_523_Content">
        <value condition="String.IsEmpty(Window.Property(SpecialFolderPath)) + !String.IsEmpty(Container(522).ListItem.FolderPath) + Container(522).ListItem.IsFolder">$INFO[Container(522).ListItem.FolderPath]</value>
        <value condition="!String.IsEmpty(Window.Property(SpecialFolderPath))">$INFO[Window.Property(SpecialFolderPath)]</value>
    </variable>
    <variable name="View_543_Content">
        <value condition="String.IsEmpty(Window.Property(SpecialFolderPath)) + !String.IsEmpty(Container(542).ListItem.FolderPath) + Container(542).ListItem.IsFolder">$INFO[Container(542).ListItem.FolderPath]</value>
        <value condition="!String.IsEmpty(Window.Property(SpecialFolderPath))">$INFO[Window.Property(SpecialFolderPath)]</value>
    </variable>
    <variable name="View_553_Content">
        <value condition="String.IsEmpty(Window.Property(SpecialFolderPath)) + !String.IsEmpty(Container(552).ListItem.FolderPath) + Container(552).ListItem.IsFolder">$INFO[Container(552).ListItem.FolderPath]</value>
        <value condition="!String.IsEmpty(Window.Property(SpecialFolderPath))">$INFO[Window.Property(SpecialFolderPath)]</value>
    </variable>
    <variable name="View_573_Content">
        <value condition="String.IsEmpty(Window.Property(SpecialFolderPath)) + !String.IsEmpty(Container(572).ListItem.FolderPath) + Container(572).ListItem.IsFolder">$INFO[Container(572).ListItem.FolderPath]</value>
        <value condition="!String.IsEmpty(Window.Property(SpecialFolderPath))">$INFO[Window.Property(SpecialFolderPath)]</value>
    </variable>

    <!-- Horizontal Layout (Classic) -->
    <include name="View_Combined_Row_Horz">
        <definition>
            <control type="group">
                <visible>Control.IsVisible($PARAM[id]2)</visible>
                <control type="group">
                    <include>Transitions_List_Visibility</include>
                    <include content="$PARAM[include]">
                        <param name="id">$PARAM[id]3</param>
                        <param name="icon">$PARAM[icon]</param>
                        <height>divider_bottom</height>
                        <bottom>40</bottom>
                        <pagecontrol>60</pagecontrol>

                        <include content="Action_View_Movement_OnLeftRight">
                            <param name="id">$PARAM[id]3</param>
                            <param name="onback">[Integer.IsEqual(Container($PARAM[id]3).CurrentItem,1)]</param>
                            <param name="always">True</param>
                            <param name="backid">63</param>
                        </include>

                        <include content="Object_HitRect">
                            <param name="x">view_side</param>
                            <param name="y">586</param>
                            <param name="w">1640</param>
                            <param name="h">view_poster_item_h</param>
                        </include>

                        <ondown>SetFocus($PARAM[id]3,0,absolute)</ondown>
                        <ondown>$PARAM[id]2</ondown>

                        <include content="Action_View_Movement_OnUp">
                            <param name="id">$PARAM[id]3</param>
                        </include>

                        <animation type="Conditional" reversible="false" condition="Container($PARAM[id]3).IsUpdating">
                            <effect type="fade" start="100" end="0" time="200" delay="600" />
                        </animation>

                        <visible>Container($PARAM[id]2).ListItem.IsFolder</visible>
                        <onclick condition="Container($PARAM[id]3).ListItem.IsFolder">Container.Update($INFO[Container($PARAM[id]3).ListItem.FolderPath])</onclick>
                        <onclick condition="Container($PARAM[id]3).ListItem.IsFolder">SetFocus(50)</onclick>
                        <onclick condition="!Container($PARAM[id]3).ListItem.IsFolder">PlayMedia($ESCINFO[Container($PARAM[id]3).ListItem.FileNameAndPath])</onclick>
                        <content target="$VAR[Path_CollectionNode_Target]" sortby="$VAR[View_Combined_SortBy]" sortorder="ascending">$VAR[View_$PARAM[id]3_Content]</content>
                        <onfocus>SetProperty(TMDbHelper.WidgetContainer,$PARAM[id]3)</onfocus>
                        <onfocus>ClearProperty(Background.ShowOverlay,Home)</onfocus>
                        <include>Action_View_SlideOver_OnFocus</include>
                    </include>

                    <include content="Widget_Busy">
                        <param name="label">$INFO[Container($PARAM[id]2).ListItem.Label]</param>
                        <param name="visible">Container($PARAM[id]3).IsUpdating</param>
                        <param name="include">$PARAM[include]</param>
                        <height>divider_bottom</height>
                        <bottom>40</bottom>
                        <left>200</left>
                    </include>
                </control>
            </control>
        </definition>
    </include>

    <include name="View_Combined_List_Horz_Selector_Content">
        <include content="Action_View_Movement_OnBack">
            <param name="id">$PARAM[id]2</param>
            <param name="onback">[Integer.IsEqual(Container($PARAM[id]2).CurrentItem,1)]</param>
            <param name="backid">63</param>
            <param name="menuid">303</param>
        </include>
        <onleft>$PARAM[id]2</onleft>
        <onright>$PARAM[id]2</onright>
        <left>160</left>
        <centerbottom>100</centerbottom>
        <onup>$PARAM[id]3</onup>
        <pagecontrol>65</pagecontrol>
        <include content="Action_View_Movement_OnDown">
            <param name="to_scrollbar">false</param>
            <param name="id">$PARAM[id]2</param>
        </include>
        <include>Action_View_SlideOver_OnFocus</include>
        <onfocus>SetProperty(TMDbHelper.WidgetContainer,$PARAM[id]3)</onfocus>
        <onfocus>ClearProperty(SpecialFolderPath)</onfocus>
        <onfocus>ClearProperty(Background.ShowOverlay,Home)</onfocus>
        <visible>$PARAM[visible]</visible>
        <viewtype label="$PARAM[viewtype_label]">wrap</viewtype>
    </include>

    <include name="View_Combined_List_Horz">
        <control type="group">
            <include content="Animation_ConditionalFade">
                <param name="condition">[$EXP[Exp_MediaFilter_IsActive] | $EXP[Exp_ScrollbarVisible_H] | Window.IsVisible(1171)]</param>
            </include>

            <visible>![[Container.Scrolling + $EXP[Exp_FurnitureFooter_Left_IsVisible]] | !String.IsEmpty(Window.Property(MediaFilterBase))]</visible>

            <animation effect="fade" start="100" end="0" delay="400" time="1" reversible="true">Hidden</animation>
            <animation effect="fade" start="0" end="100" delay="400" time="1" reversible="false">Visible</animation>
            <control type="group">
                <visible>$PARAM[visible]</visible>
                <animation effect="fade" start="100" end="0" delay="400" reversible="false" time="200" condition="$EXP[Exp_InfoDialogs]">Conditional</animation>

                <include content="Categories_Selector" condition="!Skin.HasSetting(Views.UseAltCombined.Detailed)">
                    <param name="id">$PARAM[id]2</param>
                    <param name="font">font_mini_bold</param>
                    <param name="hitrect_x">0</param>
                    <param name="hitrect_y">0</param>
                    <param name="hitrect_w">1080</param>
                    <param name="hitrect_h">120</param>
                    <param name="detailed">true</param>
                    <include content="View_Combined_List_Horz_Selector_Content">
                        <param name="id">$PARAM[id]</param>
                        <param name="visible">$PARAM[visible]</param>
                        <param name="viewtype_label">$PARAM[viewtype_label]</param>
                    </include>
                </include>
                <include content="Categories_Iconic_Selector" condition="Skin.HasSetting(Views.UseAltCombined.Detailed)">
                    <param name="id">$PARAM[id]2</param>
                    <param name="font">font_mini_bold</param>
                    <param name="hitrect_x">0</param>
                    <param name="hitrect_y">0</param>
                    <param name="hitrect_w">1080</param>
                    <param name="hitrect_h">120</param>
                    <left>140</left>
                    <include content="View_Combined_List_Horz_Selector_Content">
                        <param name="id">$PARAM[id]</param>
                        <param name="visible">$PARAM[visible]</param>
                        <param name="viewtype_label">$PARAM[viewtype_label]</param>
                    </include>
                </include>
            </control>
        </control>
    </include>

    <include name="View_Combined_Row">
        <definition>
            <control type="group">
                <include content="View_Combined_Row_Horz">
                    <param name="id">$PARAM[id]</param>
                    <param name="include">$PARAM[include]</param>
                    <param name="visible">$EXP[Exp_View_$PARAM[id]2]</param>
                    <param name="icon_base_var">$PARAM[icon_base_var]</param>
                    <param name="icon">$PARAM[icon]</param>
                </include>
            </control>
        </definition>
    </include>

    <!-- Combined Square -->
    <include name="View_502_Square_Combined_Row">
        <include content="View_Combined_Row">
            <param name="id">50</param>
            <param name="include">List_Square_Row</param>
            <param name="icon_base_var">Image_Icon</param>
            <param name="slide_x">480</param>
            <param name="item_w">480</param>
            <param name="item_alt_w">460</param>
        </include>
    </include>

    <!-- Combined Landscape -->
    <include name="View_512_Landscape_Combined_Row">
       <include content="View_Combined_Row">
            <param name="id">51</param>
            <param name="include">List_Landscape_Row</param>
            <param name="icon_base_var">Image_Landscape</param>
            <param name="slide_x">420</param>
            <param name="item_w">420</param>
            <param name="item_alt_w">400</param>
        </include>        
    </include>

    <!-- Combined Poster -->
    <include name="View_522_Poster_Combined_Row">
        <include content="View_Combined_Row">
            <param name="id">52</param>
            <param name="include">List_Poster_Row</param>
            <param name="icon">$VAR[Image_Poster_Combined]</param>
            <param name="icon_base_var">Image_Poster</param>
            <param name="slide_x">480</param>
            <param name="item_w">480</param>
            <param name="item_alt_w">460</param>
        </include>
    </include>
    
    <!-- Combined Circle -->
    <include name="View_542_Circle_Combined_Row">
        <include content="View_Combined_Row">
            <param name="id">54</param>
            <param name="include">List_Circle_Row</param>
        </include>
    </include>

    <!-- Combined Card -->
    <include name="View_552_Card_Combined_Row">
        <include content="View_Combined_Row" condition="!Skin.HasSetting(View.UseTextBasedCard)">
            <param name="id">55</param>
            <param name="include">List_Card_Row</param>
        </include>
        <include content="View_Combined_Row" condition="Skin.HasSetting(View.UseTextBasedCard)">
            <param name="id">55</param>
            <param name="include">List_Corflute_Row</param>
        </include>
    </include>

    <!-- Combined Board -->
    <include name="View_572_Board_Combined_Row">
        <include content="View_Combined_Row" condition="!Skin.HasSetting(View.UseTextBasedBoard)">
            <param name="id">57</param>
            <param name="include">List_Board_Row</param>
        </include>
        <include content="View_Combined_Row" condition="Skin.HasSetting(View.UseTextBasedBoard)">
            <param name="id">57</param>
            <param name="include">List_Placard_Row</param>
        </include>
    </include>

    <include name="View_Combined_Row_Horz_Selector">
        <control type="group">
            <include content="View_Combined_List_Horz" condition="$EXP[Exp_View_502_Include]">
                <param name="id">50</param>
                <param name="viewtype_label">$LOCALIZE[31083] $LOCALIZE[31320]</param>
                <param name="visible">$EXP[Exp_View_502]</param>
            </include>
            <include content="View_Combined_List_Horz" condition="$EXP[Exp_View_512_Include]">
                <param name="id">51</param>
                <param name="viewtype_label">$LOCALIZE[31083] $LOCALIZE[31045]</param>
                <param name="visible">$EXP[Exp_View_512]</param>
            </include>
            <include content="View_Combined_List_Horz" condition="$EXP[Exp_View_522_Include]">
                <param name="id">52</param>
                <param name="viewtype_label">$LOCALIZE[31083] $LOCALIZE[20021]</param>
                <param name="visible">$EXP[Exp_View_522]</param>
            </include>
            <include content="View_Combined_List_Horz" condition="$EXP[Exp_View_542_Include]">
                <param name="id">54</param>
                <param name="viewtype_label">$LOCALIZE[31083] $LOCALIZE[31431]</param>
                <param name="visible">$EXP[Exp_View_542]</param>
            </include>
            <include content="View_Combined_List_Horz" condition="$EXP[Exp_View_552_Include]">
                <param name="id">55</param>
                <param name="viewtype_label">$LOCALIZE[31083] $LOCALIZE[31423]</param>
                <param name="visible">$EXP[Exp_View_552]</param>
            </include>
            <include content="View_Combined_List_Horz" condition="$EXP[Exp_View_572_Include]">
                <param name="id">57</param>
                <param name="viewtype_label">$LOCALIZE[31083] $LOCALIZE[31424]</param>
                <param name="visible">$EXP[Exp_View_572]</param>
            </include>
        </control>
    </include>
</includes>