<?xml version="1.0" encoding="UTF-8"?>
<includes>

    <include name="View_Row_WallSwitch">
        <param name="wall_toppadding">245</param>
        <param name="wall_toppadding_horz">200</param>
        <param name="wall_bottompadding">140</param>
        <param name="wall_leftpadding" />
        <param name="wall_leftpadding_horz" />
        <param name="wall_rightpadding" />
        <param name="wall_rightpadding_horz" />
        <param name="wall_offsetx">200</param>
        <param name="wall_offsetx_vert">200</param>
        <param name="wall_offsety">40</param>
        <param name="wall_posy">-117</param>
        <param name="wall_animnumitems">8</param>
        <param name="include_condition_special">false</param>
        <definition>
            <control type="group">
                <visible>Control.IsVisible($PARAM[id]8)</visible>
                <visible>!$EXP[Exp_InfoDialogs]</visible>
                
                <animation type="Visible" reversible="false">
                    <effect type="fade" start="0" end="100" time="400" tween="sine" easing="in"/>
                    <effect type="slide" start="0,200" end="0" center="auto" tween="cubic" easing="out" time="300"/>
                </animation>
                <include content="$PARAM[include]" condition="$EXP[Exp_View_WallVert] + ![$PARAM[include_condition_special]]">
                    <param name="id">$PARAM[id]8</param>
                    <param name="orientation">vertical</param>
                    <param name="preloaditems">2</param>
                    <param name="offset_x">$PARAM[wall_offsetx_vert]</param>
                    <param name="offset_y">$PARAM[wall_offsety]</param>
                    <animation effect="slide" start="0" end="0,$PARAM[wall_posy]" tween="cubic" easing="out" time="300" condition="Skin.HasSetting(View.SwitchVerticalWallSize) + Integer.IsGreater(Container.NumItems,$PARAM[wall_animnumitems]) + Integer.IsGreaterOrEqual(Container.Position,$PARAM[wall_animnumitems])">Conditional</animation>
                    <include content="Object_Top" condition="!Skin.HasSetting(View.SwitchVerticalWallSize)">
                        <param name="top">$PARAM[wall_toppadding]</param>
                    </include>
                    <include content="Object_Bottom" condition="!Skin.HasSetting(View.SwitchVerticalWallSize)">
                        <param name="bottom">$PARAM[wall_bottompadding]</param>
                    </include>
                    <include content="Object_Bottom" condition="Skin.HasSetting(View.SwitchVerticalWallSize)">
                        <param name="bottom">$PARAM[wall_posy]</param>
                    </include>
                    <left>$PARAM[wall_leftpadding]</left>
                    <right>$PARAM[wall_rightpadding]</right>
                    <onback>ClearProperty(FurnitureWallMode)</onback>
                    <onleft>SetProperty(List.ViewContainer,50)</onleft>
                    <onleft>SetFocus(303,1,absolute)</onleft>                        
                    <onright>611</onright>
                    <pagecontrol>66</pagecontrol>
                    <onback>Container.SetViewMode($PARAM[id])</onback>
                    <onback>$PARAM[id]50</onback>
                    <onfocus>ClearProperty(TMDbHelper.WidgetContainer)</onfocus>
                    <onfocus>SetProperty(Background.ShowOverlay,True,Home)</onfocus>
                    <visible>String.IsEqual(Window.Property(FurnitureWallMode),Container.FolderPath)</visible>
                    <visible>$EXP[Exp_View_$PARAM[id]]</visible>
                    <viewtype label="$LOCALIZE[587] $LOCALIZE[31167]">wrap</viewtype>
                </include>
                
                <include content="$PARAM[include_special]" condition="$EXP[Exp_View_WallVert] + [$PARAM[include_condition_special]]">
                    <param name="id">$PARAM[id]8</param>
                    <param name="orientation">vertical</param>
                    <param name="preloaditems">2</param>
                    <param name="offset_x">$PARAM[wall_offsetx_vert]</param>
                    <param name="offset_y">$PARAM[wall_offsety]</param>
                    <param name="wall_textlabels">true</param>
                    <animation effect="slide" start="0" end="0,-242" tween="cubic" easing="out" time="300" condition="Integer.IsGreater(Container.NumItems,$PARAM[wall_animnumitems]) + Integer.IsGreaterOrEqual(Container.Position,$PARAM[wall_animnumitems])">Conditional</animation>
                    <bottom>-242</bottom>
                    <left>$PARAM[wall_leftpadding]</left>
                    <right>$PARAM[wall_rightpadding]</right>
                    <onback>ClearProperty(FurnitureWallMode)</onback>
                    <onleft>SetProperty(List.ViewContainer,50)</onleft>
                    <onleft>SetFocus(303,1,absolute)</onleft>                        
                    <onright>611</onright>
                    <pagecontrol>66</pagecontrol>
                    <onback>Container.SetViewMode($PARAM[id])</onback>
                    <onback>$PARAM[id]50</onback>
                    <onfocus>ClearProperty(TMDbHelper.WidgetContainer)</onfocus>
                    <onfocus>SetProperty(Background.ShowOverlay,True,Home)</onfocus>
                    <visible>String.IsEqual(Window.Property(FurnitureWallMode),Container.FolderPath)</visible>
                    <visible>$EXP[Exp_View_$PARAM[id]]</visible>
                    <viewtype label="$LOCALIZE[587] $LOCALIZE[31167]">wrap</viewtype>
                </include>
                <include content="$PARAM[include]" condition="!$EXP[Exp_View_WallVert]">
                    <param name="id">$PARAM[id]8</param>
                    <param name="preloaditems">2</param>
                    <param name="offset_x">$PARAM[wall_offsetx]</param>
                    <top>$PARAM[wall_toppadding_horz]</top>
                    <bottom>$PARAM[wall_bottompadding]</bottom>
                    <left>$PARAM[wall_leftpadding_horz]</left>
                    <right>$PARAM[wall_rightpadding_horz]</right>
                    
                    <include content="Action_View_Movement_OnUp">
                        <param name="id">$PARAM[id]8</param>
                    </include>
                        
                    <ondown>610</ondown>
                    <pagecontrol>69</pagecontrol>
                    <onback>ClearProperty(FurnitureWallMode)</onback>
                    <onback>Container.SetViewMode($PARAM[id])</onback>
                    <onback>$PARAM[id]50</onback>
                    <onfocus>ClearProperty(TMDbHelper.WidgetContainer)</onfocus>
                    <onfocus>SetProperty(Background.ShowOverlay,True,Home)</onfocus>
                    <visible>String.IsEqual(Window.Property(FurnitureWallMode),Container.FolderPath)</visible>
                    <visible>$EXP[Exp_View_$PARAM[id]]</visible>
                    <viewtype label="$LOCALIZE[587] $LOCALIZE[31167]">wrap</viewtype>
                </include>
            </control>
            <control type="group">
                <include content="Object_Hidden_Button">
                    <param name="id">$PARAM[id]50</param>
                    <onfocus>SetFocus($PARAM[id])</onfocus>
                </include>
                <include content="Object_Hidden_Button">
                    <param name="id">$PARAM[id]60</param>
                    <onfocus>Container.SetViewMode($PARAM[id]8)</onfocus>
                    <onfocus>Container.SetViewMode($PARAM[id]8)</onfocus>
                    <onfocus>SetFocus($PARAM[id]8)</onfocus>
                </include>
            </control>
            <control type="group">
                <visible>Skin.HasSetting(View.SwitchVerticalWallSize) + $EXP[Exp_View_WallVert]</visible>
                <control type="image">
                    <top>0</top>
                    <height>view_side</height>
                    <texture colordiffuse="main_bg_90" flipy="true">common/gradient-v.png</texture>
                    <animation effect="fade" start="0" end="100" time="300" tween="sine" easing="in" condition="Integer.IsGreaterOrEqual(Container.Position,$PARAM[wall_animnumitems])" reversible="false">Conditional</animation>
                    <animation effect="fade" start="100" end="0" time="300" tween="sine" easing="in" condition="![Integer.IsGreaterOrEqual(Container.Position,$PARAM[wall_animnumitems])]" reversible="false">Conditional</animation>
                </control>
                <control type="image">
                    <bottom>0</bottom>
                    <height>view_side</height>
                    <texture colordiffuse="main_bg_90">common/gradient-v.png</texture>
                    <animation effect="fade" start="0" end="100" time="300" tween="sine" easing="in" condition="Container.HasNext" reversible="false">Conditional</animation>
                    <animation effect="fade" start="100" end="0" time="300" tween="sine" easing="in" condition="!Container.HasNext" reversible="false">Conditional</animation>
                </control>
            </control>
        </definition>
    </include>

    <!-- Square Row -->
    <include name="View_050_Square_Row">
        <include content="View_Row_Include">
            <param name="id">50</param>
            <param name="wall_rightpadding">180</param>
            <param name="offset_x_vert">view_offx</param>
            <param name="wall_posy">-122</param>
            <param name="wall_animnumitems">14</param>
            <param name="wall_include">List_Square_Wall</param>
            <param name="include">List_Square_Row</param>
            <param name="viewtype_label">$LOCALIZE[31320]</param>
            <param name="visible">$EXP[Exp_View_50]</param>
        </include>
    </include>

    <!-- Landscape Row -->
    <include name="View_051_Landscape_Row">
        <include content="View_Row_Include">
            <param name="id">51</param>
            <param name="wall_offsety">35</param>
            <param name="wall_include">List_Landscape_Wall</param>
            <param name="include">List_Landscape_Row</param>
            <param name="viewtype_label">$LOCALIZE[31045]</param>
            <param name="visible">$EXP[Exp_View_51]</param>
        </include>
    </include>

    <!-- Poster Row -->
    <include name="View_052_Poster_Row">
        <include content="View_Row_Include">
            <param name="id">52</param>
            <param name="wall_toppadding">260</param>
            <param name="wall_rightpadding">180</param>
            <param name="wall_rightpadding_horz">180</param>
            <param name="wall_offsety">20</param>
            <param name="wall_posy">-102</param>
            <param name="wall_animnumitems">14</param>
            <param name="wall_include">List_Poster_Wall</param>
            <param name="wall_include_special">List_Poster_Wall_Detailed</param>
            <param name="wall_include_condition_special">Skin.HasSetting(View.SwitchVerticalWallSize) + Skin.HasSetting(Enable.WallDetailedLabels)</param>
            <param name="include">List_Poster_Row</param>
            <param name="viewtype_label">$LOCALIZE[20021]</param>
            <param name="visible">$EXP[Exp_View_52]</param>
        </include>
    </include>

    <!-- Circle Row -->
    <include name="View_500_Circle_Row">
        <include content="View_Row_Include">
            <param name="id">500</param>
            <param name="wall_rightpadding">180</param>
            <param name="wall_rightpadding_horz">180</param>
            <param name="offset_x_vert">view_offx</param>
            <param name="wall_posy">-122</param>
            <param name="wall_animnumitems">14</param>
            <param name="wall_include">List_Circle_Wall</param>
            <param name="include">List_Circle_Row</param>
            <param name="viewtype_label">$LOCALIZE[31431]</param>
            <param name="visible">$EXP[Exp_View_500]</param>
        </include>
    </include>
    
    <!-- Banner Row -->
    <include name="View_530_Banner_Row">
        <include content="View_Row_Include">
            <param name="id">530</param>
            <param name="wall_toppadding">260</param>
            <param name="wall_offsety">20</param>
            <param name="wall_bottompadding">114</param>
            <param name="wall_posy">-140</param>
            <param name="wall_animnumitems">21</param>
            <param name="wall_include">List_MiniBanner_Wall</param>
            <param name="include">List_Banner_Row</param>
            <param name="viewtype_label">$LOCALIZE[20020]</param>
            <param name="visible">$EXP[Exp_View_530]</param>
        </include>
    </include>
    
    <!-- Card Row -->
    <include name="View_532_Card_Row">
        <include content="View_Row_Include" condition="!Skin.HasSetting(View.UseTextBasedCard)">
            <param name="id">532</param>
            <param name="include">List_Card_Row</param>
            <param name="viewtype_label">$LOCALIZE[31423]</param>
            <param name="visible">$EXP[Exp_View_532]</param>
        </include>
        <include content="View_Row_Include" condition="Skin.HasSetting(View.UseTextBasedCard)">
            <param name="id">532</param>
            <param name="include">List_Corflute_Row</param>
            <param name="viewtype_label">$LOCALIZE[31423] (T)</param>
            <param name="visible">$EXP[Exp_View_532]</param>
        </include>
    </include>
    
    <!-- Overview Row -->
    <include name="View_533_Overview_Row">
        <include content="View_Row_Include">
            <param name="id">533</param>
            <param name="wall_offsety">35</param>
            <param name="wall_posy">-117</param>
            <param name="wall_animnumitems">6</param>
            <param name="wall_include">List_Overview_Wall</param>
            <param name="include">List_Overview_Row</param>
            <param name="viewtype_label">$LOCALIZE[31419]</param>
            <param name="visible">$EXP[Exp_View_533]</param>
        </include>
    </include>
    
    <!-- Board Row -->
    <include name="View_531_Board_Row">
        <include content="View_Row_Include" condition="!Skin.HasSetting(View.UseTextBasedBoard)">
            <param name="id">531</param>
            <param name="wall_toppadding">260</param>
            <param name="wall_offsety">20</param>
            <param name="wall_posy">-102</param>
            <param name="wall_animnumitems">6</param>
            <param name="wall_include">List_Board_Wall</param>
            <param name="include">List_Board_Row</param>
            <param name="viewtype_label">$LOCALIZE[31424]</param>
            <param name="visible">$EXP[Exp_View_531]</param>
        </include>
        <include content="View_Row_Include" condition="Skin.HasSetting(View.UseTextBasedBoard)">
            <param name="id">531</param>
            <param name="wall_toppadding">260</param>
            <param name="wall_offsety">20</param>
            <param name="wall_posy">-102</param>
            <param name="wall_animnumitems">6</param>
            <param name="wall_include">List_Placard_Wall</param>
            <param name="include">List_Placard_Row</param>
            <param name="viewtype_label">$LOCALIZE[31424] (T)</param>
            <param name="visible">$EXP[Exp_View_531]</param>
        </include>
    </include>

    <!-- Row Template View -->
    <include name="View_Row_Include">
        <definition>
            <control type="group">
                <visible>Control.IsVisible($PARAM[id])</visible>
                <visible>!Control.IsVisible($PARAM[id]8)</visible>
                <control type="group">
                    <include>Transitions_List_Visibility</include>
                    <include content="$PARAM[include]">
                        <param name="id">$PARAM[id]</param>
                        <height>divider_bottom</height>
                        <bottom>40</bottom>
                        <include content="Action_View_Movement_OnUp">
                            <param name="id">$PARAM[id]</param>
                        </include>
                        <include content="Action_View_Movement_OnLeftRight">
                            <param name="id">$PARAM[id]</param>
                            <param name="onback">[Integer.IsEqual(Container($PARAM[id]).CurrentItem,1)]</param>
                        </include>
                        <include content="Action_View_Movement_OnDown">
                            <param name="id">$PARAM[id]</param>
                        </include>
                        <pagecontrol>60</pagecontrol>
                        <visible>$PARAM[visible]</visible>
                        <viewtype label="$PARAM[viewtype_label]">wrap</viewtype>
                        <onfocus>ClearProperty(TMDbHelper.WidgetContainer)</onfocus>
                        <onfocus>ClearProperty(Background.ShowOverlay,Home)</onfocus>
                        <include>Action_View_SlideOver_OnFocus</include>
                        <include content="Object_HitRect">
                            <param name="x">view_side</param>
                            <param name="y">586</param>
                            <param name="w">1640</param>
                            <param name="h">view_poster_item_h</param>
                        </include>
                    </include>
                </control>
            </control>
            <include content="View_Row_WallSwitch" condition="String.IsEqual(Skin.String(Navigation.Global.OnDown),Wall) + !$EXP[Exp_View_532]">
                <param name="id">$PARAM[id]</param>
                <param name="include">$PARAM[wall_include]</param>
                <param name="include_special">$PARAM[wall_include_special]</param>
                <param name="include_condition_special">$PARAM[wall_include_condition_special]</param>
                <param name="wall_toppadding">$PARAM[wall_toppadding]</param>
                <param name="wall_toppadding_horz">$PARAM[wall_toppadding_horz]</param>
                <param name="wall_bottompadding">$PARAM[wall_bottompadding]</param>
                <param name="wall_leftpadding">$PARAM[wall_leftpadding]</param>
                <param name="wall_leftpadding_horz">$PARAM[wall_leftpadding_horz]</param>
                <param name="wall_rightpadding">$PARAM[wall_rightpadding]</param>
                <param name="wall_rightpadding_horz">$PARAM[wall_rightpadding_horz]</param>
                <param name="wall_offsetx">$PARAM[wall_offsetx]</param>
                <param name="wall_offsetx_vert">$PARAM[wall_offsetx_vert]</param>
                <param name="wall_offsety">$PARAM[wall_offsety]</param>
                <param name="wall_posy">$PARAM[wall_posy]</param>
                <param name="wall_animnumitems">$PARAM[wall_animnumitems]</param>
                <param name="wall_textlabels">$PARAM[wall_textlabels]</param>
            </include>
        </definition>
    </include>
</includes>
