<?xml version="1.0" encoding="UTF-8"?>
<window type="dialog" id="1113">
    <defaultcontrol always="true">8000</defaultcontrol>
    <controls>

        <include content="Object_Hidden_Button">
            <param name="id">8000</param>
            <onleft>Close</onleft>
            <onclick>Close</onclick>
            <onup>Control.Message(61,pageup)</onup>
            <ondown>Control.Message(61,pagedown)</ondown>
        </include>

        <control type="group">
            <include>Animation_Right_Delay</include>
            <include>Dialog_Head_CloseButton</include>
        </control>

    </controls>
</window>