<?xml version="1.0" encoding="UTF-8"?>
<window type="dialog" id="1157">
    <defaultcontrol always="true">8000</defaultcontrol>
    <controls>
        <control type="group">
            <include>Dimension_DialogSideMenu</include>
            <include>Animation_Right_Delay</include>
            <include content="Dialog_Dim_Side">
                <param name="slide_animation">False</param>
            </include>


            <include content="Dialog_Foreground_Side">
                <param name="dialog_size">Dimension_DialogSideMenu</param>
                <param name="lines_right">0</param>
                <param name="topline">true</param>
                <param name="subline">true</param>

                <!-- Header -->
                <include content="Dialog_Head">
                    <param name="label">$LOCALIZE[31179]</param>
                </include>
                <include>Dialog_Head_CloseButton</include>

                <!-- Content -->
                <control type="group">
                    <include>Dimension_Dialog_Body</include>
                    <control type="group">
                        <include>Dimension_Dialog_Body_Group</include>
                        <include content="Settings_Label">
                            <top>-20</top>
                            <label>$LOCALIZE[137]</label>
                        </include>
                        <control type="edit" id="8001">
                            <height>80</height>
                            <onup>SetFocus(8000,99999,absolute)</onup>
                            <ondown>8002</ondown>
                            <top>20</top>
                        </control>

                        <control type="grouplist" id="8003">
                            <top>120</top>
                            <height>80</height>
                            <orientation>vertical</orientation>
                            <onup>8001</onup>
                            <ondown>SetFocus(8000,0,absolute)</ondown>
                            <onright>61</onright>
                            <include content="Settings_ButtonImage">
                                <param name="id">8002</param>
                                <param name="groupid">8102</param>
                                <param name="dialog">true</param>
                                <param name="control">button</param>
                                <param name="icon">special://skin/extras/icons/triangle-exclamation.png</param>
                                <label>$LOCALIZE[192]</label>
                                <onclick condition="String.IsEmpty(Window(1105).Property(SearchDiscover.PersonSearch))">ClearProperty(SearchDiscover.CastLabel,1105)</onclick>
                                <onclick condition="String.IsEmpty(Window(1105).Property(SearchDiscover.PersonSearch))">ClearProperty(SearchDiscover.CastID,1105)</onclick>
                                <onclick condition="String.IsEqual(Window(1105).Property(SearchDiscover.PersonSearch),Crew)">ClearProperty(SearchDiscover.CrewLabel,1105)</onclick>
                                <onclick condition="String.IsEqual(Window(1105).Property(SearchDiscover.PersonSearch),Crew)">ClearProperty(SearchDiscover.CrewID,1105)</onclick>
                                <onclick condition="String.IsEqual(Window(1105).Property(SearchDiscover.PersonSearch),People)">ClearProperty(SearchDiscover.PeopleLabel,1105)</onclick>
                                <onclick condition="String.IsEqual(Window(1105).Property(SearchDiscover.PersonSearch),People)">ClearProperty(SearchDiscover.PeopleID,1105)</onclick>
                                <onclick>Close</onclick>
                                <ondown>SetFocus(8000,0,absolute)</ondown>
                            </include>
                        </control>
                        <control type="image">
                            <left>20</left>
                            <right>20</right>
                            <centertop>220</centertop>
                            <height>1</height>
                            <texture colordiffuse="main_fg_12">common/white.png</texture>
                        </control>
                        <include content="List_DialogSelect">
                            <param name="id">8000</param>
                            <param name="misc">[String.IsEqual(Window(1105).Property(SearchDiscover.KeywordLabel),ListItem.Label)]</param>
                            <param name="control">fixedlist</param>
                            <focusposition>1</focusposition>
                            <movement>6</movement>
                            <pagecontrol>61</pagecontrol>
                            <onup>8002</onup>
                            <top>240</top>
                            <onright>61</onright>
                            <onleft>Close</onleft>
                            <onclick>SetProperty(SearchDiscover.KeywordLabel,$INFO[Container(8000).ListItem.Label],1105)</onclick>
                            <onclick>SetProperty(SearchDiscover.KeywordID,$INFO[Container(8000).ListItem.Property(TMDb_ID)],1105)</onclick>
                            <onclick>Close</onclick>
                            <content>$VAR[Path_KeywordSearch]</content>
                            <animation effect="fade" start="100" end="0" condition="Container(8000).IsUpdating">Conditional</animation>
                        </include>

                        <control type="group">
                            <top>80</top>
                            <include content="Widget_Busy_Spinner">
                                <param name="busy_visible">true</param>
                                <param name="label">$LOCALIZE[31179]</param>
                                <visible>Container(8000).IsUpdating</visible>
                            </include>
                        </control>
                    </control>
                    <include content="Dialog_Scrollbar">
                        <param name="id">61</param>
                        <onleft>8000</onleft>
                    </include>
                </control>
            </include>

        </control>

    </controls>
</window>