<?xml version="1.0" encoding="UTF-8"?>
<includes>

    <!-- Media List -->
    <include name="View_056_MediaList">		
        <include content="View_MediaList_Include" condition="Window.IsVisible(MyVideoNav.xml)">
            <param name="id">56</param>
            <param name="viewtype_label">$LOCALIZE[31479]</param>
            <param name="visible">$EXP[Exp_View_56]</param>
            <param name="right">802.67</param>
            <include>View_MediaList_PosterLandscape</include>
        </include>
        <include content="View_MediaList_Include" condition="!Window.IsVisible(MyVideoNav.xml)">
            <param name="id">56</param>
            <param name="viewtype_label">$LOCALIZE[31479]</param>
            <param name="visible">$EXP[Exp_View_56]</param>
            <param name="right">896.67</param>
            <include>View_MediaList_SquareLandscape</include>
        </include>
    </include>
    <include name="View_516_Landscape_MediaList">
        <include content="View_MediaList_Include">
            <param name="id">516</param>
            <param name="viewtype_label">$LOCALIZE[31480]</param>
            <param name="visible">$EXP[Exp_View_516]</param>
            <param name="right">view_board_itemlayout_w</param>
            <include>View_MediaList_Landscape</include>
        </include>
    </include>
	<include name="View_517_BigPoster_MediaList">
        <include content="View_MediaList_Include">
            <param name="id">517</param>
            <param name="viewtype_label">List BigPoster</param>
            <param name="visible">$EXP[Exp_View_517]</param>
            <param name="right">view_board_itemlayout_w</param>
            <include>View_MediaList_BigPoster</include>
        </include>
    </include>
	
	<!-- Combo List -->
    <include name="View_524_ComboList">
        <include content="View_ComboList_Include">
            <param name="id">524</param>
            <param name="comboid">526</param>
            <param name="viewtype_label">Combined List</param>
            <param name="visible">$EXP[Exp_View_524]</param>
        </include>
    </include>
	
	<variable name="View_524_Content">
        <value condition="String.IsEmpty(Window.Property(SpecialFolderPath)) + !String.IsEmpty(Container(524).ListItem.FolderPath) + Container(524).ListItem.IsFolder">$INFO[Container(524).ListItem.FolderPath]</value>
        <value condition="!String.IsEmpty(Window.Property(SpecialFolderPath))">$INFO[Window.Property(SpecialFolderPath)]</value>
    </variable>
	
	<include name="View_ComboList_Loading_Item">
        <control type="group">
            <top>40</top>
            <left>40</left>
            <height>233.33</height>
            <control type="group">
                <width>414.81</width>
                <include content="Object_ItemBack">
                    <param name="shadow_colordiffuse">shadow_soft</param>
                    <param name="colordiffuse">main_fg_12</param>
                </include>
            </control>

            <control type="group">
                <left>414.81</left>
                <top>-5</top>
                <height>80</height>
                <control type="group">
					<visible>String.IsEmpty(Window(Home).Property(SideMenu.HasFocus))</visible>
                    <left>40</left>
                    <top>20</top>
                    <height>24</height>
                    <width>40%</width>
                    <include content="Object_Control">
                        <param name="control">image</param>
                        <include content="Dimension_Padding">
                            <param name="pad">-20</param>
                        </include>
                        <bordersize>20</bordersize>
                        <bordertexture colordiffuse="shadow_soft" border="32">common/widget_text_shadow_20.png</bordertexture>
                        <texture colordiffuse="main_fg_12" border="12">common/widget_text.png</texture>
                    </include>
                </control>
				
				<control type="group">
					<visible>!String.IsEmpty(Window(Home).Property(SideMenu.HasFocus))</visible>
                    <left>40</left>
                    <top>20</top>
                    <height>24</height>
                    <width>24%</width>
                    <include content="Object_Control">
                        <param name="control">image</param>
                        <include content="Dimension_Padding">
                            <param name="pad">-20</param>
                        </include>
                        <bordersize>20</bordersize>
                        <bordertexture colordiffuse="shadow_soft" border="32">common/widget_text_shadow_20.png</bordertexture>
                        <texture colordiffuse="main_fg_12" border="12">common/widget_text.png</texture>
                    </include>
                </control>
				
                <control type="group">
					<visible>String.IsEmpty(Window(Home).Property(SideMenu.HasFocus))</visible>
                    <left>40</left>
                    <top>70</top>
                    <height>135</height>
                    <width>80%</width>
                    <include content="Object_Control">
                        <param name="control">image</param>
                        <include content="Dimension_Padding">
                            <param name="pad">-20</param>
                        </include>
                        <bordersize>20</bordersize>
                        <bordertexture colordiffuse="shadow_soft" border="32">common/widget_text_shadow_20.png</bordertexture>
                        <texture colordiffuse="main_fg_12" border="12">common/widget_text.png</texture>
                    </include>
                </control>
				
				<control type="group">
					<visible>!String.IsEmpty(Window(Home).Property(SideMenu.HasFocus))</visible>
                    <left>40</left>
                    <top>70</top>
                    <height>135</height>
                    <width>64%</width>
                    <include content="Object_Control">
                        <param name="control">image</param>
                        <include content="Dimension_Padding">
                            <param name="pad">-20</param>
                        </include>
                        <bordersize>20</bordersize>
                        <bordertexture colordiffuse="shadow_soft" border="32">common/widget_text_shadow_20.png</bordertexture>
                        <texture colordiffuse="main_fg_12" border="12">common/widget_text.png</texture>
                    </include>
                </control>
            </control>
        </control>
    </include>

    <include name="View_ComboList_Include">
        <param name="width">620</param>
        <definition>

            <control type="group">
                <visible>Control.IsVisible($PARAM[id])</visible>
                <include>Dimension_Info</include>

                <nested />

                <control type="group">
				
					<visible>!$EXP[Exp_InfoDialogs]</visible>

                    <include content="Animation_Zoom_In">
						<param name="type">Visible</param>
						<param name="delay">200</param>
					</include>
					<include content="Animation_Zoom_Out">
						<param name="type">Hidden</param>
						<param name="delay">200</param>
					</include>
					
					<control type="group">				
						<width>$PARAM[width]</width>
						<top>225</top>					
						<include content="Object_Bottom" condition="!Skin.HasSetting(Disable.ComboListDetailedView)">
							<param name="bottom">200</param>
						</include>
						<include content="Object_Bottom" condition="Skin.HasSetting(Disable.ComboListDetailedView)">
							<param name="bottom">30</param>
						</include>	
						
						<animation effect="slide" start="0" end="0,177" time="400" tween="cubic" easing="out" condition="!Skin.HasSetting(Disable.ComboListDetailedView)" reversible="false">Conditional</animation>

						<include content="List_DialogSelect">
							<param name="id">$PARAM[id]</param>
							<param name="textcolor">main_fg</param>
							<param name="control">list</param>
							<param name="itemlayout_include">Layout_MediaList</param>
							<param name="variation">true</param>

							<left>-20</left>
							<right>-80</right>

							<onleft>SetProperty(List.ViewContainer,50)</onleft>
							<onleft>SetFocus(303,1,absolute)</onleft>
							
							<onright>$PARAM[comboid]</onright>

							<include content="Action_View_Movement_OnBack">
								<param name="id">$PARAM[id]</param>
								<param name="onback">True</param>
							</include>

							<visible>$PARAM[visible]</visible>
							<viewtype label="$PARAM[viewtype_label]">list</viewtype>
							<top>15</top>
							<onfocus>ClearProperty(TMDbHelper.WidgetContainer)</onfocus>
							<onfocus>SetProperty(Background.ShowOverlay,True,Home)</onfocus>
						</include>
					</control>

					<control type="group">
						<left>$PARAM[width]</left>
						<control type="group">
						
							<top>-90</top>
							<bottom>-30</bottom>
							<left>40</left>
							<right>-100</right>
							
							<include content="Object_Hidden_Button" condition="!Skin.HasSetting(Textboxes.DisableAutoscroll)">
								<param name="id">528</param>
								<onfocus>SetFocus(526)</onfocus>
								<onfocus>ClearProperty(StartScroll,Home)</onfocus>
								<onunfocus>SetProperty(StartScroll,True,Home)</onunfocus>
							</include>

							<include content="List_DialogSelect">
								<param name="id">$PARAM[comboid]</param>
								<param name="textcolor">main_fg</param>
								<param name="control">fixedlist</param>
								<param name="itemlayout_include">Layout_MediaList_Detailed</param>
								<param name="variation">7</param>

								<param name="item_height">293.33</param>
								<param name="misc">414.81</param>                           

								<include content="Action_View_Movement_OnBack">
									<param name="id">$PARAM[comboid]</param>
									<param name="onback">[Integer.IsEqual(Container($PARAM[comboid]).CurrentItem,1)]</param>
									<param name="backid">63</param>
									<param name="always">true</param>
								</include>							

								<animation type="Conditional" reversible="false" condition="Container($PARAM[comboid]).IsUpdating">
									<effect type="fade" start="100" end="0" time="200" delay="600" />
								</animation>

								<content target="$VAR[Path_CollectionNode_Target]" sortby="$VAR[View_Combined_SortBy]" sortorder="ascending">$VAR[View_$PARAM[id]_Content]</content>													
								
								
								<onfocus condition="String.IsEmpty(Window(Home).Property(ResetScroll)) + !Skin.HasSetting(Textboxes.DisableAutoscroll)">SetProperty(ResetScroll," ",Home)</onfocus>
								<onfocus condition="!String.IsEmpty(Window(Home).Property(ResetScroll)) + !Skin.HasSetting(Textboxes.DisableAutoscroll)">ClearProperty(ResetScroll,Home)</onfocus>														
								<onunfocus condition="String.IsEmpty(Window(Home).Property(ResetScroll)) + !Skin.HasSetting(Textboxes.DisableAutoscroll)">SetProperty(ResetScroll," ",Home)</onunfocus>
								<onunfocus condition="!String.IsEmpty(Window(Home).Property(ResetScroll)) + !Skin.HasSetting(Textboxes.DisableAutoscroll)">ClearProperty(ResetScroll,Home)</onunfocus>	
								
								<onfocus condition="!Skin.HasSetting(Textboxes.DisableAutoscroll)">SetProperty(StartScroll,True,Home)</onfocus>
								<onunfocus condition="!Skin.HasSetting(Textboxes.DisableAutoscroll)">ClearProperty(StartScroll,Home)</onunfocus>
								
								<onleft>$PARAM[id]</onleft>
								<onright>66</onright>                            

								<focusposition>1</focusposition>
								<movement>1</movement>
								<pagecontrol>66</pagecontrol>
								
								<onfocus>ClearProperty(TMDbHelper.WidgetContainer)</onfocus>
								<onfocus>SetProperty(Background.ShowOverlay,True,Home)</onfocus>
							</include>


							<control type="grouplist">
								<top>-10</top>
								<left>20</left>
								<orientation>vertical</orientation>

								<animation type="Conditional" reversible="false" condition="Container($PARAM[comboid]).IsUpdating">
									<effect type="fade" start="0" end="100" time="200" delay="600" />
								</animation>
								<animation type="Conditional" reversible="false" condition="!Container($PARAM[comboid]).IsUpdating">
									<effect type="fade" start="100" end="0" time="0" delay="0" />
								</animation>

								<itemgap>20</itemgap>

								<include>View_ComboList_Loading_Item</include>
								<include>View_ComboList_Loading_Item</include>
								<include>View_ComboList_Loading_Item</include>
							</control>
						</control>
					</control>
                </control>
            </control>
        </definition>
    </include>

    <include name="View_MediaList_Square">
        <control type="group">
            <right>-40</right>
            <bottom>0</bottom>
            <height>view_poster_itemlayout_h</height>
            <control type="group">
                <right>0</right>
                <height>view_poster_itemlayout_h</height>
                <width>view_poster_itemlayout_h</width>
                <visible>!$EXP[Exp_InfoDialogs]</visible>
                <include content="Transitions_Standard_Animation">
                    <param name="visible_delay">80</param>
                    <param name="hidden_delay">280</param>
                    <param name="slide_x">240</param>
                </include>
                <include content="Layout_Poster">
                    <param name="indicator">false</param>
                    <param name="diffuse">diffuse/square_w294_h294.png</param>
                    <param name="item_w">view_poster_item_h</param>
                    <param name="item_h">view_poster_item_h</param>
                </include>
            </control>
        </control>
    </include>
	
	<include name="View_MediaList_Landscape">
        <control type="group">
            <right>-40</right>
			
			<animation effect="slide" start="40" end="-80" time="400" tween="cubic" easing="out" condition="!String.IsEmpty(Window(Home).Property(SideMenu.HasFocus))" reversible="false">Conditional</animation>
			<animation effect="slide" start="-80" end="40" time="400" tween="cubic" easing="out" condition="String.IsEmpty(Window(Home).Property(SideMenu.HasFocus))" reversible="false">Conditional</animation>
			
            <bottom>0</bottom>
             <height>view_poster_itemlayout_h</height>
            <control type="group">
                <right>0</right>
                <height>view_poster_itemlayout_h</height>
                <width>view_board_itemlayout_w</width>
                <visible>!$EXP[Exp_InfoDialogs]</visible>
                <include content="Transitions_Standard_Animation">
                    <param name="visible_delay">120</param>
                    <param name="hidden_delay">240</param>
                    <param name="slide_x">320</param>
                </include>
                <include content="Layout_Poster">
                    <param name="icon">$VAR[Image_Landscape]</param>
                    <param name="diffuse">diffuse/landscape_w520_h294.png</param>
                    <param name="indicator">true</param>
                    <param name="item_w">view_board_item_w</param>
                    <param name="item_h">view_poster_item_h</param>
                </include>
            </control>
        </control>
    </include>

    <include name="View_MediaList_BigPoster">
        <control type="group">
            <right>-40</right>
			
			<animation effect="slide" start="40" end="-80" time="400" tween="cubic" easing="out" condition="!String.IsEmpty(Window(Home).Property(SideMenu.HasFocus))" reversible="false">Conditional</animation>
			<animation effect="slide" start="-80" end="40" time="400" tween="cubic" easing="out" condition="String.IsEmpty(Window(Home).Property(SideMenu.HasFocus))" reversible="false">Conditional</animation>
			
            <bottom>40</bottom>
            <height>764.4</height>
            <control type="group">
                <right>0</right>
                <height>764.4</height>
                <width>view_board_itemlayout_w</width>
                <visible>!$EXP[Exp_InfoDialogs]</visible>
                <include content="Transitions_Standard_Animation">
                    <param name="visible_delay">120</param>
                    <param name="hidden_delay">240</param>
                    <param name="slide_x">320</param>
                </include>
                <include content="Layout_Poster">
                    <param name="icon">$VAR[Image_Poster]</param>
                    <param name="diffuse">diffuse/poster_w460_h680.png</param>
                    <param name="indicator">true</param>
                    <param name="item_w">view_board_item_w</param>
                    <param name="item_h">764.4</param>
                </include>
            </control>
        </control>
    </include>

    <include name="View_MediaList_PosterLandscape">
        <param name="visible">!$EXP[Exp_InfoDialogs]</param>
        <definition>
            <control type="group">
                <right>-40</right>
				
				<animation effect="slide" start="40" end="-80" time="400" tween="cubic" easing="out" condition="!String.IsEmpty(Window(Home).Property(SideMenu.HasFocus))" reversible="false">Conditional</animation>
				<animation effect="slide" start="-80" end="40" time="400" tween="cubic" easing="out" condition="String.IsEmpty(Window(Home).Property(SideMenu.HasFocus))" reversible="false">Conditional</animation>
				
                <bottom>0</bottom>
                <height>view_poster_itemlayout_h</height>
                <control type="group">
                    <right>0</right>
                    <height>view_poster_itemlayout_h</height>
                    <width>view_board_itemlayout_w</width>
                    <visible>$PARAM[visible]</visible>
                    <include content="Transitions_Standard_Animation">
                        <param name="visible_delay">120</param>
                        <param name="hidden_delay">240</param>
                        <param name="slide_x">320</param>
                    </include>
                    <include content="Layout_Poster">
                        <param name="icon">$VAR[Image_Landscape]</param>
                        <param name="diffuse">diffuse/landscape_w520_h294.png</param>
                        <param name="indicator">true</param>
                        <param name="item_w">view_board_item_w</param>
                        <param name="item_h">view_poster_item_h</param>
                    </include>
                </control>

                <control type="group">
                    <right>view_board_itemlayout_w</right>
                    <height>view_poster_itemlayout_h</height>
                    <width>view_poster_itemlayout_w</width>
                    <visible>$PARAM[visible]</visible>
                    <include content="Transitions_Standard_Animation">
                        <param name="visible_delay">80</param>
                        <param name="hidden_delay">280</param>
                        <param name="slide_x">240</param>
                    </include>
                    <include content="Layout_Poster">
                        <param name="indicator">false</param>
                        <param name="item_w">view_poster_item_w</param>
                        <param name="item_h">view_poster_item_h</param>
                    </include>
                </control>
            </control>
        </definition>
    </include>

    <include name="View_MediaList_SquareLandscape">
        <control type="group">
            <right>-40</right>
            <bottom>0</bottom>
            <height>view_poster_itemlayout_h</height>
            <control type="group">
                <right>0</right>
                <height>view_poster_itemlayout_h</height>
                <width>view_board_itemlayout_w</width>
                <visible>!$EXP[Exp_InfoDialogs]</visible>
                <include content="Transitions_Standard_Animation">
                    <param name="visible_delay">120</param>
                    <param name="hidden_delay">240</param>
                    <param name="slide_x">320</param>
                </include>
                <include content="Layout_Poster">
                    <param name="icon">$VAR[Image_Landscape]</param>
                    <param name="diffuse">diffuse/landscape_w520_h294.png</param>
                    <param name="indicator">true</param>
                    <param name="item_w">view_board_item_w</param>
                    <param name="item_h">view_poster_item_h</param>
                </include>
            </control>

            <control type="group">
                <right>view_board_itemlayout_w</right>
                <height>view_poster_itemlayout_h</height>
                <width>view_poster_itemlayout_h</width>
                <visible>!$EXP[Exp_InfoDialogs]</visible>
                <include content="Transitions_Standard_Animation">
                    <param name="visible_delay">80</param>
                    <param name="hidden_delay">280</param>
                    <param name="slide_x">240</param>
                </include>
                <include content="Layout_Poster">
                    <param name="indicator">false</param>
                    <param name="diffuse">diffuse/square_w294_h294.png</param>
                    <param name="item_w">view_poster_item_h</param>
                    <param name="item_h">view_poster_item_h</param>
                </include>
            </control>
        </control>
    </include>

    <include name="View_MediaList_Include">
		<param name="overlay">false</param>
        <definition>

            <control type="group">
                <visible>Control.IsVisible($PARAM[id])</visible>
                <include>Dimension_Info</include>

                <nested />

                <control type="group">
                    <left>-20</left>
                    <right>$PARAM[right]</right>
                    <bottom>20</bottom>
                    <top>402</top>

                    <visible>!$EXP[Exp_InfoDialogs]</visible>

                    <include content="Animation_Fade_In">
                        <param name="type">Visible</param>
                        <param name="delay">40</param>
                        <param name="time">300</param>
                    </include>
                    <include content="Animation_Fade_Out">
                        <param name="type">Hidden</param>
                        <param name="delay">320</param>
                        <param name="time">200</param>
                    </include>

                    <include content="List_DialogSelect">
                        <param name="id">$PARAM[id]</param>
                        <param name="textcolor">main_fg</param>
                        <param name="control">fixedlist</param>
                        <param name="itemlayout_include">Layout_MediaList</param>						
						
                        <right>30</right>						

                        <!-- <onleft>SetProperty(List.ViewContainer.Bump,True)</onleft> -->
                        <onleft>SetProperty(List.ViewContainer,50)</onleft>
                        <onleft>SetFocus(303,1,absolute)</onleft>

                        <onright condition="Skin.String(Navigation.Global.OnDown,Options)">ActivateWindow(1171)</onright>
                        <onright condition="Skin.String(Navigation.Global.OnDown,Filter)">SetFocus(64)</onright>
                        <onright condition="Skin.String(Navigation.Global.OnDown,Explore)">SetFocus(67)</onright>
                        <onright condition="Skin.String(Navigation.Global.OnDown,Bump)">SetFocus(332)</onright>

                        <include content="Action_View_Movement_OnBack">
                            <param name="id">50</param>
                            <param name="onback">True</param>
                            <param name="onleft">50</param>
                        </include>

                        <focusposition>1</focusposition>
                        <movement>2</movement>
                        <top>15</top>
                        <pagecontrol>60</pagecontrol>
                        <visible>$PARAM[visible]</visible>
                        <viewtype label="$PARAM[viewtype_label]">list</viewtype>
                        <onfocus>ClearProperty(TMDbHelper.WidgetContainer)</onfocus>
						<onfocus condition="![$PARAM[overlay]]">ClearProperty(Background.ShowOverlay,Home)</onfocus>
                        <onfocus condition="$PARAM[overlay]">SetProperty(Background.ShowOverlay,True,Home)</onfocus>
                        <include>Action_View_SlideOver_OnFocus</include>
                    </include>				
                </control>
            </control>
        </definition>
    </include>
</includes>