<?xml version="1.0" encoding="UTF-8"?>
<window>
    <controls>
        <include content="Object_Control">
            <param name="control">group</param>
            <animation type="WindowOpen" reversible="false">
                <effect type="slide" end="0" start="560" time="400" delay="400" tween="cubic" easing="out" />
                <effect type="fade" start="0" end="100" time="300" delay="400" tween="sine" easing="out"/>
            </animation>
            <top>view_top</top>
            <height>640</height>
            <left>740</left>
            <right>view_pad</right>
            <control type="group">
                <top>-10</top>
                <bottom>10</bottom>
                <!-- ** Required ** Do not change <id> or <type> (Lyrics, will autoscroll if lrc based lyrics are shown) -->
                <control type="list" id="110">
                    <scrolltime>200</scrolltime>
                    <itemlayout height="80">
                        <control type="label">
                            <font>font_midi</font>
                            <aligny>center</aligny>
                            <align>left</align>
                            <textcolor>panel_fg_70</textcolor>
                            <label>$INFO[ListItem.Label]</label>
                        </control>
                    </itemlayout>
                    <focusedlayout height="80">
                        <control type="label">
                            <font>font_midi_bold</font>
                            <aligny>center</aligny>
                            <align>left</align>
                            <textcolor>panel_fg_100</textcolor>
                            <label>$INFO[ListItem.Label]</label>
                        </control>
                    </focusedlayout>
                </control>
            </control>
        </include>

        <!-- ** Required ** Do not change <id> or <type> (name of the used scraper and optionally the number of found lyrics) -->
        <control type="label" id="200">
            <description>Scraper label</description>
            <visible>false</visible>
        </control>
    </controls>
</window>
