<?xml version="1.0" encoding="UTF-8"?>
<includes>

    <variable name="Image_Background_Cheater" containers="301,503,513,514,523,543,553,573,5001,5002,5003" parent="Integer.IsEqual(Window.Property(TMDBHelper.WidgetContainer),{id})">
        <value condition="!String.IsEmpty({listitem}.Art(fanart))">$INFO[{listitem}.Art(fanart)]</value>
        <value condition="!String.IsEmpty({listitem}.Art(tvshow.fanart))">$INFO[{listitem}.Art(tvshow.fanart)]</value>
        <value condition="!String.IsEmpty({listitem}.Art(artist.fanart))">$INFO[{listitem}.Art(artist.fanart)]</value>
        <value condition="!String.IsEmpty(Window(Home).Property(TMDbHelper.ListItem.base_fanart))">$INFO[Window(Home).Property(TMDbHelper.ListItem.base_fanart)]</value>
        <value condition="!String.IsEmpty(Window(Home).Property(TMDbHelper.ListItem.Fanart))">$INFO[Window(Home).Property(TMDbHelper.ListItem.Fanart)]</value>
        <value condition="!String.IsEmpty(Window(Home).Property(TMDbHelper.ListItem.TVShow.Fanart))">$INFO[Window(Home).Property(TMDbHelper.ListItem.TVShow.Fanart)]</value>
        <value condition="!String.IsEmpty(Container(99972).ListItem.PicturePath)">$INFO[Container(99972).ListItem.PicturePath]</value>
        <value>$VAR[Image_SimpleBackground]</value>
    </variable>

    <variable name="Image_Foreground_Cheater" containers="301,503,513,514,523,543,553,573,5001,5002,5003" parent="Integer.IsEqual(Window.Property(TMDBHelper.WidgetContainer),{id})">
        <value condition="!String.IsEmpty({listitem}.Art(fanart))">$INFO[{listitem}.Art(fanart)]</value>
        <value condition="!String.IsEmpty({listitem}.Art(tvshow.fanart))">$INFO[{listitem}.Art(tvshow.fanart)]</value>
        <value condition="!String.IsEmpty({listitem}.Art(artist.fanart))">$INFO[{listitem}.Art(artist.fanart)]</value>
        <value condition="!String.IsEmpty(Window(Home).Property(TMDbHelper.ListItem.base_fanart))">$INFO[Window(Home).Property(TMDbHelper.ListItem.base_fanart)]</value>
        <value condition="!String.IsEmpty(Window(Home).Property(TMDbHelper.ListItem.Fanart))">$INFO[Window(Home).Property(TMDbHelper.ListItem.Fanart)]</value>
        <value condition="!String.IsEmpty(Window(Home).Property(TMDbHelper.ListItem.TVShow.Fanart))">$INFO[Window(Home).Property(TMDbHelper.ListItem.TVShow.Fanart)]</value>
        <value condition="!String.IsEmpty(Container(99972).ListItem.PicturePath)">$INFO[Container(99972).ListItem.PicturePath]</value>
    </variable>

    <!-- Images -->
    <variable name="Image_Overview" containers="50" start="-2" end="10" types="listitem,listitemposition">
        <value condition="!String.IsEmpty({listitem}.Art(fanart)) + [String.IsEqual({listitem}.DBType,movie) | String.IsEqual({listitem}.DBType,tvshow) | String.IsEqual({listitem}.DBType,season) | String.IsEqual({listitem}.DBType,set)]">$INFO[{listitem}.Art(fanart)]</value>
        <value condition="!String.IsEmpty({listitem}.Art(poster)) + [String.IsEqual({listitem}.DBType,movie) | String.IsEqual({listitem}.DBType,tvshow) | String.IsEqual({listitem}.DBType,season) | String.IsEqual({listitem}.DBType,set)]">$INFO[{listitem}.Art(poster)]</value>
        <value condition="String.IsEqual({listitem}.DBType,studio) | String.IsEqual({listitem}.Property(DBType),studio)">$INFO[{listitem}.Label,resource://resource.images.studios.white/,.png]</value>
        <value condition="String.IsEqual({listitem}.DBType,country) | String.IsEqual({listitem}.Property(DBType),country)">$INFO[{listitem}.Label,resource://resource.images.moviecountryicons.maps/,.png]</value>
        <value condition="String.IsEqual({listitem}.DBType,genre) | String.IsEqual({listitem}.Property(DBType),genre)">$INFO[{listitem}.Label,genres/,.png]</value>
        <value condition="!String.IsEmpty({listitem}.Art(thumb))">$INFO[{listitem}.Art(thumb)]</value>
        <value condition="!String.IsEmpty({listitem}.Icon)">$INFO[{listitem}.Icon]</value>
    </variable>

    <variable name="Image_Icon" containers="50,503" start="-20" end="20" types="listitem,listitemposition">
        <value condition="String.IsEqual({listitem}.DBType,studio) | String.IsEqual({listitem}.Property(DBType),studio)">$INFO[{listitem}.Label,resource://resource.images.studios.white/,.png]</value>
        <value condition="String.IsEqual({listitem}.DBType,country) | String.IsEqual({listitem}.Property(DBType),country)">$INFO[{listitem}.Label,resource://resource.images.moviecountryicons.maps/,.png]</value>
        <value condition="String.IsEqual({listitem}.DBType,genre) | String.IsEqual({listitem}.Property(DBType),genre)">$INFO[{listitem}.Label,genres/,.png]</value>
        <value condition="!String.IsEmpty({listitem}.Icon)">$INFO[{listitem}.Icon]</value>
    </variable>

    <variable name="Image_Circle" containers="500" start="-20" end="20" types="listitem,listitemposition">
        <value condition="String.IsEqual({listitem}.DBType,studio) | String.IsEqual({listitem}.Property(DBType),studio)">$INFO[{listitem}.Label,resource://resource.images.studios.white/,.png]</value>
        <value condition="String.IsEqual({listitem}.DBType,country) | String.IsEqual({listitem}.Property(DBType),country)">$INFO[{listitem}.Label,resource://resource.images.moviecountryicons.maps/,.png]</value>
        <value condition="String.IsEqual({listitem}.DBType,genre) | String.IsEqual({listitem}.Property(DBType),genre)">$INFO[{listitem}.Label,genres/,.png]</value>
        <value condition="!String.IsEmpty({listitem}.Art(discart))">$INFO[{listitem}.Art(discart)]</value>
        <value condition="!String.IsEmpty({listitem}.Art(album.discart))">$INFO[{listitem}.Art(album.discart)]</value>
        <value condition="!String.IsEmpty({listitem}.Art(thumb)) + !String.StartsWith({listitem}.Art(thumb),Default)">$INFO[{listitem}.Art(thumb)]</value>
        <value condition="!String.IsEmpty({listitem}.Icon) + !String.StartsWith({listitem}.Icon,Default)">$INFO[{listitem}.Icon]</value>
        <value condition="!String.IsEmpty({listitem}.Art(poster))">$INFO[{listitem}.Art(poster)]</value>
        <value condition="!String.IsEmpty({listitem}.Art(landscape))">$INFO[{listitem}.Art(landscape)]</value>
        <value condition="!String.IsEmpty({listitem}.Art(fanart))">$INFO[{listitem}.Art(fanart)]</value>
        <value condition="!String.IsEmpty({listitem}.Icon)">$INFO[{listitem}.Icon]</value>
    </variable>
	
	<variable name="Image_Square" containers="450" null_id="true" start="-20" end="20" types="listitem,listitemposition">
         <value condition="!String.IsEmpty({listitem}.Property(override_square))">$INFO[{listitem}.Property(override_square)]</value>
         <value condition="!String.IsEmpty({listitem}.Art(poster))">$INFO[{listitem}.Art(poster)]</value>
         <value condition="!String.IsEmpty({listitem}.Art(season.poster))">$INFO[{listitem}.Art(season.poster)]</value>
         <value condition="!String.IsEmpty({listitem}.Art(tvshow.poster))">$INFO[{listitem}.Art(tvshow.poster)]</value>
         <value condition="!String.IsEmpty({listitem}.Icon)">$INFO[{listitem}.Icon]</value>
         <value condition="!String.IsEmpty({listitem}.Property(fallback.icon))">$INFO[{listitem}.Property(fallback.icon)]</value>
    </variable>

    <variable name="Image_Poster" containers="52,523,543,553,573,450" start="-20" end="20" types="listitem,listitemposition">
        <value condition="!String.IsEmpty({listitem}.Property(override_poster))">$INFO[{listitem}.Property(override_poster)]</value>
        <value condition="[String.IsEqual({listitem}.DBType,episode) | String.IsEqual({listitem}.DBType,video) | String.IsEqual({listitem}.DBType,musicvideo)] + !String.IsEmpty({listitem}.Art(thumb)) + !String.IsEqual({listitem}.Icon,{listitem}.Art(fanart)) + !String.IsEqual({listitem}.Icon,OverlaySpoiler.png) + !String.IsEqual({listitem}.Art(thumb),{listitem}.Art(poster)) + !String.IsEqual({listitem}.Art(thumb),{listitem}.Art(tvshow.poster))">$INFO[{listitem}.Art(thumb)]</value>
		<value condition="!String.IsEmpty({listitem}.Art(poster))">$INFO[{listitem}.Art(poster)]</value>
        <value condition="!String.IsEmpty({listitem}.Art(season.poster))">$INFO[{listitem}.Art(season.poster)]</value>
        <value condition="!String.IsEmpty({listitem}.Art(tvshow.poster))">$INFO[{listitem}.Art(tvshow.poster)]</value>
        <value condition="!String.IsEmpty({listitem}.Icon)">$INFO[{listitem}.Icon]</value>
    </variable>

    <variable name="Image_Clearlogo" containers="50,450" start="-10" end="10">
        <value condition="!String.IsEmpty({listitem}.Art(clearlogo))">$INFO[{listitem}.Art(clearlogo)]</value>
        <value condition="!String.IsEmpty({listitem}.Art(tvshow.clearlogo))">$INFO[{listitem}.Art(tvshow.clearlogo)]</value>
        <value condition="!String.IsEmpty({listitem}.Art(artist.clearlogo))">$INFO[{listitem}.Art(artist.clearlogo)]</value>
    </variable>

    <variable name="Image_Banner" containers="50" start="-10" end="10">
        <value condition="!String.IsEmpty({listitem}.Art(banner))">$INFO[{listitem}.Art(banner)]</value>
        <value condition="!String.IsEmpty({listitem}.Art(season.banner))">$INFO[{listitem}.Art(season.banner)]</value>
        <value condition="!String.IsEmpty({listitem}.Art(tvshow.banner))">$INFO[{listitem}.Art(tvshow.banner)]</value>
        <value condition="!String.IsEmpty({listitem}.Art(fanart))">$INFO[{listitem}.Art(fanart)]</value>
        <value condition="!String.IsEmpty({listitem}.Art(tvshow.fanart))">$INFO[{listitem}.Art(tvshow.fanart)]</value>
    </variable>

    <variable name="Image_Landscape" containers="51,513,543,553,573,514,450,5001,5002,5003" start="-20" end="20" types="listitem,listitemposition">
        <value condition="!String.IsEmpty({listitem}.Property(override_landscape))">$INFO[{listitem}.Property(override_landscape)]</value>
		<value condition="[String.IsEqual({listitem}.DBType,episode) | String.IsEqual({listitem}.DBType,video) | String.IsEqual({listitem}.DBType,musicvideo)] + !String.IsEmpty({listitem}.Art(thumb)) + !String.IsEqual({listitem}.Icon,{listitem}.Art(fanart)) + !String.IsEqual({listitem}.Icon,OverlaySpoiler.png) + !String.IsEqual({listitem}.Art(thumb),{listitem}.Art(poster)) + !String.IsEqual({listitem}.Art(thumb),{listitem}.Art(tvshow.poster))">$INFO[{listitem}.Art(thumb)]</value>
        <value condition="!String.IsEmpty({listitem}.Art(landscape)) + !Skin.HasSetting(DisableLandscapeArt)">$INFO[{listitem}.Art(landscape)]</value>
        <value condition="!String.IsEmpty({listitem}.Art(season.landscape)) + !Skin.HasSetting(DisableLandscapeArt)">$INFO[{listitem}.Art(season.landscape)]</value>
        <value condition="!String.IsEmpty({listitem}.Art(tvshow.landscape)) + !Skin.HasSetting(DisableLandscapeArt)">$INFO[{listitem}.Art(tvshow.landscape)]</value>
        <value condition="!String.IsEmpty({listitem}.Art(fanart))">$INFO[{listitem}.Art(fanart)]</value>
        <value condition="!String.IsEmpty({listitem}.Art(tvshow.fanart))">$INFO[{listitem}.Art(tvshow.fanart)]</value>
        <value condition="!String.IsEmpty({listitem}.Property(fanart))">$INFO[{listitem}.Property(fanart)]</value>
        <value condition="!String.IsEmpty({listitem}.EPGEventIcon)">$INFO[{listitem}.EPGEventIcon]</value>
        <value condition="!String.IsEmpty({listitem}.Art(thumb))">$INFO[{listitem}.Art(thumb)]</value>
        <value condition="!String.IsEmpty({listitem}.Icon)">$INFO[{listitem}.Icon]</value>
    </variable>

</includes>