<?xml version="1.0" encoding="UTF-8"?>
<includes>

    <!-- 2040 x 1080 -->
    <constant name="view_touchmode_edge_r">0</constant>
    <constant name="dialog_full_side">480</constant>
    <constant name="alphabet_w">65.19</constant>
    <constant name="view_wrap_r">0</constant>

    <constant name="view_settings_itemlayout_w">480</constant>
    <constant name="-view_settings_itemlayout_w">-480</constant>
    <constant name="view_settings_item_w">440</constant>
    <constant name="-view_settings_item_w">-440</constant>

    <constant name="view_listwall_itemlayout_w">613.33</constant>
    <constant name="-view_listwall_itemlayout_w">-613.33</constant>

    <constant name="view_addonbrowser_itemlayout_w">620</constant>
    <constant name="-view_addonbrowser_itemlayout_w">-620</constant>
    <constant name="view_addonbrowser_item_w">580</constant>
    <constant name="-view_addonbrowser_item_w">-580</constant>

</includes>