<contents>
    <rules name="parts_visible">
        <rule>
            <condition>{item_path}==ActivateWindow(1195)</condition>
            <value>!Skin.HasSetting(SkinUserLogin.Disabled)</value>
        </rule>
        <rule>
            <condition>True</condition>
            <value>True</value>
        </rule>
    </rules>
    <rules name="item_label">
        <rule>
            <condition>{item_label}==$LOCALIZE[12600]</condition>
            <value>$INFO[Weather.Temperature, &#226;&#8364;&#162; ,]</value>
        </rule>
        <rule>
            <condition>{item_label}==$LOCALIZE[8]</condition>
            <value>$INFO[Weather.Temperature, &#226;&#8364;&#162; ,]</value>
        </rule>
        <rule>
            <condition>{item_label}==Custom Shutdown Timer</condition>
            <value>[CAPITALIZE]$LOCALIZE[20150][/CAPITALIZE]</value>
        </rule>
        <rule>
            <condition>True</condition>
            <value>{item_label}</value>
        </rule>
    </rules>
    <rules name="item_icon">
        <rule>
            <condition>{item_label}==$LOCALIZE[12600]</condition>
            <value>$INFO[Weather.FanartCode,resource://resource.images.weathericons.white/,.png]</value>
        </rule>
        <rule>
            <condition>{item_label}==$LOCALIZE[8]</condition>
            <value>$INFO[Weather.FanartCode,resource://resource.images.weathericons.white/,.png]</value>
        </rule>
        <rule>
            <condition>True</condition>
            <value>{item_icon}</value>
        </rule>
    </rules>
    <rules name="item_bordersize">
        <rule>
            <condition>{item_label}==$LOCALIZE[12600]</condition>
            <value>21</value>
        </rule>
        <rule>
            <condition>{item_label}==$LOCALIZE[8]</condition>
            <value>21</value>
        </rule>
        <rule>
            <condition>True</condition>
            <value>16</value>
        </rule>
    </rules>
</contents>