<?xml version="1.0" encoding="UTF-8"?>
<window type="dialog" id="1155">
    <defaultcontrol always="true">8000</defaultcontrol>
    <onunload condition="Window.IsVisible(videos)">RunScript(script.skinvariables,"run_executebuiltin=special://skin/shortcuts/builtins/skinvariables-mediafilter.json",use_rules)</onunload>
    <controls>

        <control type="button">
            <texturenofocus />
            <texturefocus />
            <onleft>8000</onleft>
            <onright>8000</onright>
            <onup>8000</onup>
            <ondown>8000</ondown>
            <onclick>Close</onclick>
        </control>

        <control type="group">
            <include>Dimension_DialogSideMenu</include>
            <include>Animation_Right_Delay</include>
            <include content="Dialog_Dim_Side">
                <param name="slide_animation">False</param>
            </include>

            <include content="Dialog_Foreground_Side">
                <param name="dialog_size">Dimension_DialogSideMenu</param>
                <param name="lines_right">0</param>
                <param name="topline">true</param>
                <param name="subline">true</param>

                <!-- Header -->
                <include content="Dialog_Head">
                    <param name="id">0</param>
                    <param name="label">$LOCALIZE[345]: $LOCALIZE[31117] &gt;=</param>
                    <param name="visible">!String.IsEmpty(Window(1105).Property(SearchDiscover.YearLow.Dialog))</param>
                </include>
                <include content="Dialog_Head">
                    <param name="id">0</param>
                    <param name="label">$LOCALIZE[345]: $LOCALIZE[31119] &lt;=</param>
                    <param name="visible">String.IsEmpty(Window(1105).Property(SearchDiscover.YearLow.Dialog))</param>
                </include>
                <include>Dialog_Head_CloseButton</include>

                <!-- Content -->
                <control type="group">
                    <include>Dimension_Dialog_Body</include>
                    <control type="group">
                        <include>Dimension_Dialog_Body_Group</include>
                        <control type="group">
                            <width>50%</width>

                            <control type="image">
                                <width>1</width>
                                <right>0</right>
                                <texture colordiffuse="main_fg_12">common/white.png</texture>
                            </control>

                            <include content="List_DialogSelect">
                                <param name="id">8000</param>
                                <param name="itemlayout_include">Layout_DialogSimple</param>
                                <param name="control">fixedlist</param>
                                <focusposition>4</focusposition>
                                <movement>5</movement>
                                <onright>8001</onright>
                                <onleft>Close</onleft>
                                <right>10</right>
                                <onclick condition="!String.IsEmpty(Window(1105).Property(SearchDiscover.YearLow.Dialog))">SetProperty(SearchDiscover.YearLow,$INFO[Container(8000).ListItem.Label],1105)</onclick>
                                <onclick condition="!String.IsEmpty(Window(1105).Property(SearchDiscover.YearLow.Dialog))">ClearProperty(SearchDiscover.YearLow.Dialog,1105)</onclick>
                                <onclick condition="String.IsEmpty(Window(1105).Property(SearchDiscover.YearLow.Dialog))">SetProperty(SearchDiscover.YearHigh,$INFO[Container(8000).ListItem.Label],1105)</onclick>
                                <onclick condition="String.IsEmpty(Window(1105).Property(SearchDiscover.YearLow.Dialog))">Close</onclick>

                                <content>
                                    <include content="Search_Filter_YearItems">
                                        <param name="include">Search_Filter_DecadeItem</param>
                                    </include>
                                </content>
                            </include>
                        </control>
                        <control type="group">
                            <width>50%</width>
                            <right>0</right>
                            <include content="List_DialogSelect">
                                <param name="id">8001</param>
                                <param name="itemlayout_include">Layout_DialogSimple</param>
                                <param name="control">fixedlist</param>
                                <focusposition>4</focusposition>
                                <movement>5</movement>
                                <pagecontrol>61</pagecontrol>
                                <onright>61</onright>
                                <onleft>8000</onleft>
                                <left>10</left>
                                <onclick condition="!String.IsEmpty(Window(1105).Property(SearchDiscover.YearLow.Dialog))">SetProperty(SearchDiscover.YearLow,$INFO[Container(8001).ListItem.Label],1105)</onclick>
                                <onclick condition="!String.IsEmpty(Window(1105).Property(SearchDiscover.YearLow.Dialog))">ClearProperty(SearchDiscover.YearLow.Dialog,1105)</onclick>
                                <onclick condition="String.IsEmpty(Window(1105).Property(SearchDiscover.YearLow.Dialog))">SetProperty(SearchDiscover.YearHigh,$INFO[Container(8001).ListItem.Label],1105)</onclick>
                                <onclick condition="String.IsEmpty(Window(1105).Property(SearchDiscover.YearLow.Dialog))">Close</onclick>

                                <content>
                                    <include content="Search_Filter_YearItems">
                                        <param name="include">Search_Filter_YearItem</param>
                                    </include>
                                </content>
                            </include>
                        </control>
                    </control>
                    <include content="Dialog_Scrollbar">
                        <param name="id">61</param>
                        <onleft>8001</onleft>
                    </include>
                </control>
            </include>

        </control>

    </controls>
</window>