<?xml version="1.0" encoding="UTF-8"?>
<window type="window" id="1126">
    <include content="Action_Hubs_Onload" condition="!Integer.IsEqual(Skin.String(Hub.Home.ReplaceWindow),1126)">
        <param name="window_id">1126</param>
        <param name="property_window_id">1126</param>
    </include>
    <onload condition="Integer.IsEqual(Skin.String(Hub.Home.ReplaceWindow),1126)">ReplaceWindow(Home)</onload>
    <controls>
        <include content="Hub_Controls" condition="!Integer.IsEqual(Skin.String(Hub.Home.ReplaceWindow),1126)">
            <param name="window_id">1126</param>
            <param name="property_window_id">1126</param>
            <param name="widgets_only">Skin.HasSetting(Hub.1126.DisableSubmenu)</param>
            <param name="widgets_include">skinvariables-1126menu-widgets</param>
            <param name="categories">1126menu</param>
        </include>
    </controls>
</window>