<?xml version="1.0" encoding="UTF-8"?>
<window type="dialog">
    <include content="Object_DefaultControl">
        <param name="always">true</param>
        <param name="defaultcontrol">4001</param>
    </include>

    <menucontrol>4000</menucontrol>
    <include>DialogInfo_Onload</include>

    <onload>RunPlugin("plugin://script.skinvariables/?info=get_encoded_string&amp;window_prop=Encoded.ListItem.Artist&amp;&amp;$INFO[ListItem.Artist]")</onload>
    <onload>RunPlugin("plugin://script.skinvariables/?info=get_encoded_string&amp;window_prop=Encoded.ListItem.AlbumArtist&amp;&amp;$INFO[ListItem.AlbumArtist]")</onload>
    <onload>RunPlugin("plugin://script.skinvariables/?info=get_encoded_string&amp;window_prop=Encoded.ListItem.Album&amp;&amp;$INFO[ListItem.Album]")</onload>
    <onload>RunPlugin("plugin://script.skinvariables/?info=get_encoded_string&amp;window_prop=Encoded.ListItem.Title&amp;&amp;$INFO[ListItem.Title]")</onload>
    <onload>RunPlugin("plugin://script.skinvariables/?info=get_encoded_string&amp;window_prop=Encoded.ListItem.Label&amp;&amp;$INFO[ListItem.Label]")</onload>
    <controls>

        <include>Defs_Background_Loader</include>

        <control type="group">
            <control type="group">
                <include>DialogInfo_Body_Group</include>
                <control type="group">
                    <include>DialogInfo_InfoPanel_Group</include>
                </control>
                <control type="group">
                    <include>DialogInfo_InfoDetails_Group</include>
                    <include>DialogInfo_MusicInfo</include>
                </control>
            </control>
            <include>DialogInfo_ArtworkGallery</include>
        </control>


        <include>DialogInfo_Furniture</include>
        <include>TouchMode_Info_Zones</include>
        <include>DialogInfo_PlotBox</include>
        
        <include content="Object_Hidden_Button">
            <param name="id">6</param>
        </include>
        <include content="Object_Hidden_Button">
            <param name="id">7</param>
        </include>
        <include content="Object_Hidden_Button">
            <param name="id">10</param>
        </include>

    </controls>
</window>