<?xml version="1.0" encoding="UTF-8"?>
<window>
    <zorder>0</zorder>
    <visible>!Player.HasGame</visible>
    <visible>!Window.IsActive(DialogPlayerProcessInfo.xml)</visible>
    <visible>Window.IsActive(VideoFullScreen.xml) | Window.IsActive(MusicVisualisation.xml)</visible>
    <visible>Window.IsActive(videoosd) | Window.IsActive(musicosd) | Player.Caching | Player.ShowInfo | Player.Seeking | Player.HasPerformedSeek(2) | [Player.Paused + [!$EXP[Exp_OSD_DelayInfo_Timing] | !Skin.HasSetting(OSD.AutoHideOnPause)]] | Player.Forwarding | Player.Rewinding | Window.IsActive(DialogFullScreenInfo.xml) | !String.IsEmpty(Player.SeekNumeric) | !String.IsEmpty(PVR.ChannelNumberInput) | Window.IsVisible(script-cu-lrclyrics-main.xml) | $EXP[Exp_OSD_ExpandInfo]</visible>
    <visible>!Window.IsVisible(DialogSlider.xml)</visible>
    <onload condition="Player.Paused + !String.IsEmpty(Window(Home).Property(OSDExtendedInfo))">PlayerControl(Play)</onload>
    <onload condition="Player.Paused + !String.IsEmpty(Window(Home).Property(OSDExtendedInfo))">ClearProperty(OSDExtendedInfo,Home)</onload>
    <controls>

        <control type="group">
            <visible>!$EXP[Exp_InfoDialogs]</visible>
            <include>Animation_OSD_Fullscreen_Change</include>
            <include condition="VideoPlayer.IsFullscreen">OSD_VideoSeekBar</include>
            <include condition="!VideoPlayer.IsFullscreen">OSD_MusicSeekBar</include>
        </control>

    </controls>
</window>