<?xml version="1.0" encoding="UTF-8"?>
<window>
    <zorder>998</zorder>
    <controls>

        <include content="Furniture_Busy">
            <param name="hasspinner">true</param>
            <param name="spinspinner">true</param>
            <param name="spinnervisible">Skin.HasSetting(ToastNotifications.Tabbed) | [!Window.IsActive(DialogVolumeBar.xml) | Player.Muted]</param>
            <param name="icon">special://skin/extras/icons/kodi.png</param>
            <param name="haslabel">Skin.HasSetting(ToastNotifications.Tabbed)</param>
            <param name="hasbackground">Skin.HasSetting(ToastNotifications.Tabbed)</param>
            <param name="visible">[!Skin.HasSetting(ToastNotifications.Tabbed) | [!Window.IsActive(DialogVolumeBar.xml) | Player.Muted]]</param>
        </include>

        <control type="progress" id="10">
            <include>Object_Hidden_Button_Definition</include>
        </control>

    </controls>
</window>
