<contents>
    <rules name="parts_sublabel">
        <rule>
            <condition>{item_path}==ActivateWindow(1101)||{item_path}==ActivateWindow(1102)||{item_path}==ActivateWindow(1103)||{item_path}==ActivateWindow(1104)||{item_path}==ActivateWindow(1105)||{item_path}==ActivateWindow(1106)||{item_path}==ActivateWindow(1107)||{item_path}==ActivateWindow(1108)||{item_path}==ActivateWindow(1109)||{item_path}==ActivateWindow(1130)||{item_path}==ActivateWindow(1131)||{item_path}==ActivateWindow(1132)||{item_path}==ActivateWindow(1185)</condition>
            <value>$LOCALIZE[31026]</value>
        </rule>
        <rule>
            <condition>{item_path}==ActivateWindow(TVGuide)||{item_path}==ActivateWindow(TVChannels)||{item_path}==ActivateWindow(TVSearch)||{item_path}==ActivateWindow(TVTimers)||{item_path}==ActivateWindow(TVTimerRules)||{item_path}&lt;&lt;pvr://</condition>
            <value>$LOCALIZE[31000]</value>
        </rule>
        <rule>
            <condition>{item_path}&lt;&lt;addons://</condition>
            <value>$LOCALIZE[24001]</value>
        </rule>
        <rule>
            <condition>{item_path}&lt;&lt;plugin://</condition>
            <value>$LOCALIZE[24000]</value>
        </rule>
        <rule>
            <condition>{item_path}&lt;&lt;.xsp</condition>
            <value>$LOCALIZE[559]</value>
        </rule>
        <rule>
            <condition>{item_path}&lt;&lt;library://video/movies/</condition>
            <condition>{item_path}!=library://video/movies/</condition>
            <value>$LOCALIZE[342]</value>
        </rule>
        <rule>
            <condition>{item_path}&lt;&lt;videodb://movies/</condition>
            <condition>{item_path}!=videodb://movies/</condition>
            <value>$LOCALIZE[342]</value>
        </rule>
        <rule>
            <condition>{item_path}&lt;&lt;library://video/tvshows/</condition>
            <condition>{item_path}!=library://video/tvshows/</condition>
            <value>$LOCALIZE[20343]</value>
        </rule>
        <rule>
            <condition>{item_path}&lt;&lt;videodb://tvshows/</condition>
            <condition>{item_path}!=videodb://tvshows/</condition>
            <value>$LOCALIZE[20343]</value>
        </rule>
        <rule>
            <condition>{item_path}&lt;&lt;library://music/</condition>
            <condition>{item_path}!=library://music/</condition>
            <value>$LOCALIZE[249]</value>
        </rule>
        <rule>
            <condition>{item_path}&lt;&lt;musicdb://</condition>
            <condition>{item_path}!=musicdb://</condition>
            <value>$LOCALIZE[249]</value>
        </rule>
        <rule>
            <condition>{item_path}==musicdb://</condition>
            <value>$LOCALIZE[14022]</value>
        </rule>
        <rule>
            <condition>{item_path}&lt;&lt;videodb://</condition>
            <value>$LOCALIZE[14022]</value>
        </rule>
        <rule>
            <condition>{item_path}&lt;&lt;library://</condition>
            <value>$LOCALIZE[14022]</value>
        </rule>
        <rule>
            <condition>True</condition>
            <value></value>
        </rule>
    </rules>
</contents>