[
    {
        "label": "Movies",
        "icon": "special://skin/extras/icons/film.png",
        "path": "DefaultSearch-Movies",
        "target": "videos",
        "widget_style": "Poster"
    },
    {
        "label": "TV Shows",
        "icon": "special://skin/extras/icons/tv.png",
        "path": "DefaultSearch-TvShows",
        "target": "videos",
        "widget_style": "Poster"
    },
    {
        "label": "Albums",
        "icon": "special://skin/extras/icons/songs.png",
        "path": "DefaultSearch-Albums",
        "target": "music",
        "widget_style": "Square"
    },
    {
        "label": "Artists",
        "icon": "special://skin/extras/icons/songs.png",
        "path": "DefaultSearch-Artists",
        "target": "music",
        "widget_style": "Square"
    },
    {
        "label": "Movies (TMDb)",
        "icon": "special://skin/extras/icons/film.png",
        "path": "DefaultSearch-TMDBMovies",
        "target": "videos",
        "widget_style": "Poster"
    },
    {
        "label": "TV Shows (TMDb)",
        "icon": "special://skin/extras/icons/tv.png",
        "path": "DefaultSearch-TMDBShows",
        "target": "videos",
        "widget_style": "Poster"
    }
]