<?xml version="1.0" encoding="UTF-8"?>
<window type="window" id="1132">
    <defaultcontrol always="true">5000</defaultcontrol>
    <include>Action_PreserveTransitionProp_Onload</include>
    <onload>SetFocus($VAR[Action_Recommendations_SetFocusID])</onload>
    <controls>
			
        <include content="NextAired_Window">
		    <param name="furniture_top">!Skin.HasSetting(Furniture.DisableLeftHeader)</param>
		    <param name="furniture_top_right">Skin.HasSetting(Furniture.DisableLeftHeader)</param>
			<animation effect="slide" start="0" end="-120" condition="String.IsEmpty(Window(Home).Property(SideMenu.HasFocus))" reversible="true">Conditional</animation>
            <include content="Hub_Widgets_Infopanel">				
                <param name="visible">true</param>
                <include>Info_Panel</include>
            </include>
			
			<control type="group">
				<width>2200</width>
				<include content="NextAired_GroupList">					
					<include content="NextAired_Widget">
						<param name="id">01</param>
						<param name="label">$LOCALIZE[1037]</param>
						<param name="visible">true</param>
						<param name="include">List_Square_Row</param>
						<content target="videos" sortby="lastused" sortorder="descending">addons://sources/video/</content>
					</include>
					<include content="NextAired_Widget">
						<param name="id">02</param>
						<param name="label">$LOCALIZE[1038]</param>
						<param name="visible">true</param>
						<param name="include">List_Square_Row</param>
						<content target="music" sortby="lastused" sortorder="descending">addons://sources/audio/</content>
					</include>
					<include content="NextAired_Widget">
						<param name="id">03</param>
						<param name="label">$LOCALIZE[1043]</param>
						<param name="visible">true</param>
						<param name="include">List_Square_Row</param>
						<content target="programs" sortby="lastused" sortorder="descending">addons://sources/executable/</content>
					</include>
					<include content="NextAired_Widget">
						<param name="id">04</param>
						<param name="label">$LOCALIZE[1]</param>
						<param name="visible">true</param>
						<param name="include">List_Square_Row</param>
						<content target="pictures">sources://pictures/</content>
						<content target="pictures" sortby="lastused" sortorder="descending">addons://sources/image/</content>
					</include>
				</include>
			</control>
        </include>

    </controls>
</window>