<?xml version="1.0" encoding="UTF-8"?>
<includes>
    <include name="View_MediaWindows_ID">
        <views>50,51,52,502,512,522,524,542,552,572,55,500,56,517,519,520,530,531,532,533,540,545,585,555,565,570,580,508,518,528,5008,5308,5318,5338</views>
    </include>

    <include name="View_Row_Header">
        <definition>
            <control type="group">
                <include condition="!Skin.HasSetting(Furniture.DisableLeftHeader)" content="Animation_ConditionalFade">
                    <param name="condition">$EXP[Exp_InfoDialogs]</param>
                </include>
                <visible>!$EXP[Exp_InfoDialogs]</visible>
                <include>Animation_Transition_InfoPanel_Hide</include>
                <visible>!Window.IsVisible(DialogAddonSettings.xml)</visible>
                <visible>!Window.IsVisible(DialogGameControllers.xml)</visible>
                <visible>!Window.IsVisible(DialogPVRChannelManager.xml)</visible>
                <visible>!Window.IsVisible(DialogPVRGroupManager.xml)</visible>
                <control type="group">
                    <visible allowhiddenfocus="true">![String.IsEmpty(Window.Property(MediaFilterBase)) + [Control.HasFocus(19) | ControlGroup(9090).HasFocus() | Control.HasFocus(9992) | Control.HasFocus(9993)]]</visible>
                    <control type="group">
                        <include content="Animation_Fade_Out">
                            <param name="condition">[[[$EXP[Exp_View_WallMode] + !Skin.HasSetting(View.SwitchWallStyle)] | $EXP[Exp_View_FurnitureWall]] + $EXP[Exp_View_WallVert] + Skin.HasSetting(View.SwitchVerticalWallSize)]</param>
                        </include>
                        <include content="Animation_Fade_In">
                            <param name="condition">![[[$EXP[Exp_View_WallMode] + !Skin.HasSetting(View.SwitchWallStyle)] | $EXP[Exp_View_FurnitureWall]] + $EXP[Exp_View_WallVert] + Skin.HasSetting(View.SwitchVerticalWallSize)]</param>
                        </include>
                        <animation effect="slide" start="0" end="60" time="400" tween="cubic" easing="out" condition="$EXP[Exp_View_WallVert] + [[$EXP[Exp_View_WallMode] + !Skin.HasSetting(View.SwitchWallStyle)] | $EXP[Exp_View_FurnitureWall]] + String.IsEmpty(Window(Home).Property(SideMenu.HasFocus))" reversible="false">Conditional</animation>
                        <animation effect="slide" start="60" end="0" time="400" tween="cubic" easing="out" condition="$EXP[Exp_View_WallVert] + [[$EXP[Exp_View_WallMode] + !Skin.HasSetting(View.SwitchWallStyle)] | $EXP[Exp_View_FurnitureWall]] + !String.IsEmpty(Window(Home).Property(SideMenu.HasFocus))" reversible="false">Conditional</animation>
                        <include content="Furniture_Top" condition="!Skin.HasSetting(Furniture.DisableLeftHeader)">
                            <param name="label">$PARAM[label]</param>
                        </include>
                    </control>
                    <control type="group">
                        <visible>[[$EXP[Exp_View_WallMode] + !Skin.HasSetting(View.SwitchWallStyle)]| $EXP[Exp_View_FurnitureWall]] + [!$EXP[Exp_View_WallVert] | [$EXP[Exp_View_WallVert] + !Skin.HasSetting(View.SwitchVerticalWallSize)]]</visible>
                        <animation effect="slide" start="0" end="60" time="400" tween="cubic" easing="out" condition="$EXP[Exp_View_WallVert] + [[$EXP[Exp_View_WallMode] + !Skin.HasSetting(View.SwitchWallStyle)] | $EXP[Exp_View_FurnitureWall]] + String.IsEmpty(Window(Home).Property(SideMenu.HasFocus))" reversible="false">Conditional</animation>
                        <animation effect="slide" start="60" end="0" time="400" tween="cubic" easing="out" condition="$EXP[Exp_View_WallVert] + [[$EXP[Exp_View_WallMode] + !Skin.HasSetting(View.SwitchWallStyle)] | $EXP[Exp_View_FurnitureWall]] + !String.IsEmpty(Window(Home).Property(SideMenu.HasFocus))" reversible="false">Conditional</animation>
                        <include content="Furniture_Top" condition="Skin.HasSetting(Furniture.DisableLeftHeader)">
                            <param name="label">$PARAM[label]</param>
                            <param name="include_left_datelabel">false</param>
                        </include>
                    </control>
                    <control type="group">
                        <include content="Animation_View_SlideOver_Invert">
                            <param name="time">400</param>
                        </include>
                        <include condition="Skin.HasSetting(Furniture.DisableLeftHeader)">Furniture_DateLabel_TopRight</include>
                        <!-- Custom Shutdown Timer -->
                        <control type="group">
                            <include condition="![Skin.HasSetting(Furniture.DisableLeftHeader) + [!Skin.HasSetting(Furniture.EnableClock) + [Window.IsVisible(MyPVRGuide.xml) | Window.IsVisible(MyPVRChannels.xml) | !String.IsEmpty(Skin.String(Furniture.EnableClock.TopLeft))]]]">Furniture_Right_SlidingFade</include>
                            <include content="Object_Top" condition="Skin.HasSetting(Furniture.DisableLeftHeader) + [!Skin.HasSetting(Furniture.EnableClock) + [Window.IsVisible(MyPVRGuide.xml) | Window.IsVisible(MyPVRChannels.xml) | !String.IsEmpty(Skin.String(Furniture.EnableClock.TopLeft))]]">
                                <param name="top">80</param>
                            </include>
                            <include content="Furniture_Busy">
                                <param name="hasprogress">false</param>
                                <param name="hasbackground">Skin.HasSetting(ToastNotifications.Tabbed)</param>
                                <param name="icon">special://skin/extras/icons/timer.png</param>
                                <param name="mainlabel">$INFO[System.AlarmPos(shutdowntimer)]</param>
                                <param name="minilabel">[CAPITALIZE]$LOCALIZE[20144][/CAPITALIZE]</param>
                                <param name="haslabel">True</param>
                                <param name="hasbackground">Skin.HasSetting(ToastNotifications.Tabbed)</param>
                                <param name="visible">System.HasAlarm(shutdowntimer)</param>
                                <param name="flipspinner">false</param>
                            </include>
                        </control>
                    </control>
                </control>
                <control type="group">
                    <visible allowhiddenfocus="true">String.IsEmpty(Window.Property(MediaFilterBase)) + [Control.HasFocus(19) | ControlGroup(9090).HasFocus() | Control.HasFocus(9992) | Control.HasFocus(9993)] + ![[[$EXP[Exp_View_WallMode] + !Skin.HasSetting(View.SwitchWallStyle)] | $EXP[Exp_View_FurnitureWall]] + $EXP[Exp_View_WallVert] + Skin.HasSetting(View.SwitchVerticalWallSize)]</visible>
                    <include content="Search_View_Edit">
                        <param name="editid">19</param>
                    </include>
                </control>
            </control>
        </definition>
    </include>

    <include name="View_Dialog_Plot">
        <param name="visible">Window.IsActive(1113)</param>
        <definition>
            <include content="DialogInfo_PlotBox">
                <param name="visible">$PARAM[visible]</param>
                <param name="scrollbar_fakefocus">true</param>
                <param name="include_movement">Items_Null</param>
                <param name="include_buttons">Items_Null</param>
                <param name="include_buttons_condition">false</param>
                <param name="dialog_size">Dimension_DialogHugeMenu</param>
            </include>
        </definition>
    </include>

    <include name="View_Scrollbar_V">
        <param name="onright">menu</param>
        <param name="onleft">50</param>
        <param name="id">60</param>
        <definition>
            <control type="group">
                <nested />
                <width>view_pad</width>
                <right>0</right>
                <bottom>view_top</bottom>
                <control type="group">
                    <width>scrollbar_w</width>
                    <centerright>50%</centerright>
                    <visible allowhiddenfocus="true">Control.HasFocus($PARAM[id])</visible>
                    <control type="image">
                        <texture colordiffuse="main_fg_12">common/white.png</texture>
                        <width>1</width>
                        <centerright>50%</centerright>
                    </control>
                    <control type="scrollbar" id="$PARAM[id]">
                        <onleft>$PARAM[onleft]</onleft>
                        <onright>$PARAM[onright]</onright>
                        <onup>$PARAM[onup]</onup>
                        <ondown>$PARAM[ondown]</ondown>
                        <onback>$PARAM[onback]</onback>
                        <orientation>vertical</orientation>
                        <texturesliderbackground />
                        <texturesliderbar colordiffuse="00ffffff" border="4">scrollbar/scrollv_line.png</texturesliderbar>
                        <include>Texture_Scrollbar_V</include>
                    </control>
                </control>
            </control>
        </definition>
    </include>

    <include name="View_Hidden_Buttons">
        <!-- Filter Action -->
        <include content="Object_Hidden_Button">
            <param name="id">68</param>
            <onfocus>SetFocus($VAR[Action_View_ContentID])</onfocus>
            <onfocus>ClearProperty(MediaFilterBase)</onfocus>
        </include>
        <!-- Dummy for bouncing focus back to view on back -->
        <include content="Object_Hidden_Button">
            <param name="id">62</param>
            <onfocus>SetFocus($VAR[Action_View_ContentID])</onfocus>
        </include>
        <include content="Object_Hidden_Button">
            <param name="id">63</param>
            <onfocus>SetFocus(50)</onfocus>
        </include>
        <include content="Object_Hidden_Button">
            <param name="id">64</param>
            <onfocus>$VAR[Action_Var_ToMediaFilter]</onfocus>
        </include>
        <include content="Object_Hidden_Button">
            <param name="id">67</param>
            <onfocus>SetFocus($VAR[Action_View_ContentID])</onfocus>
            <include condition="Skin.String(Navigation.Global.OnDown,Explore)">Action_View_Explore_OnFocus</include>
        </include>
        
        <include content="Object_Hidden_Button">
            <param name="id">610</param>
            <onup>50</onup>
            <onback>50</onback>

            <onleft condition="$EXP[Exp_IsAlphabetStrip]">SetFocus(50)</onleft>
            <onleft condition="$EXP[Exp_IsAlphabetStrip]">Action(PrevLetter)</onleft>
            <onleft condition="$EXP[Exp_IsAlphabetStrip]">SetFocus(613,$VAR[Action_Letter_Position],absolute)</onleft>
            <onleft condition="$EXP[Exp_IsAlphabetStrip] + [$EXP[Exp_View_WallMode] | $EXP[Exp_View_FurnitureWall]]">PageUp(60)</onleft>
            <onleft>SetFocus(610)</onleft>

            <onright condition="$EXP[Exp_IsAlphabetStrip]">SetFocus(50)</onright>
            <onright condition="$EXP[Exp_IsAlphabetStrip]">Action(NextLetter)</onright>
            <onright condition="$EXP[Exp_IsAlphabetStrip]">SetFocus(613,$VAR[Action_Letter_Position],absolute)</onright>
            <onright condition="$EXP[Exp_IsAlphabetStrip] + [$EXP[Exp_View_WallMode] | $EXP[Exp_View_FurnitureWall]]">PageDown(60)</onright>
            <onright>SetFocus(610)</onright>

            <onfocus condition="!$EXP[Exp_IsAlphabetStrip]">SetFocus(60)</onfocus>
            
            <!-- Explore -->
            <ondown condition="Skin.String(Navigation.Global.OnDown,Explore)">SetFocus(67)</ondown>
            
            <!-- Filter -->
            <ondown condition="Skin.String(Navigation.Global.OnDown,Filter)">SetFocus(64)</ondown>
            
            <!-- Options -->
            <ondown condition="Skin.String(Navigation.Global.OnDown,Options)">ActivateWindow(1171)</ondown>
            
            <!-- Bump -->
            <ondown condition="Skin.String(Navigation.Global.OnDown,Bump)">SetFocus(330)</ondown>

            <!-- Wall -->
            <ondown condition="Skin.String(Navigation.Global.OnDown,Wall) + ![Control.IsVisible(50) | Control.IsVisible(51) | Control.IsVisible(52) | Control.IsVisible(500) | Control.IsVisible(533) | Control.IsVisible(531) | Control.IsVisible(530)]">SetFocus(64)</ondown>
            <ondown condition="Skin.String(Navigation.Global.OnDown,Wall) + [Control.IsVisible(50) | Control.IsVisible(51) | Control.IsVisible(52) | Control.IsVisible(500) | Control.IsVisible(533) | Control.IsVisible(531) | Control.IsVisible(530)]">SetProperty(FurnitureWallMode,$INFO[Container.FolderPath])</ondown>
            <ondown condition="Skin.String(Navigation.Global.OnDown,Wall) + Control.IsVisible(50)">SetFocus(5060)</ondown>
            <ondown condition="Skin.String(Navigation.Global.OnDown,Wall) + Control.IsVisible(51)">SetFocus(5160)</ondown>
            <ondown condition="Skin.String(Navigation.Global.OnDown,Wall) + Control.IsVisible(52)">SetFocus(5260)</ondown>
            <ondown condition="Skin.String(Navigation.Global.OnDown,Wall) + Control.IsVisible(500)">SetFocus(50060)</ondown>
            <ondown condition="Skin.String(Navigation.Global.OnDown,Wall) + Control.IsVisible(533)">SetFocus(53360)</ondown>
            <ondown condition="Skin.String(Navigation.Global.OnDown,Wall) + Control.IsVisible(531)">SetFocus(53160)</ondown>
            <ondown condition="Skin.String(Navigation.Global.OnDown,Wall) + Control.IsVisible(530)">SetFocus(53060)</ondown>
        </include>

        <include content="Object_Hidden_Button">
            <param name="id">611</param>
            <onleft>50</onleft>
            <onright>SetFocus(8000)</onright>
            <onback>50</onback>
            <onup>Action(PrevLetter)</onup>
            <onup>SetFocus(611)</onup>
            <ondown>SetFocus(50)</ondown>
            <ondown>SetFocus(611)</ondown>
            <ondown>Action(NextLetter)</ondown>
            <onfocus condition="!Integer.IsEqual(Container.NumPages,1) + $EXP[Exp_View_Scrollbar_Mini_V]">SetFocus(70)</onfocus>
            <onfocus condition="!Integer.IsEqual(Container.NumPages,1) + $EXP[Exp_View_Scrollbar_Midi_V]">SetFocus(65)</onfocus>
            <onfocus condition="!Integer.IsEqual(Container.NumPages,1) + $EXP[Exp_View_Scrollbar_Maxi_V]">SetFocus(66)</onfocus>
            
            <onfocus condition="Integer.IsEqual(Container.NumPages,1) + Skin.String(Navigation.Global.OnDown,Options)">ActivateWindow(1171)</onfocus>
            <onfocus condition="Integer.IsEqual(Container.NumPages,1) + [Skin.String(Navigation.Global.OnDown,Filter) | Skin.String(Navigation.Global.OnDown,Wall)]">SetFocus(64)</onfocus>
            <onfocus condition="Integer.IsEqual(Container.NumPages,1) + Skin.String(Navigation.Global.OnDown,Explore)">SetFocus(67)</onfocus>
            <onfocus condition="Integer.IsEqual(Container.NumPages,1) + Skin.String(Navigation.Global.OnDown,Bump)">SetFocus(332)</onfocus>
        </include>
    </include>
    
    <include name="View_Alphabet_Scroll">
        <control type="fixedlist" id="613">
            <orientation>horizontal</orientation>
            <height>47</height>
            <bottom>85</bottom>
            <focusposition>5</focusposition>
            <movement>5</movement>
            <width>462</width>
            <centerleft>50%</centerleft>
            <visible>$EXP[Exp_IsAlphabetStrip] + !$EXP[Exp_View_WallMode] + !$EXP[Exp_View_FurnitureWall]</visible>

            <onup>50</onup>
            <onback>50</onback>

            <itemlayout width="42">
                <control type="label">
                    <font>font_main</font>
                    <label>$INFO[ListItem.Label]</label>
                    <textcolor>dialog_fg_70</textcolor>
                    <align>center</align>
                    <visible>Control.HasFocus(610)</visible>
                </control>
            </itemlayout>

            <focusedlayout width="42">
                <control type="label">
                    <font>font_main_bold</font>
                    <label>$INFO[ListItem.Label]</label>
                    <textcolor>ffffffff</textcolor>
                    <align>center</align>
                    <visible>Control.HasFocus(610)</visible>
                </control>
                <control type="image">
                    <height>scrollbar_w</height>
                    <top>37.5</top>
                    <include>Texture_Highlight_Scrollbar_H</include>
                    <width>30</width>
                    <centerleft>50%</centerleft>
                    <visible>Control.HasFocus(610)</visible>
                </control>
            </focusedlayout>

            <content>
                <item>
                    <label>#</label>
                </item>
                <item>
                    <label>A</label>
                </item>
                <item>
                    <label>B</label>
                </item>
                <item>
                    <label>C</label>
                </item>
                <item>
                    <label>D</label>
                </item>
                <item>
                    <label>E</label>
                </item>
                <item>
                    <label>F</label>
                </item>
                <item>
                    <label>G</label>
                </item>
                <item>
                    <label>H</label>
                </item>
                <item>
                    <label>I</label>
                </item>
                <item>
                    <label>J</label>
                </item>
                <item>
                    <label>K</label>
                </item>
                <item>
                    <label>L</label>
                </item>
                <item>
                    <label>M</label>
                </item>
                <item>
                    <label>N</label>
                </item>
                <item>
                    <label>O</label>
                </item>
                <item>
                    <label>P</label>
                </item>
                <item>
                    <label>Q</label>
                </item>
                <item>
                    <label>R</label>
                </item>
                <item>
                    <label>S</label>
                </item>
                <item>
                    <label>T</label>
                </item>
                <item>
                    <label>U</label>
                </item>
                <item>
                    <label>V</label>
                </item>
                <item>
                    <label>W</label>
                </item>
                <item>
                    <label>X</label>
                </item>
                <item>
                    <label>Y</label>
                </item>
                <item>
                    <label>Z</label>
                </item>
            </content>
        </control>
    </include>

    <include name="View_Row_Info">
        <control type="group">
            <visible>![$EXP[Exp_InfoDialogs]]</visible>
            <include>Animation_Transition_InfoPanel_Hide</include>

            <animation effect="fade" start="100" end="0" delay="400" reversible="false" time="400" condition="$EXP[Exp_FilterItems_Keyboard]">Conditional</animation>
            <animation effect="fade" start="100" end="0" delay="0" reversible="false" time="200" condition="$EXP[Exp_View_FurnitureWall]">Conditional</animation> 

            <control type="group">
                <include content="Info_Panel">
                    <param name="visible">String.IsEmpty(Window.Property(TMDBHelper.WidgetContainer))</param>
                    <param name="details">![Control.IsVisible(519) | Control.IsVisible(520)]</param>
                    <include content="Object_Top" condition="!Skin.HasSetting(Furniture.DisableLeftHeader)">
                       <param name="top">view_top</param>    
                    </include>
                    <include content="Object_Top" condition="Skin.HasSetting(Furniture.DisableLeftHeader)">
                        <param name="top">view_pad</param>    
                    </include>
                    <width>info_panel_w</width>
                    <left>view_side</left>
                    <visible>![[Control.IsVisible(56) + Skin.HasSetting(Disable.ListFlixPoster)] | Control.IsVisible(524) | Control.IsVisible(517) | $EXP[Exp_View_WallMode]]</visible>
                </include>
                <include content="Info_Panel">
                    <param name="visible">String.IsEmpty(Window.Property(TMDBHelper.WidgetContainer))</param>
                    <param name="grouplistid">99953</param>
                    <param name="details">Control.IsVisible(56) | [Control.IsVisible(517) + !Skin.HasSetting(Disable.ListBigPosterDetailedView)]</param>
                    <param name="plotwidth">1040</param>
                    <include content="Object_Top" condition="!Skin.HasSetting(Furniture.DisableLeftHeader)">
                        <param name="top">view_top</param>    
                    </include>
                    <include content="Object_Top" condition="Skin.HasSetting(Furniture.DisableLeftHeader)">
                        <param name="top">view_pad</param>    
                    </include>
                    <width>info_panel_w</width>
                    <left>view_side</left>
                    <visible>[Control.IsVisible(56) + Skin.HasSetting(Disable.ListFlixPoster)] | Control.IsVisible(517)</visible>
                </include>
                <include content="Info_Panel">
                    <param name="visible">String.IsEmpty(Window.Property(TMDBHelper.WidgetContainer))</param>
                    <param name="title">false</param>
                    <param name="grouplistid">99954</param>
                    <param name="details">!Skin.HasSetting(Disable.ListBigLandscapeDetailedView)</param>
                    <param name="plotwidth">940</param>
                    <param name="plotautoheight">false</param>
                    <height>560.7</height>
                    <width>940</width>
                    <right>view_pad</right>
                    <bottom>-160</bottom>
                    <visible>Control.IsVisible(519)</visible>
                    <animation effect="slide" start="40" end="-80" time="400" tween="cubic" easing="out" condition="!String.IsEmpty(Window(Home).Property(SideMenu.HasFocus))" reversible="false">Conditional</animation>
                    <animation effect="slide" start="-80" end="40" time="400" tween="cubic" easing="out" condition="String.IsEmpty(Window(Home).Property(SideMenu.HasFocus))" reversible="false">Conditional</animation>
                </include>
                <include content="Info_Panel">
                    <param name="visible">String.IsEmpty(Window.Property(TMDBHelper.WidgetContainer))</param>
                    <param name="grouplistid">99955</param>
                    <param name="plotwidth">680</param>
                    <param name="ratings">![Skin.HasSetting(Disable.ComboListDetailedView)]</param>
                    <param name="details">![Skin.HasSetting(Disable.ComboListDetailedView)]</param>
                    <param name="container">Container(524).</param>
                    <param name="plotbox_scroll">[!Skin.HasSetting(Textboxes.DisableAutoscroll) + Control.HasFocus(524)]</param>
                    <include content="Object_Top" condition="!Skin.HasSetting(Furniture.DisableLeftHeader)">
                        <param name="top">view_top</param>    
                    </include>
                    <include content="Object_Top" condition="Skin.HasSetting(Furniture.DisableLeftHeader)">
                        <param name="top">view_pad</param>    
                    </include>
                    <visible>Control.IsVisible(524)</visible>
                    <width>info_panel_w</width>
                    <left>view_side</left>
                </include>
                <include content="View_Combined_Info" condition="$EXP[Exp_View_502_Include]"><param name="id">50</param></include>
                <include content="View_Combined_Info" condition="$EXP[Exp_View_512_Include]"><param name="id">51</param></include>
                <include content="View_Combined_Info" condition="$EXP[Exp_View_522_Include]"><param name="id">52</param></include>
                <include content="View_Combined_Info" condition="$EXP[Exp_View_542_Include]"><param name="id">54</param></include>
                <include content="View_Combined_Info" condition="$EXP[Exp_View_552_Include]"><param name="id">55</param></include>
                <include content="View_Combined_Info" condition="$EXP[Exp_View_572_Include]"><param name="id">57</param></include>
            </control>
        </control>
        
        <control type="group">
            <visible>$EXP[Exp_View_WallMode] + Skin.HasSetting(View.SwitchWallStyle)</visible>
            <animation effect="fade" start="100" end="0" delay="0" reversible="false" time="200" condition="$EXP[Exp_View_FurnitureWall]">Conditional</animation>
            <control type="group">
                <animation effect="fade" start="100" end="0" delay="600" reversible="false" time="1" condition="$EXP[Exp_InfoDialogs]">Conditional</animation>
                <include content="Object_Top" condition="!Skin.HasSetting(Furniture.DisableLeftHeader)">
                    <param name="top">view_top</param>    
                </include>
                <include content="Object_Top" condition="Skin.HasSetting(Furniture.DisableLeftHeader)">
                    <param name="top">view_pad</param>    
                </include>
                <left>view_side</left>
                <right>view_pad</right>
                <bottom>view_top</bottom>
                <include content="Info_Panel">
                    <param name="visible">String.IsEmpty(Window.Property(TMDBHelper.WidgetContainer))</param>
                    <param name="grouplistid">99956</param>
                    <param name="title">true</param>
                    <width>info_panel_w</width>
                </include>
            </control>
            <control type="group">
                <animation effect="fade" start="100" end="0" delay="400" reversible="false" time="200" condition="$EXP[Exp_InfoDialogs]">Conditional</animation>
                <animation effect="fade" start="0" end="100" delay="200" reversible="false" time="200" condition="!$EXP[Exp_InfoDialogs]">Conditional</animation>
                <left>view_side</left>
                <top>520</top>
                <width>679</width>
                <height>405</height>
                <control type="group">
                    <include content="Object_BigPoster">
                        <param name="icon">$VAR[Image_Landscape]</param>
                        <param name="diffuse">diffuse/landscape_w1140_h680.png</param>
                    </include>
                </control>
            </control>
        </control>
    </include>

    <include name="View_Row_Items_ViewLine">
        <control type="group">
            <visible>!$EXP[Exp_InfoDialogs]</visible>
            <include>Animation_Transition_InfoPanel_Hide</include>
            <control type="group">                
                <animation type="Conditional" reversible="false" condition="[$EXP[Exp_View_WallMode] | $EXP[Exp_View_FurnitureWall]] + [!$EXP[Exp_View_WallVert] | [$EXP[Exp_View_WallVert] + !Skin.HasSetting(View.SwitchVerticalWallSize)]]">
                    <effect type="slide" end="0,-350" start="0" />
                </animation>
                <animation type="Conditional" reversible="false" condition="![$EXP[Exp_View_WallMode] | $EXP[Exp_View_FurnitureWall]] + [!$EXP[Exp_View_WallVert] | [$EXP[Exp_View_WallVert] + !Skin.HasSetting(View.SwitchVerticalWallSize)]]">
                    <effect type="slide" start="0,-350" end="0" />
                </animation>
                <animation type="Conditional" reversible="false" condition="[$EXP[Exp_View_ListMode_Standard] | [Control.IsVisible(524) + Skin.HasSetting(Disable.ComboListDetailedView)]]">
                    <effect type="slide" end="0,-223" start="0" />
                </animation>
                <animation effect="fade" start="100" end="0" delay="0" reversible="false" time="200" condition="[[$EXP[Exp_View_WallMode] + Skin.HasSetting(View.SwitchWallStyle)] | [[$EXP[Exp_View_WallMode] | $EXP[Exp_View_FurnitureWall]] + $EXP[Exp_View_WallVert] + Skin.HasSetting(View.SwitchVerticalWallSize)]]">Conditional</animation>                
                
                <animation effect="slide" start="0" end="60" time="400" tween="cubic" easing="out" condition="$EXP[Exp_View_WallVert] + [[$EXP[Exp_View_WallMode] + !Skin.HasSetting(View.SwitchWallStyle)] | $EXP[Exp_View_FurnitureWall]] + String.IsEmpty(Window(Home).Property(SideMenu.HasFocus))" reversible="false">Conditional</animation>
                <animation effect="slide" start="60" end="0" time="400" tween="cubic" easing="out" condition="$EXP[Exp_View_WallVert] + [[$EXP[Exp_View_WallMode] + !Skin.HasSetting(View.SwitchWallStyle)] | $EXP[Exp_View_FurnitureWall]] + !String.IsEmpty(Window(Home).Property(SideMenu.HasFocus))" reversible="false">Conditional</animation>
                
                <include>Animation_Trailer_Dim</include>
                <include condition="Skin.HasSetting(Furniture.DisableLeftHeader) + Skin.String(Home.SideMenuCollapse,Topbar)">Animation_Widgets_Topbar_SlideUp</include>
                <include condition="Skin.HasSetting(Furniture.DisableLeftHeader)">Animation_Widgets_Topbar_SlideUp_Filter</include>
                
                <include content="Info_Viewline">
                    <param name="item_condition">true</param>
                    <param name="library_condition">true</param>
                    <param name="top_padding">true</param>
                </include>
            </control>
        </control>
    </include>

    <include name="View_Row_Items_NextItem">
        <include content="View_Furniture_Bottom_Group">
            <param name="include">View_Furniture_Bottom_Group_NextLabel</param>
        </include>
    </include>

    <include name="View_Row_Items_KeyboardSlide">
        <animation effect="slide" end="0,-320" delay="600" reversible="false" time="400" tween="cubic" easing="out" condition="$EXP[Exp_FilterItems_Keyboard]">Conditional</animation>
    </include>

    <include name="View_Row_Items_CombinedViews">
        <include condition="$EXP[Exp_View_502_Include]">View_502_Square_Combined_Row</include>
        <include condition="$EXP[Exp_View_512_Include]">View_512_Landscape_Combined_Row</include>
        <include condition="$EXP[Exp_View_522_Include]">View_522_Poster_Combined_Row</include>        
        <include condition="$EXP[Exp_View_542_Include]">View_542_Circle_Combined_Row</include>        
        <include condition="$EXP[Exp_View_552_Include]">View_552_Card_Combined_Row</include>        
        <include condition="$EXP[Exp_View_572_Include]">View_572_Board_Combined_Row</include>        
    </include>

    <include name="View_Row_Items_StandardViews">
        <include condition="$EXP[Exp_View_50_Include]">View_050_Square_Row</include>
        <include condition="$EXP[Exp_View_51_Include]">View_051_Landscape_Row</include>
        <include condition="$EXP[Exp_View_52_Include]">View_052_Poster_Row</include>
        <include condition="$EXP[Exp_View_500_Include]">View_500_Circle_Row</include>
        <include condition="$EXP[Exp_View_56_Include]">View_056_MediaList</include>
        <include condition="$EXP[Exp_View_517_Include]">View_517_BigPoster_MediaList</include> 
        <include condition="$EXP[Exp_View_519_Include]">View_519_BigLandscape_MediaList</include> 
        <include condition="$EXP[Exp_View_520_Include]">View_520_Expanded_MediaList</include> 
        <include condition="$EXP[Exp_View_524_Include]">View_524_ComboList</include>    
        <include condition="$EXP[Exp_View_530_Include]">View_530_Banner_Row</include>    
        <include condition="$EXP[Exp_View_531_Include]">View_531_Board_Row</include>    
        <include condition="$EXP[Exp_View_532_Include]">View_532_Card_Row</include>    
        <include condition="$EXP[Exp_View_533_Include]">View_533_Overview_Row</include>    
        <include condition="$EXP[Exp_View_540_Include]">View_540_Square_Wall</include>    
        <include condition="$EXP[Exp_View_545_Include]">View_545_Landscape_Wall</include>    
        <include condition="$EXP[Exp_View_585_Include]">View_585_Poster_Wall</include>    
        <include condition="$EXP[Exp_View_555_Include]">View_555_Circle_Wall</include>    
        <include condition="$EXP[Exp_View_565_Include]">View_565_Overview_Wall</include>    
        <include condition="$EXP[Exp_View_570_Include]">View_570_Board_Wall</include>    
        <include condition="$EXP[Exp_View_580_Include]">View_580_Banner_Wall</include>    
    </include>

    <include name="View_Row_Items_FavouritesViews">
        <include content="View_Row_Include">
            <param name="id">50</param>
            <param name="include">List_Square_Row</param>
            <param name="viewtype_label">$LOCALIZE[31113]</param>
            <param name="visible">True</param>
        </include>
    </include>

    <include name="View_Row_Items">
        <param name="include_combinedviews">View_Row_Items_CombinedViews</param>
        <param name="include_standardviews">View_Row_Items_StandardViews</param>
        <definition>
            <control type="group">

                <include>View_Row_Items_KeyboardSlide</include>

                <control type="group">
                    <include>Animation_Half_WindowChange_UpDown</include>
                    <include>$PARAM[include_combinedviews]</include>
                    <control type="group">
                        <include>$PARAM[include_standardviews]</include>
                    </control>
                </control>
            </control>
        </definition>
    </include>
    
    <include name="View_Furniture_Bottom_ViewLine">
        <param name="fade_condition">true</param>
        <param name="left">-120</param>
        <param name="right">0</param>
        <definition>
            <control type="group">
                <visible>$PARAM[visible]</visible>
                <animation effect="fade" start="100" end="30" condition="$PARAM[fade_condition]">Conditional</animation>
                <include content="Info_Viewline">
                    <param name="label">$PARAM[label]</param>
                    <param name="align">$PARAM[align]</param>
                    <param name="haspath">$PARAM[haspath]</param>
                    <param name="use_highlight">$PARAM[use_highlight]</param>
                    <param name="top">10</param>
                    <param name="left">$PARAM[left]</param>
                    <param name="right">$PARAM[right]</param>
                    <param name="textcolor_base">$PARAM[textcolor_base]</param>
                </include>
            </control>
        </definition>
    </include>

    <include name="View_Furniture_Bottom_Group_NextLabel">
        <control type="group">
            <include>Dimension_Bottombar</include>
            <visible>$EXP[Exp_FurnitureFooter_Left_IsVisible]</visible>
            <visible>!Skin.String(Furniture.BottomLeft.Enable,Library)</visible>
            <visible>!Skin.String(Furniture.BottomLeft.Enable,Always)</visible>
            <animation effect="fade" start="100" end="30" condition="true">Conditional</animation>
            <control type="group">
                <height>35</height>
                <include content="Info_Viewline"> 
                    <param name="library_condition">false</param>
                    <param name="label">$VAR[Label_NextMedia]</param>
                    <param name="custom_icon_condition">Skin.HasSetting(Furniture.EnableViewLineIcons)</param>
                    <param name="custom_icon">$VAR[Image_NextMedia]</param>
                    <top>0</top>
                    <left>0</left>
                </include>
            </control>
        </control>
    </include>

    <include name="View_Furniture_Bottom_Group_Content">
        <control type="group">
            <visible>$EXP[Exp_FurnitureFooter_Left_IsVisible]</visible>
            <include condition="Skin.String(Furniture.BottomLeft.Enable,Library) | Skin.String(Furniture.BottomLeft.Enable,Always)">Furniture_Bottom_Left</include>
            <animation effect="slide" start="0" end="0,40" time="150" tween="sine" easing="in" condition="$EXP[Exp_InfoDialogs]" reversible="true">Conditional</animation>
            <animation effect="slide" start="0" end="60" time="400" tween="cubic" easing="out" condition="$EXP[Exp_View_WallVert] + [$EXP[Exp_View_WallMode] | $EXP[Exp_View_FurnitureWall]] + String.IsEmpty(Window(Home).Property(SideMenu.HasFocus))" reversible="false">Conditional</animation>
            <animation effect="slide" start="60" end="0" time="400" tween="cubic" easing="out" condition="$EXP[Exp_View_WallVert] + [$EXP[Exp_View_WallMode] | $EXP[Exp_View_FurnitureWall]] + !String.IsEmpty(Window(Home).Property(SideMenu.HasFocus))" reversible="false">Conditional</animation>
        </control>
    </include>

    <include name="View_Furniture_Bottom_Group">
        <control type="group">
            <visible>!$EXP[Exp_InfoDialogs] | !$EXP[Exp_Footer_BottomLeft_IsVisible]</visible>
            <include condition="!$EXP[Exp_Footer_BottomLeft_IsVisible]">Widget_Lower_Visibility</include>
            <include condition="$EXP[Exp_Footer_BottomLeft_IsVisible]">Animation_Transition_InfoPanel_Hide</include>
            <include condition="Skin.HasSetting(Furniture.DisableLeftHeader) + Skin.String(Home.SideMenuCollapse,Topbar)">Animation_Widgets_Topbar_SlideUp_Fade</include>
            <include condition="Skin.HasSetting(Furniture.DisableLeftHeader)">Animation_Widgets_Topbar_SlideUp_Fade_Filter</include>
            <control type="group">
                <visible>!Window.IsVisible(1171)</visible>
                <control type="group">
                    <visible>![[Container.Scrolling + $EXP[Exp_FurnitureFooter_Left_IsVisible] + !$EXP[Exp_View_ScrollFilter_HasFocus]] | !String.IsEmpty(Window.Property(MediaFilterBase))]</visible>
                    <animation effect="fade" start="100" end="0" delay="400" time="1" reversible="true">Hidden</animation>
                    <animation effect="fade" start="0" end="100" delay="400" time="1" reversible="false">Visible</animation>
                    <animation effect="slide" start="0" end="60" time="400" tween="cubic" easing="out" condition="$EXP[Exp_View_WallVert] + [[$EXP[Exp_View_WallMode] + !Skin.HasSetting(View.SwitchWallStyle)] | $EXP[Exp_View_FurnitureWall]] + String.IsEmpty(Window(Home).Property(SideMenu.HasFocus))" reversible="false">Conditional</animation>
                    <animation effect="slide" start="60" end="0" time="400" tween="cubic" easing="out" condition="$EXP[Exp_View_WallVert] + [[$EXP[Exp_View_WallMode] + !Skin.HasSetting(View.SwitchWallStyle)] | $EXP[Exp_View_FurnitureWall]] + !String.IsEmpty(Window(Home).Property(SideMenu.HasFocus))" reversible="false">Conditional</animation>
                    <include>$PARAM[include]</include>
                </control>
            </control>
        </control>
    </include>

    <include name="View_Furniture_Bottom_PageCount_Footer_Default">
        <control type="group">
            <left>80</left>
            <height>80</height>
            <centertop>50%</centertop>
            <include content="Object_InfoCircle_Text_Top">
                <width>auto</width>
                <label fallback="571">$VAR[Label_Furniture_Bottom_Content]</label>
            </include>
            <include content="Object_InfoCircle_Text_Sub">
                <label>$INFO[Container.NumItems,[COLOR=main_fg_90][B],[/B][/COLOR] $LOCALIZE[31022]. ]$LOCALIZE[31135] $INFO[Container.CurrentPage,[COLOR=main_fg_90][B],[/B][/COLOR] $LOCALIZE[20163] ]$INFO[Container.NumPages,[COLOR=main_fg_90][B],[/B][/COLOR]]</label>
                <width>auto</width>
            </include>
        </control>
    </include>

    <include name="View_Furniture_Bottom_PageCount_Footer_Basic">
        <control type="label">
            <label>$LOCALIZE[31135] $INFO[Container.CurrentPage,[COLOR=main_fg_90][B],[/B][/COLOR] $LOCALIZE[20163] ]$INFO[Container.NumPages,[COLOR=main_fg_90][B],[/B][/COLOR]]</label>
            <left>80</left>
            <include>Defs_Label_FooterItem</include>
        </control>
    </include>

    <include name="View_Furniture_Bottom_PageCount_Footer">
        <param name="visible">true</param>
        <definition>
            <control type="group">
                <visible>$PARAM[visible]</visible>
                <control type="group">
                    <width>50</width>
                    <height>50</height>
                    <centertop>50%</centertop>
                    <include content="Info_FooterItemIcon">
                        <param name="icon">special://skin/extras/icons/kodi.png</param>
                        <param name="centered">true</param>
                        <param name="size">50</param>
                        <param name="bordersize">1</param>
                    </include>
                </control>
                <include condition="!Skin.String(Furniture.CodecStyle,Basic)">View_Furniture_Bottom_PageCount_Footer_Default</include>
                <include condition="Skin.String(Furniture.CodecStyle,Basic)">View_Furniture_Bottom_PageCount_Footer_Basic</include>
            </control>
        </definition>
    </include>

    <include name="View_Furniture_Bottom_PageCount_Basic">
        <control type="group">
            <animation effect="fade" start="100" end="30" condition="true">Conditional</animation>
            <control type="group">
                <height>35</height>
                <include content="Info_Viewline">
                    <param name="library_condition">false</param>
                    <param name="label">$LOCALIZE[31135]$INFO[Container.CurrentPage, , $LOCALIZE[20163] ]$INFO[Container.NumPages]</param>
                    <param name="custom_icon_condition">Skin.HasSetting(Furniture.EnableViewLineIcons)</param>
                    <param name="custom_icon">special://skin/extras/icons/kodi.png</param>
                    <param name="custom_label_condition">Skin.HasSetting(Furniture.EnableViewLineIcons)</param>
                    <param name="custom_label">$INFO[ListItem.SortLetter]</param>
                    <top>0</top>
                    <left>0</left>
                </include>
            </control>
        </control>
    </include>

    <include name="View_Furniture_Bottom">
        <control type="group">
            <include condition="!Skin.String(Furniture.BottomLeft.Enable,Always)">Animation_Half_WindowChange_UpDown</include>
            <include content="View_Furniture_Bottom_Group">
                <param name="include">View_Furniture_Bottom_Group_Content</param>
            </include>
            
            <include content="OSD_CastInfo_HintText" condition="!Skin.HasSetting(Furniture.EnableViewLineIcons)">
                <param name="label">$VAR[Label_OnDown_Footer_HintText]</param>
                <param name="visible">$EXP[Exp_View_ScrollFilterHorz_HasFocus] + !Window.IsVisible(1171)</param>
                <param name="centerbottom">50</param>
                <param name="colordiffuse">main_fg_30</param>
                <param name="fade_in">false</param>
                <param name="fade_out">false</param>
                <param name="arrow_direction">down</param>
            </include>
            <include content="OSD_CastInfo_HintText" condition="!Skin.HasSetting(Furniture.EnableViewLineIcons)">
                <param name="label">$VAR[Label_OnRight_Footer_HintText]</param>
                <param name="visible">$EXP[Exp_View_ScrollFilterVert_HasFocus] + !Window.IsVisible(1171)</param>
                <param name="centerbottom">50</param>
                <param name="colordiffuse">main_fg_30</param>
                <param name="fade_in">false</param>
                <param name="fade_out">false</param>
                <param name="arrow_direction">right</param>
            </include>          
            
            <control type="group">
                <visible>!Window.IsVisible(1171)</visible>
                <include condition="Skin.HasSetting(Furniture.DisableLeftHeader) + Skin.String(Home.SideMenuCollapse,Topbar)">Animation_Widgets_Topbar_SlideUp_Fade</include>
                <include condition="Skin.HasSetting(Furniture.DisableLeftHeader)">Animation_Widgets_Topbar_SlideUp_Fade_Filter</include>
                <control type="group">
                    <visible>[[Container.Scrolling + $EXP[Exp_FurnitureFooter_Left_IsVisible] + !$EXP[Exp_View_ScrollFilter_HasFocus]] | !String.IsEmpty(Window.Property(MediaFilterBase))]</visible>
                    <animation effect="fade" start="0" end="100" delay="400" time="1" reversible="true">Visible</animation>
                    <animation effect="fade" start="100" end="0" delay="400" time="1" reversible="false">Hidden</animation>
                    <animation effect="slide" start="0" end="60" time="400" tween="cubic" easing="out" condition="$EXP[Exp_View_WallVert] + [[$EXP[Exp_View_WallMode] + !Skin.HasSetting(View.SwitchWallStyle)] | $EXP[Exp_View_FurnitureWall]] + String.IsEmpty(Window(Home).Property(SideMenu.HasFocus))" reversible="false">Conditional</animation>
                    <animation effect="slide" start="60" end="0" time="400" tween="cubic" easing="out" condition="$EXP[Exp_View_WallVert] + [[$EXP[Exp_View_WallMode] + !Skin.HasSetting(View.SwitchWallStyle)] | $EXP[Exp_View_FurnitureWall]] + !String.IsEmpty(Window(Home).Property(SideMenu.HasFocus))" reversible="false">Conditional</animation>
                    <height>40</height>
                    <centerbottom>100</centerbottom>
                    <left>view_side</left>
                    <right>view_pad</right>
                    <include condition="[Skin.String(Furniture.BottomLeft.Enable,Library) | Skin.String(Furniture.BottomLeft.Enable,Always)]">View_Furniture_Bottom_PageCount_Footer</include>
                    <include condition="![Skin.String(Furniture.BottomLeft.Enable,Library) | Skin.String(Furniture.BottomLeft.Enable,Always)]">View_Furniture_Bottom_PageCount_Basic</include>
                </control>
                <include>View_Combined_Row_Horz_Selector</include>
            </control>

            <!-- Scroll Bar -->
            <control type="group">
                <include>Dimension_Bottombar</include>
                <control type="group">
                    <include>Dimension_Furniture_Gutters</include>                    
                    <include>View_Scrollbar_Strip</include>
                    <control type="group">
                        <animation effect="slide" start="0" end="-120" time="400" tween="cubic" easing="out" condition="!String.IsEmpty(Window(Home).Property(SideMenu.HasFocus))" reversible="false">Conditional</animation>
                        <include content="View_Furniture_Bottom_ViewLine">
                            <param name="label">[COLOR=main_fg_90]$VAR[Label_RightFooter_ScrollbarOnFocus][/COLOR]</param>
                            <param name="visible">$EXP[Exp_View_ScrollFilter_HasFocus]</param>
                            <param name="align">left</param>
                            <param name="left">1620</param>
                            <param name="right">-40</param>
                        </include>
                    </control>
                </control>
            </control>
            
            <!-- Alphabet strip -->
            <include>View_Alphabet_Scroll</include>
        </control>
    </include>

    <variable name="Label_RightFooter_ScrollbarOnFocus">
        <value condition="Control.IsVisible(502)">$LOCALIZE[31135]$INFO[Container(503).CurrentPage, , $LOCALIZE[20163] ]$INFO[Container(503).NumPages]</value>
        <value condition="Control.IsVisible(512)">$LOCALIZE[31135]$INFO[Container(513).CurrentPage, , $LOCALIZE[20163] ]$INFO[Container(513).NumPages]</value>
        <value condition="Control.IsVisible(522)">$LOCALIZE[31135]$INFO[Container(523).CurrentPage, , $LOCALIZE[20163] ]$INFO[Container(523).NumPages]</value>
        <value condition="Control.IsVisible(542)">$LOCALIZE[31135]$INFO[Container(543).CurrentPage, , $LOCALIZE[20163] ]$INFO[Container(543).NumPages]</value>
        <value condition="Control.IsVisible(552)">$LOCALIZE[31135]$INFO[Container(553).CurrentPage, , $LOCALIZE[20163] ]$INFO[Container(553).NumPages]</value>
        <value condition="Control.IsVisible(572)">$LOCALIZE[31135]$INFO[Container(573).CurrentPage, , $LOCALIZE[20163] ]$INFO[Container(573).NumPages]</value>
        <value condition="Control.IsVisible(524)">$LOCALIZE[31135]$INFO[Container(526).CurrentPage, , $LOCALIZE[20163] ]$INFO[Container(526).NumPages]</value>
        <value>$LOCALIZE[31135]$INFO[Container.CurrentPage, , $LOCALIZE[20163] ]$INFO[Container.NumPages]</value>
    </variable>

    <include name="View_Bumper">
        <param name="groupid">320</param>
        <param name="menuid">303</param>
        <definition>
            <control type="button" id="330">
                <width>1</width>
                <height>1</height>
                <left>-1000</left>
                <onfocus condition="!String.IsEmpty(Window.Property(List.ViewContainer))">SetFocus($INFO[Window.Property(List.ViewContainer)])</onfocus>
                <onfocus condition="!String.IsEmpty(Window.Property(List.ViewContainer))">ClearProperty(List.ViewContainer)</onfocus>
                <onfocus condition="String.IsEmpty(Window.Property(List.ViewContainer))">SetFocus($PARAM[groupid])</onfocus>
                <onclick>SetFocus($PARAM[groupid])</onclick>
                <visible allowhiddenfocus="true">Control.HasFocus(330)</visible>
                <animation effect="fade" time="300" start="0" end="0">Focus</animation>
            </control>
            <control type="button" id="331">
                <width>1</width>
                <height>1</height>
                <left>-1000</left>
                <onfocus>SetFocus($PARAM[menuid])</onfocus>
                <onclick>SetFocus($PARAM[menuid])</onclick>
                <visible allowhiddenfocus="true">Control.HasFocus(331)</visible>
                <animation effect="fade" time="300" start="0" end="0">Focus</animation>
            </control>
            <control type="button" id="332">
                <width>1</width>
                <height>1</height>
                <left>-1000</left>
                <onfocus condition="!String.IsEmpty(Window.Property(List.ViewContainer))">SetFocus($INFO[Window.Property(List.ViewContainer)])</onfocus>
                <onfocus condition="!String.IsEmpty(Window.Property(List.ViewContainer))">ClearProperty(List.ViewContainer)</onfocus>
                <onfocus condition="String.IsEmpty(Window.Property(List.ViewContainer))">SetFocus($PARAM[groupid])</onfocus>
                <onclick>SetFocus($PARAM[groupid])</onclick>
                <visible allowhiddenfocus="true">Control.HasFocus(332)</visible>
                <animation effect="fade" time="300" start="0" end="0">Focus</animation>
            </control>
            <control type="button" id="333">
                <width>1</width>
                <height>1</height>
                <left>-1000</left>
                <onfocus condition="!String.IsEmpty(Window.Property(List.ViewContainer))">SetFocus($INFO[Window.Property(List.ViewContainer)])</onfocus>
                <onfocus condition="!String.IsEmpty(Window.Property(List.ViewContainer))">ClearProperty(List.ViewContainer)</onfocus>
                <onfocus condition="String.IsEmpty(Window.Property(List.ViewContainer))">SetFocus($PARAM[groupid])</onfocus>
                <onclick>SetFocus($PARAM[groupid])</onclick>
                <visible allowhiddenfocus="true">Control.HasFocus(333)</visible>
                <animation effect="fade" time="300" start="0" end="0">Focus</animation>
            </control>
        </definition>
    </include>
    
    <include name="View_Scrollbar_Strip">
        <control type="group">
        <animation effect="slide" start="0" end="-60" time="400" tween="cubic" easing="out" condition="!String.IsEmpty(Window(Home).Property(SideMenu.HasFocus))" reversible="false">Conditional</animation>
            <centertop>50%</centertop>
            <height>scrollbar_w</height>
            <left>view_poster_itemlayout_w</left>
            <right>view_poster_itemlayout_w</right>
            <visible allowhiddenfocus="true">Control.HasFocus(60) | Control.HasFocus(610)</visible>
            <visible>String.IsEmpty(Window.Property(MediaFilterBase))</visible>
            <visible>![$EXP[Exp_View_Scrollbar_Mini_V] + $EXP[Exp_View_Scrollbar_Midi_V] + $EXP[Exp_View_Scrollbar_Maxi_V]]</visible>
            <include content="Animation_ConditionalFade">
                <param name="condition">[$EXP[Exp_IsAlphabetStrip] + !$EXP[Exp_View_WallMode] + !$EXP[Exp_View_FurnitureWall]] | Window.IsVisible(1171)</param>
            </include>
            <control type="scrollbar" id="60">
                <orientation>horizontal</orientation>
                <texturesliderbackground colordiffuse="main_fg_12" border="4">scrollbar/scrollh_line.png</texturesliderbackground>
                <include>Texture_Scrollbar_SliderBar_H</include>
                <include>Texture_Scrollbar_H</include>
                <onup>50</onup>
                <onback>50</onback>
                
                <!-- Explore -->
                <ondown condition="Skin.String(Navigation.Global.OnDown,Explore)">SetFocus(67)</ondown>
                
                <!-- Filter -->
                <ondown condition="Skin.String(Navigation.Global.OnDown,Filter)">SetFocus(64)</ondown>
                
                <!-- Options -->
                <ondown condition="Skin.String(Navigation.Global.OnDown,Options)">ActivateWindow(1171)</ondown>
                
                <!-- Bump -->
                <ondown condition="Skin.String(Navigation.Global.OnDown,Bump)">SetFocus(330)</ondown>

                <!-- Wall -->
                <ondown condition="Skin.String(Navigation.Global.OnDown,Wall) + !Integer.IsEqual(Container.NumPages,1) + ![Control.IsVisible(50) | Control.IsVisible(51) | Control.IsVisible(52) | Control.IsVisible(500) | Control.IsVisible(533) | Control.IsVisible(531) | Control.IsVisible(530)]">SetFocus(64)</ondown>
                <ondown condition="Skin.String(Navigation.Global.OnDown,Wall) + !Integer.IsEqual(Container.NumPages,1) + [Control.IsVisible(50) | Control.IsVisible(51) | Control.IsVisible(52) | Control.IsVisible(500) | Control.IsVisible(533) | Control.IsVisible(531) | Control.IsVisible(530)]">SetProperty(FurnitureWallMode,$INFO[Container.FolderPath])</ondown>
                <ondown condition="Skin.String(Navigation.Global.OnDown,Wall) + !Integer.IsEqual(Container.NumPages,1) + Control.IsVisible(50)">SetFocus(5060)</ondown>
                <ondown condition="Skin.String(Navigation.Global.OnDown,Wall) + !Integer.IsEqual(Container.NumPages,1) + Control.IsVisible(51)">SetFocus(5160)</ondown>
                <ondown condition="Skin.String(Navigation.Global.OnDown,Wall) + !Integer.IsEqual(Container.NumPages,1) + Control.IsVisible(52)">SetFocus(5260)</ondown>
                <ondown condition="Skin.String(Navigation.Global.OnDown,Wall) + !Integer.IsEqual(Container.NumPages,1) + Control.IsVisible(500)">SetFocus(50060)</ondown>
                <ondown condition="Skin.String(Navigation.Global.OnDown,Wall) + !Integer.IsEqual(Container.NumPages,1) + Control.IsVisible(533)">SetFocus(53360)</ondown>
                <ondown condition="Skin.String(Navigation.Global.OnDown,Wall) + !Integer.IsEqual(Container.NumPages,1) + Control.IsVisible(531)">SetFocus(53160)</ondown>
                <ondown condition="Skin.String(Navigation.Global.OnDown,Wall) + !Integer.IsEqual(Container.NumPages,1) + Control.IsVisible(530)">SetFocus(53060)</ondown>
            </control>
        </control>
    </include>
    
    <include name="View_Furniture_Scrollbar_V">
        <control type="group">
            <animation effect="slide" start="0" end="-120" time="0" condition="$EXP[Exp_View_ScrollFilterVert_HasFocus] + !String.IsEmpty(Window(Home).Property(SideMenu.HasFocus))" reversible="false">Conditional</animation>
            <centerright>$PARAM[centerright]</centerright>
            <width>scrollbar_w</width>
            <bottom>view_top</bottom>
            <height>$PARAM[height]</height>
            <visible allowhiddenfocus="true">Control.HasFocus($PARAM[id]) | Control.HasFocus(611)</visible>
            <visible>$PARAM[visible]</visible>
            <control type="scrollbar" id="$PARAM[id]">
                <orientation>vertical</orientation>
                <top>-70</top>
                <bottom>20</bottom>                
                <include>Texture_Scrollbar_V</include>
                <include>Texture_Scrollbar_SliderBar_V</include>
                <texturesliderbackground colordiffuse="main_fg_12" border="4">scrollbar/scrollv_line.png</texturesliderbackground>
                <onleft condition="!Control.IsVisible(524)">50</onleft>
                <onleft condition="Control.IsVisible(524)">526</onleft>
                <onright condition="Skin.String(Navigation.Global.OnDown,Options)">ActivateWindow(1171)</onright>
                <onright condition="[Skin.String(Navigation.Global.OnDown,Filter) | Skin.String(Navigation.Global.OnDown,Wall)]">SetFocus(64)</onright>
                <onright condition="Skin.String(Navigation.Global.OnDown,Explore)">SetFocus(67)</onright>
                <onright condition="Skin.String(Navigation.Global.OnDown,Bump)">SetFocus(332)</onright>
                <onback condition="!Control.IsVisible(524)">50</onback>
                <onback condition="Control.IsVisible(524) + !String.IsEqual(Skin.String(Navigation.OnBack,Previous))">50</onback>
                <onback condition="Control.IsVisible(524) + String.IsEqual(Skin.String(Navigation.OnBack,Previous))">526</onback>                
            </control>
        </control>
    </include>

    <include name="View_Furniture_Edges">
        <control type="group">
            <include>Animation_Group_Bumper</include>
            <include>Animation_View_SlideOver</include>
            <include>Animation_View_WindowChange</include>
            <control type="group">
                <control type="group">
                    <animation effect="slide" start="0" end="230" condition="Skin.HasSetting(Disable.ListFlixPoster)" reversible="false">Conditional</animation>
                    <animation effect="slide" start="0" end="-95" condition="!Window.IsVisible(MyVideoNav.xml) + !Skin.HasSetting(Disable.ListFlixPoster)" reversible="false">Conditional</animation>
                    <include content="View_Furniture_Scrollbar_V">
                        <param name="id">70</param>
                        <param name="centerright">820</param>
                        <param name="height">view_poster_item_h</param>
                        <param name="visible">$EXP[Exp_View_Scrollbar_Mini_V]</param>
                    </include>
                </control>
                <include content="View_Furniture_Scrollbar_V">
                    <param name="id">65</param>
                    <param name="centerright">580</param>
                    <param name="height">view_poster_item_h</param>
                    <param name="visible">$EXP[Exp_View_Scrollbar_Midi_V]</param>
                </include>
                <control type="group">
                    <animation effect="slide" start="0" end="-540" condition="Control.IsVisible(517) | Window.IsVisible(MyPlaylist.xml)" reversible="false">Conditional</animation>
                    <animation effect="slide" start="0" end="-1020" condition="Control.IsVisible(519)" reversible="false">Conditional</animation>
                    <animation effect="slide" start="0" end="-420" condition="Control.IsVisible(520)" reversible="false">Conditional</animation>
                    <include content="View_Furniture_Scrollbar_V">
                        <param name="id">66</param>
                        <param name="centerright">40</param>
                        <param name="height">500</param>
                        <param name="visible">$EXP[Exp_View_Scrollbar_Maxi_V]</param>
                    </include>
                </control>
            </control>
            <control type="group">
                <include>Animation_Half_WindowChange_UpDown</include>
                <control type="group">
                    <include>View_Row_Items_KeyboardSlide</include>
                    <include>View_Row_Items_ViewLine</include>
                </control>
                <include>View_Row_Items_NextItem</include>
            </control>
            <include>View_Furniture_Bottom</include>
            <include>View_Row_Header</include>
            <include>View_Hidden_Buttons</include>
        </control>
        <control type="group">
            <visible>!$EXP[Exp_InfoDialogs]</visible>
            <include>Animation_Transition_InfoPanel_Hide</include>
            <include condition="Skin.HasSetting(Furniture.DisableLeftHeader) + Skin.String(Home.SideMenuCollapse,Topbar)">Animation_Widgets_Topbar_SlideUp_Fade</include>
            <include condition="Skin.HasSetting(Furniture.DisableLeftHeader)">Animation_Widgets_Topbar_SlideUp_Fade_Filter</include>
                <control type="group">
                    <visible>!$EXP[Exp_View_ScrollFilter_HasFocus]</visible>
                    <include>Furniture_Bottom_Right</include>
                </control>           
        </control>
        <include content="Home_Menu_Media">
            <param name="onlist">50</param>
        </include>
        <include condition="!String.IsEqual(Skin.String(Navigation.Global.OnDown,Bump))">MediaFilter_Node</include>
    </include>

    <include name="View_Dialog_VideoPIP">
        <include content="Dialog_VideoPIP" condition="Skin.HasSetting(Background.DisableVideo)">
            <param name="visible">[!$EXP[Exp_InfoDialogs] + String.IsEmpty(Window.Property(MediaFilterBase))]</param>
        </include>
    </include>

    <include name="View_Main">
        <definition>
            <include content="View_Bumper">
                <param name="groupid">50</param>
            </include>

            <include>Background_Main</include>
            <include>Background_Transition</include>
            <include content="Hub_Left_Bezier" condition="!$EXP[Exp_HomeMenu_IsTopBar]">
            </include>

            <control type="group">
                <include>Animation_Trailer_Dim</include>
                <include condition="Skin.HasSetting(Furniture.DisableLeftHeader) + Skin.String(Home.SideMenuCollapse,Topbar)">Animation_Widgets_Topbar_SlideUp</include>    
                <include condition="Skin.HasSetting(Furniture.DisableLeftHeader)">Animation_Widgets_Topbar_SlideUp_Filter</include>
            
                <include>Animation_Group_Bumper</include>
                <include>Animation_View_SlideOver</include>
                <include>Animation_View_WindowChange</include>
                <include>View_Row_Items</include>
                <include>View_Row_Info</include>
            </control>

            <include>View_Furniture_Edges</include>
            <include>View_Dialog_VideoPIP</include>
            <include>View_Dialog_Plot</include>
        </definition>
    </include>
</includes>