<?xml version="1.0" encoding="UTF-8"?>
<window type="dialog">
    <defaultcontrol always="true">22</defaultcontrol>
    <controls>
        <include>Dialog_Dim_Overlay</include>
        
        <control type="group">
            <include>Dimension_DialogFullMenu</include>
            <include>Animation_Right_Delay</include>
            <include content="Dialog_Dim_Side">
                <param name="slide_condition">True</param>
            </include>

            <!-- Bottom Layer -->
            <include content="Dialog_Background_Side">
                <param name="slide_condition">True</param>
                <param name="dialog_size">Dimension_DialogFullMenu</param>
                <!-- Side Buttons -->
                <control type="group">
                    <include>Dimension_Dialog_Body</include>
                    <control type="grouplist" id="9000">
                        <include>Dialog_Side_Grouplist_Def</include>
                        <onleft>9893</onleft>
                        <onright>7000</onright>
                        <onback>9893</onback>
                        <include content="DialogInfo_Button">
                            <param name="vertical">true</param>
                            <param name="id">20</param>
                            <param name="groupid">9101</param>
                            <param name="sliceid">9201</param>
                            <param name="label">$LOCALIZE[186]</param>
                            <param name="icon">special://skin/extras/icons/circle-check.png</param>
                            <param name="include_hintlabel">!Skin.HasSetting(Options.DisableButtonLabels)</param>
                            <include content="DialogInfo_Button_HintLabel" condition="![!Skin.HasSetting(Options.DisableButtonLabels)]">
                                <param name="label">$LOCALIZE[186]</param>
                            </include>
                        </include>
                        <include content="DialogInfo_Button">
                            <param name="vertical">true</param>
                            <param name="id">21</param>
                            <param name="groupid">9103</param>
                            <param name="sliceid">9203</param>
                            <param name="label">$LOCALIZE[222]</param>
                            <param name="icon">special://skin/extras/icons/circle-xmark.png</param>
                            <param name="include_hintlabel">!Skin.HasSetting(Options.DisableButtonLabels)</param>
                            <include content="DialogInfo_Button_HintLabel" condition="![!Skin.HasSetting(Options.DisableButtonLabels)]">
                                <param name="label">$LOCALIZE[222]</param>
                            </include>
                        </include>
                    </control>
                </control>
            </include>

            <include content="Dialog_Foreground_Side">
                <param name="dialog_size">Dimension_DialogFullMenu</param>
                <param name="slide_condition">True</param>
                <param name="lines_right">0</param>
                <param name="topline">false</param>
                <param name="subline">false</param>

                <!-- Header -->
                <include content="Dialog_Head">
                    <param name="id">2</param>
                </include>
                <include>Dialog_Head_CloseButton</include>

                <!-- Content -->
                <control type="group">
                    <include>Dimension_Dialog_Body</include>
                    <control type="group">
                        <include>Dimension_Dialog_Body_Group</include>
                        <control type="group">
                            <!-- Left Group -->
                            <control type="group">
                                <width>50%</width>

                                <control type="image">
                                    <texture colordiffuse="main_fg_12">common/white.png</texture>
                                    <height>1</height>
                                    <top>-20</top>
                                    <left>20</left>
                                    <right>80</right>
                                </control>

                                <control type="image">
                                    <texture colordiffuse="main_fg_12">common/white.png</texture>
                                    <height>1</height>
                                    <bottom>-20</bottom>
                                    <left>20</left>
                                    <right>80</right>
                                </control>

                                <control type="grouplist" id="7000">
                                    <onleft>9000</onleft>
                                    <onback>9893</onback>
                                    <onright>10</onright>
                                    <right>60</right>
                                    <include content="Settings_Button">
                                        <param name="id">22</param>
                                        <param name="control">button</param>
                                        <label>$LOCALIZE[467]</label>
                                    </include>
                                    <include content="Settings_Button">
                                        <param name="id">12</param>
                                        <param name="control">button</param>
                                        <label>$LOCALIZE[551]</label>
                                    </include>
                                    <control type="group" id="79001">
                                        <height>40</height>
                                        <control type="image">
                                            <centertop>50%</centertop>
                                            <left>20</left>
                                            <right>20</right>
                                            <texture colordiffuse="main_fg_12">common/white.png</texture>
                                            <height>1</height>
                                        </control>
                                    </control>
                                    <include content="Settings_Label">
                                        <param name="id">7900</param>
                                        <param name="control">label</param>
                                        <label>$LOCALIZE[33063]</label>
                                    </include>
                                    <include content="Settings_Button">
                                        <param name="id">16</param>
                                        <param name="control">button</param>
                                        <label>$LOCALIZE[21424]</label>
                                    </include>
                                    <include content="Settings_Button">
                                        <param name="id">17</param>
                                        <param name="control">button</param>
                                        <label>$LOCALIZE[21427]</label>
                                    </include>
                                    <include content="Settings_Button">
                                        <param name="id">18</param>
                                        <param name="control">button</param>
                                        <label>$LOCALIZE[21429]</label>
                                    </include>
                                    <include content="Settings_Button">
                                        <param name="id">19</param>
                                        <param name="control">button</param>
                                        <label>$LOCALIZE[31015]</label>
                                    </include>
                                    <include content="Settings_Button">
                                        <param name="id">23</param>
                                        <param name="control">button</param>
                                        <label>$LOCALIZE[21458]</label>
                                    </include>
                                    <include content="Settings_Button">
                                        <param name="id">24</param>
                                        <param name="control">radiobutton</param>
                                        <label>$LOCALIZE[20395]</label>
                                    </include>
                                </control>

                            </control>
                            <control type="group">
                                <left>50%</left>
                                <right>20</right>
                                <include content="Dialog_Outline_InnerBox">
                                    <left>-40</left>
                                    <top>-20</top>
                                    <bottom>-20</bottom>
                                </include>
                                <control type="group">
                                    <left>-20</left>
                                    <right>20</right>
                                    <include content="List_DialogSelect">
                                        <param name="id">10</param>
                                        <param name="itemlayout_include">Layout_DialogBasic</param>
                                        <top>0</top>
                                        <onleft>7000</onleft>
                                        <onback>9000</onback>
                                        <bottom>120</bottom>
                                    </include>
                                    <control type="textbox">
                                        <bottom>0</bottom>
                                        <aligny>center</aligny>
                                        <height>120</height>
                                        <label>$LOCALIZE[31133]</label>
                                        <font>font_mini_plot</font>
                                        <left>10</left>
                                        <right>10</right>
                                    </control>
                                </control>
                            </control>
                        </control>
                    </control>
                </control>
            </include>

        </control>
        <include content="Dialog_Manage">
            <param name="onback">8000</param>
            <param name="confirm_buttons">Dialog_Manage_Confirm_Buttons_SmartPlaylistEditor</param>
            <param name="confirm_exit">true</param>
        </include>
    </controls>
</window>