<?xml version="1.0" encoding="UTF-8"?>
<includes>

	<include name="DialogCustom1162_Plotbox">
        <param name="landscape_icon">$VAR[Image_Landscape_C450]</param>
        <param name="textbox_label">$VAR[Label_Plot_C450]</param>
        <definition>
            <include content="Dialog_Outline_InnerBox">
                <width>800</width>
                <right>20</right>
                <top>-20</top>
                <bottom>-20</bottom>
                <control type="grouplist">
                    <orientation>vertical</orientation>
                    <itemgap>40</itemgap>
                    <control type="group">
                        <height>0</height>
                    </control>
                    <control type="group">
                        <left>40</left>
                        <right>40</right>
                        <height>405</height>
                        <include content="Dialog_Outline_InnerBox">
                            <control type="image">
                                <aspectratio scalediffuse="false">scale</aspectratio>
                                <texture background="true" diffuse="diffuse/landscape_w720_h405.png">$PARAM[landscape_icon]</texture>
                            </control>
                        </include>
                    </control>
                    <control type="textbox">
                        <left>40</left>
                        <right>40</right>
                        <height max="320">auto</height>
                        <font>font_main_plot</font>
                        <textcolor>dialog_fg_70</textcolor>
                        <label>$PARAM[textbox_label]</label>
                    </control>
                </control>
            </include>
        </definition>
    </include>

    <include name="DialogCustom1162_Main">
        <param name="dialog_size">Dimension_DialogHugeMenu</param>
        <param name="lines_right">476</param>
        <param name="include_artwork">true</param>
		<param name="include_plotbox">false</param>
        <definition>
			<include content="Dialog_Dim_Overlay">
                <param name="visible">![Container(450).IsUpdating | Integer.IsEqual(Container(450).NumItems,0)]</param>
            </include>
            <control type="group">
                <include>$PARAM[dialog_size]</include>
                <include>Animation_Right_Delay</include>
                <include content="Animation_Slide_In">
                    <param name="type">Conditional</param>
                    <param name="delay">400</param>
                    <param name="posx">320</param>
                    <param name="condition">![Container(450).IsUpdating | Integer.IsEqual(Container(450).NumItems,0)]</param>
                </include>
                <include content="Animation_Slide_Out">
                    <param name="type">Conditional</param>
                    <param name="posx">320</param>
                    <param name="condition">[Container(450).IsUpdating | Integer.IsEqual(Container(450).NumItems,0)]</param>
                </include>
                <!-- <visible allowhiddenfocus="true">!Container(450).IsUpdating + !Integer.IsEqual(Container(450).NumItems,0)</visible> -->
                <include content="Dialog_Dim_Side">
                    <param name="slide_animation">False</param>
                </include>
                <include content="Dialog_Foreground_Side">
                    <param name="dialog_size">$PARAM[dialog_size]</param>
                    <param name="slide_animation">False</param>
                    <param name="topline">true</param>
                    <param name="subline">true</param>
                    <param name="lines_right">$PARAM[lines_right]</param>

                    <!-- Header -->
                    <include content="Dialog_Head">
                        <param name="label">$INFO[Window.Property(Header)]</param>
                    </include>
                    <include>Dialog_Head_CloseButton</include>

                    <!-- Content -->
                    <control type="group">
                        <include>Dimension_Dialog_Body</include>
                        <control type="group">
                            <include>Dimension_Dialog_Body_Group</include>
                            <include content="DialogInfo_PlotBox_Artwork" condition="$PARAM[include_artwork] + ![$PARAM[include_plotbox]]">
                                <param name="poster_icon">$VAR[Image_Poster_C450]</param>
                                <param name="poster_icon">$INFO[Container(450).ListItem.Art(poster)]</param>
                                <param name="square_icon">$INFO[Container(450).ListItem.Art(icon)]</param>
                                <param name="landscape_visible">!String.IsEmpty(Container(450).ListItem.Art(fanart))</param>
                                <param name="landscape_icon">$VAR[Image_Landscape_C450]</param>
                                <param name="clearlogo_icon">$VAR[Image_Clearlogo_C450]</param>
                            </include>
							<include condition="$PARAM[include_artwork] + $PARAM[include_plotbox]">DialogCustom1162_Plotbox</include>
                            <control type="group">
                                <right>$PARAM[lines_right]</right>
                                <include content="List_DialogSelect" condition="![$PARAM[include_artwork]]">
                                    <param name="id">450</param>
                                    <param name="textcolor">dialog_fg</param>
                                    <param name="itemlayout_include">Layout_MenuList2</param>
                                    <pagecontrol>61</pagecontrol>

                                    <onright>61</onright>
                                    <onleft>Close</onleft>
                                    <onclick>Close</onclick>
                                    <onclick condition="ListItem.IsFolder">ActivateWindow($INFO[Window.Property(Target)],$INFO[ListItem.FolderPath],return)</onclick>
                                    <onclick condition="!ListItem.IsFolder">PlayMedia($INFO[ListItem.FolderPath])</onclick>
                                    <content>$INFO[Window.Property(Path)]</content>

                                </include>

                                <include content="List_DialogSelect" condition="$PARAM[include_artwork]">
                                    <param name="id">450</param>
                                    <param name="detailed">True</param>
                                    <param name="item_height">100</param>
                                    <param name="textcolor">dialog_fg</param>
                                    <param name="itemlayout_include">Layout_MediaList</param>
                                    <param name="misc">10</param>

                                    <!-- <include content="Object_Right" condition="$PARAM[include_artwork]">
                                        <param name="right">-40</param>
                                    </include> -->

                                    <right>-20</right>
                                    <pagecontrol>61</pagecontrol>

                                    <onright>61</onright>
                                    <onleft>Close</onleft>
                                    <onclick>Close</onclick>
                                    <onclick condition="ListItem.IsFolder">ActivateWindow($INFO[Window.Property(Target)],$INFO[ListItem.FolderPath],return)</onclick>
                                    <onclick condition="!ListItem.IsFolder">PlayMedia($INFO[ListItem.FolderPath])</onclick>
                                    <content>$INFO[Window.Property(Path)]</content>

                                </include>
                            </control>
                        </control>
                        <include content="Dialog_Scrollbar">
                            <param name="id">61</param>
                            <onleft>450</onleft>
                            <right>0</right>
                        </include>
                    </control>
                </include>
            </control>
        </definition>
    </include>

</includes>
