<?xml version="1.0" encoding="UTF-8"?>
<window type="window" id="1131">
    <defaultcontrol always="true">5000</defaultcontrol>
    <include>Action_PreserveTransitionProp_Onload</include>
    <onload>SetFocus($VAR[Action_Recommendations_SetFocusID])</onload>
    <controls>

        <include content="NextAired_Window">
            <include content="NextAired_Content">
                <param name="info">library_nextaired</param>
            </include>
        </include>

    </controls>
</window>