<?xml version="1.0" encoding="UTF-8"?>
<includes>

    <expression name="Exp_View_50">[[Container.Content(playlists) + [[String.IsEmpty(Container.PluginName)] | [!String.IsEmpty(Container.PluginName)]]] | [Container.Content(artists) + [[String.IsEmpty(Container.PluginName)] | [!String.IsEmpty(Container.PluginName)]]] | [Container.Content(albums) + [[String.IsEmpty(Container.PluginName)] | [!String.IsEmpty(Container.PluginName)]]] | [Container.Content(files) + [[String.IsEmpty(Container.PluginName)] | [!String.IsEmpty(Container.PluginName)]]] | [Container.Content(sources) + [[String.IsEmpty(Container.PluginName)] | [!String.IsEmpty(Container.PluginName)]]] | [Container.Content(addons) + [[String.IsEmpty(Container.PluginName)] | [!String.IsEmpty(Container.PluginName)]]] | [Container.Content() + String.IsEqual(Container.Property(param.info),watch_providers) + [[String.IsEmpty(Container.PluginName)] | [!String.IsEmpty(Container.PluginName)]]] | [Container.Content() + !Window.IsVisible(MyGames.xml) + !Window.IsVisible(MyPVRRecordings.xml) + !Window.IsVisible(MyPVRTimers.xml) + !Window.IsVisible(MyPVRSearch.xml) + !String.IsEqual(Container.Property(param.info),watch_providers) + [[String.IsEmpty(Container.PluginName)] | [!String.IsEmpty(Container.PluginName)]]]]</expression>
    <expression name="Exp_View_50_Include">True</expression>
    <expression name="Exp_View_51">[[Container.Content(images) + [[String.IsEmpty(Container.PluginName)] | [!String.IsEmpty(Container.PluginName)]]] | [Container.Content(videos) + [[String.IsEmpty(Container.PluginName)] | [!String.IsEmpty(Container.PluginName)]]] | [Container.Content(movies) + [String.IsEmpty(Container.PluginName) | String.IsEqual(Container.PluginName,plugin.video.themoviedb.helper)]] | [Container.Content(episodes) + [[String.IsEmpty(Container.PluginName)] | [!String.IsEmpty(Container.PluginName)]]] | [Container.Content(musicvideos) + [[String.IsEmpty(Container.PluginName)] | [!String.IsEmpty(Container.PluginName)]]] | [Container.Content(recordings) + [[String.IsEmpty(Container.PluginName)] | [!String.IsEmpty(Container.PluginName)]]] | [Container.Content(games) + [[String.IsEmpty(Container.PluginName)] | [!String.IsEmpty(Container.PluginName)]]] | [Container.Content() + Window.IsVisible(MyGames.xml) + [[String.IsEmpty(Container.PluginName)] | [!String.IsEmpty(Container.PluginName)]]] | [Container.Content() + Window.IsVisible(MyPVRRecordings.xml) + [[String.IsEmpty(Container.PluginName)] | [!String.IsEmpty(Container.PluginName)]]] | [Container.Content() + Window.IsVisible(MyPVRTimers.xml) + [[String.IsEmpty(Container.PluginName)] | [!String.IsEmpty(Container.PluginName)]]] | [Container.Content() + Window.IsVisible(MyPVRSearch.xml) + [[String.IsEmpty(Container.PluginName)] | [!String.IsEmpty(Container.PluginName)]]] | [!String.IsEqual(Container.Property(param.info),episode_groups) + Container.Content(tvshows) + [String.IsEqual(Container.PluginName,plugin.video.themoviedb.helper) | String.IsEqual(Container.PluginName,plugin.video.fenlight)]]]</expression>
    <expression name="Exp_View_51_Include">True</expression>
    <expression name="Exp_View_52">[[!String.IsEqual(Container.Property(param.info),episode_groups) + Container.Content(tvshows) + [[String.IsEmpty(Container.PluginName)] | [!String.IsEmpty(Container.PluginName) + !String.IsEqual(Container.PluginName,plugin.video.themoviedb.helper) + !String.IsEqual(Container.PluginName,plugin.video.fenlight)]]] | [Container.Content(movies) + [!String.IsEmpty(Container.PluginName) + !String.IsEqual(Container.PluginName,plugin.video.themoviedb.helper)]]]</expression>
    <expression name="Exp_View_52_Include">True</expression>
    <expression name="Exp_View_56">[[Container.Content(songs) + [[String.IsEmpty(Container.PluginName)] | [!String.IsEmpty(Container.PluginName)]]]]</expression>
    <expression name="Exp_View_56_Include">True</expression>
    <expression name="Exp_View_516">[False]</expression>
    <expression name="Exp_View_516_Include">False</expression>
    <expression name="Exp_View_500">[False]</expression>
    <expression name="Exp_View_500_Include">False</expression>
    <expression name="Exp_View_502">[False]</expression>
    <expression name="Exp_View_502_Include">False</expression>
    <expression name="Exp_View_512">[[Container.Content(sets) + [[String.IsEmpty(Container.PluginName)] | [!String.IsEmpty(Container.PluginName)]]] | [String.IsEqual(Container.Property(param.info),episode_groups) + Container.Content(tvshows) + [[String.IsEmpty(Container.PluginName)] | [!String.IsEmpty(Container.PluginName)]]] | [!String.IsEqual(Container.Property(param.info),episode_group_seasons) + Container.Content(seasons) + [[String.IsEmpty(Container.PluginName)] | [!String.IsEmpty(Container.PluginName)]]] | [String.IsEqual(Container.Property(param.info),episode_group_seasons) + Container.Content(seasons) + [[String.IsEmpty(Container.PluginName)] | [!String.IsEmpty(Container.PluginName)]]] | [Container.Content(videoversions) + [[String.IsEmpty(Container.PluginName)] | [!String.IsEmpty(Container.PluginName)]]] | [!Window.IsVisible(MyMusicNav.xml) + Container.Content(genres) + [[String.IsEmpty(Container.PluginName)] | [!String.IsEmpty(Container.PluginName)]]] | [Window.IsVisible(MyMusicNav.xml) + Container.Content(genres) + [[String.IsEmpty(Container.PluginName)] | [!String.IsEmpty(Container.PluginName)]]] | [!Window.IsVisible(MyMusicNav.xml) + Container.Content(years) + [[String.IsEmpty(Container.PluginName)] | [!String.IsEmpty(Container.PluginName)]]] | [Window.IsVisible(MyMusicNav.xml) + Container.Content(years) + [[String.IsEmpty(Container.PluginName)] | [!String.IsEmpty(Container.PluginName)]]] | [Container.Content(studios) + [[String.IsEmpty(Container.PluginName)] | [!String.IsEmpty(Container.PluginName)]]] | [Container.Content(directors) + [[String.IsEmpty(Container.PluginName)] | [!String.IsEmpty(Container.PluginName)]]] | [Container.Content(countries) + [[String.IsEmpty(Container.PluginName)] | [!String.IsEmpty(Container.PluginName)]]] | [Container.Content(tags) + [[String.IsEmpty(Container.PluginName)] | [!String.IsEmpty(Container.PluginName)]]] | [Container.Content(roles) + [[String.IsEmpty(Container.PluginName)] | [!String.IsEmpty(Container.PluginName)]]] | [Container.Content(actors) + [[String.IsEmpty(Container.PluginName)] | [!String.IsEmpty(Container.PluginName)]]]]</expression>
    <expression name="Exp_View_512_Include">True</expression>
    <expression name="Exp_View_522">[False]</expression>
    <expression name="Exp_View_522_Include">False</expression>
</includes>