<?xml version="1.0" encoding="UTF-8"?>
<window type="dialog" id="1123">
    <defaultcontrol always="true">9000</defaultcontrol>
    <onload condition="String.IsEmpty(Window(Home).Property(PlayTrailer))">Close</onload>
	<onload condition="String.IsEmpty(Window(Home).Property(PlayTrailerTitle))">SetProperty(PlayTrailerTitle,$LOCALIZE[20410],Home)</onload>
    <onload condition="!String.IsEmpty(Window(Home).Property(PlayTrailer)) + Player.HasVideo + !String.IsEqual(Window(Home).Property(PlayTrailer),Player.FileNameAndPath)">Action(Stop)</onload>
    <onload condition="!String.IsEmpty(Window(Home).Property(PlayTrailer)) + [!Player.HasVideo | !String.IsEqual(Window(Home).Property(PlayTrailer),Player.FileNameAndPath)] + !Skin.HasSetting(Trailers.Source.IMDb)">PlayMedia($ESCINFO[Window(Home).Property(PlayTrailer)],False,1)</onload>
    <onload condition="!String.IsEmpty(Window(Home).Property(PlayTrailer)) + [!Player.HasVideo | !String.IsEqual(Window(Home).Property(PlayTrailer),Player.FileNameAndPath)] + Skin.HasSetting(Trailers.Source.IMDb)">PlayMedia($INFO[Window(Home).Property(PlayTrailer)],False,1)</onload>
    <onunload>ClearProperty(TrailerFullscreen,1123)</onunload>
    <onunload condition="Player.HasVideo + [Skin.HasSetting(Background.DisableVideo) | !Skin.HasSetting(Trailers.EnableAutoPlayback.Info) | !Window.IsVisible(DialogVideoInfo.xml)]">Action(Stop)</onunload>
    <onload>SetProperty(TMDbHelper.ContextMenu,True)</onload>
	<controls>
	
		<include>Dialog_Dim_Overlay</include>

        <control type="group">
            <include>Dimension_DialogFullMenu</include>
            <include>Animation_Right_Delay</include>
            <include content="Dialog_Dim_Side">
                <param name="slide_condition">True</param>
            </include>

            <!-- Bottom Layer -->
            <include content="Dialog_Background_Side">
                <param name="slide_condition">True</param>
                <param name="dialog_size">Dimension_DialogFullMenu</param>
                <!-- Side Buttons -->
                <control type="group">
                    <include>Dimension_Dialog_Body</include>
                    <control type="grouplist" id="9000">
                        <include>Dialog_Side_Grouplist_Def</include>
                        <onleft condition="!Player.HasVideo">Close</onleft>
                        <onleft condition="Player.HasVideo">Seek(-10)</onleft>
                        <onright condition="Player.HasVideo">Seek(10)</onright>
                        <include content="Dialog_Side_Button">
                            <param name="id">02</param>
                            <param name="label">$LOCALIZE[31485]</param>
                            <param name="icon">special://skin/extras/icons/stop.png</param>
                            <param name="visible">Player.HasVideo</param>
                            <onclick condition="String.IsEmpty(Window.Property(TrailerFullscreen))">Action(Stop)</onclick>
                            <onclick condition="String.IsEmpty(Window.Property(TrailerFullscreen))">Close</onclick>
							<onclick condition="!String.IsEmpty(Window.Property(TrailerFullscreen)) + Player.HasVideo">PlayerControl(Play)</onclick>
                        </include>
                        <include content="Dialog_Side_Button">
                            <param name="id">03</param>
                            <param name="label">$VAR[Label_Trailer_PlayPause]</param>
                            <param name="icon">$VAR[Image_Trailer_PlayPause]</param>
                            <param name="visible">Player.HasVideo</param>
                            <onclick>PlayerControl(Play)</onclick>
                        </include>
                        <include content="Dialog_Side_Button">
                            <param name="id">04</param>
                            <param name="label">$LOCALIZE[31483]</param>
                            <param name="icon">special://skin/extras/icons/repeat2.png</param>
                            <param name="visible">!String.IsEmpty(Window(Home).Property(PlayTrailer))</param>
                            <onclick condition="String.IsEmpty(Window.Property(TrailerFullscreen))">PlayMedia($ESCINFO[Window(Home).Property(PlayTrailer)],False,1)</onclick>
							<onclick condition="!String.IsEmpty(Window.Property(TrailerFullscreen)) + Player.HasVideo">PlayerControl(Play)</onclick>
                        </include>
                        <include content="Dialog_Side_Button">
                            <param name="id">05</param>
                            <param name="label">Fullscreen</param>
                            <param name="icon">special://skin/extras/icons/fullscreen.png</param>
                            <param name="visible">Player.HasVideo</param>
                            <onback condition="!String.IsEmpty(Window.Property(TrailerFullscreen)) + Player.HasVideo">ClearProperty(TrailerFullscreen,1123)</onback>
                            <onback condition="!String.IsEmpty(Window.Property(TrailerFullscreen)) + Player.HasVideo">9000</onback>
                            <onclick condition="String.IsEmpty(Window.Property(TrailerFullscreen))">SetProperty(TrailerFullscreen,True,1123)</onclick>
                            <onclick condition="!String.IsEmpty(Window.Property(TrailerFullscreen)) + Player.HasVideo">PlayerControl(Play)</onclick>
                            <onunfocus>ClearProperty(TrailerFullscreen,1123)</onunfocus>
                        </include>
                    </control>
                </control>
            </include>

            <include content="Dialog_Foreground_Side">
                <param name="dialog_size">Dimension_DialogFullMenu</param>
                <param name="slide_condition">True</param>
                <param name="lines_right">0</param>
                <param name="topline">true</param>
                <param name="subline">true</param>

                <!-- Header -->
                <include content="Dialog_Head">
                    <param name="label">$VAR[Label_Trailer_Window_Header]</param>
                </include>
                <include>Dialog_Head_CloseButton</include>

                <!-- Content -->
                <control type="group">
                    <include>Dimension_Dialog_Body</include>
                    <control type="group">
                        <include>Dimension_Dialog_Body_Group</include>
                        <control type="group">
                            <include content="Dimension_Padding">
                                <param name="pad">20</param>
                            </include>
                            <include content="Dialog_Outline_InnerBox">
                                <control type="image">
                                    <texture border="20" colordiffuse="black">common/dialog.png</texture>
                                </control>
                                <control type="videowindow" />
                            </include>
                            <control type="group">
                                <height>12</height>
                                <centerbottom>-40</centerbottom>
                                <control type="progress" id="499">
                                    <width>100%</width>
                                    <height>12</height>
                                    <info>Player.Progress</info>
                                    <visible>Player.HasVideo</visible>
                                    <texturebg colordiffuse="00ffffff" border="4">progress/progress-bg.png</texturebg>
                                </control>
                                <control type="progress">
                                    <description>Progressbar</description>
                                    <width>100%</width>
                                    <height>12</height>
                                    <info>Player.Progress</info>
                                    <texturebg colordiffuse="00ffffff">progress/progress-bg.png</texturebg>
                                    <lefttexture colordiffuse="00ffffff">progress/progress-left.png</lefttexture>
                                    <midtexture colordiffuse="$VAR[ColorGradient]" diffuse="progress/diffuse.png">progress/progress-end.png</midtexture>
                                    <righttexture colordiffuse="$VAR[ColorGradient]" diffuse="progress/diffuse-end.png">progress/progress-right.png</righttexture>
                                    <include content="Defs_Progress_Colorfade">
                                        <param name="id">499</param>
                                    </include>
                                    <visible>Player.HasVideo</visible>
                                </control>
                            </control>
                        </control>
                    </control>
                </control>
            </include>

        </control>

        <control type="group">
            <visible>Player.HasVideo</visible>
            <visible>!String.IsEmpty(Window.Property(TrailerFullscreen))</visible>
            <control type="image">
                <texture colordiffuse="black">common/white.png</texture>
            </control>
			
            <control type="videowindow">
					<centertop>540</centertop>
					<centerright>960</centerright>
					<!-- To remove black bars forcibly, use height=1461 and width=2600 --> 
                    <height>100%</height>
					<width>100%</width>
            </control>
			
			<control type="group">
				<animation condition="System.IdleTime(4)" effect="fade" start="100" end="0" time="250" reversible="true">Conditional</animation>
				
				<!-- Side Buttons_Fullscreen -->
				
					<control type="group">
					
						<centerbottom>60</centerbottom>
						<centerleft>view_pad</centerleft>
						
						<control type="image">
							<texture colordiffuse="main_fg_100">$VAR[Image_Trailer_PlayPause]</texture>
							<bordersize>25</bordersize>
							<aspectratio>keep</aspectratio>
						</control>
					</control>
					<control type="label">
						<centerbottom>60</centerbottom>
						<height>12</height>
						<right>view_pad</right>
						<align>right</align>
						<aligny>center</aligny>
						<label>$VAR[Label_OSD_Time][COLOR=$VAR[ColorHighlight]]  |  [/COLOR]$VAR[Label_OSD_Duration]</label>
						<textcolor>main_fg_100</textcolor>
					</control>
				
				<!-- Progress bar_Fullscreen -->
				
					<control type="group">
						<left>147</left>
						<centerbottom>60</centerbottom>
						<height>12</height>
						
						<control type="image">
							<centerbottom>50%</centerbottom>
							<height>4</height>
							<width>77%</width>
							<texture colordiffuse="dialog_fg_50">common/white.png</texture>
						</control>
						
						<control type="progress" id="499">
							<width>78%</width>
							<height>12</height>
							<info>Player.Progress</info>
							<visible>Player.HasVideo</visible>
							<texturebg colordiffuse="00ffffff" border="12,0,12,0">progress/progress-nib.png</texturebg>
						</control>
						<control type="progress">
							<description>Progressbar</description>
							<width>78%</width>
							<height>12</height>
							<info>Player.Progress</info>
							<texturebg colordiffuse="00ffffff" border="12,0,12,0">progress/progress-bg.png</texturebg>
                            <midtexture colordiffuse="$VAR[ColorGradient]" border="12,0,12,0" diffuse="progress/diffuse.png">progress/progress-bg.png</midtexture>
							<include content="Defs_Progress_Colorfade">
								<param name="id">499</param>
							</include>
							<visible>Player.HasVideo</visible>
						</control>
					</control>
			
			</control>
			
        </control>
    </controls>
</window>