<?xml version="1.0" encoding="UTF-8"?>
<window type="window" id="1127">
    <include content="Action_Hubs_Onload" condition="!Integer.IsEqual(Skin.String(Hub.Home.ReplaceWindow),1127)">
        <param name="window_id">1127</param>
        <param name="property_window_id">1127</param>
    </include>
    <onload condition="Integer.IsEqual(Skin.String(Hub.Home.ReplaceWindow),1127)">ReplaceWindow(Home)</onload>
    <controls>
        <include content="Hub_Controls" condition="!Integer.IsEqual(Skin.String(Hub.Home.ReplaceWindow),1127)">
            <param name="window_id">1127</param>
            <param name="property_window_id">1127</param>
            <param name="widgets_only">Skin.HasSetting(Hub.1127.DisableSubmenu)</param>
            <param name="widgets_include">skinvariables-1127menu-widgets</param>
            <param name="categories">1127menu</param>
        </include>
    </controls>
</window>