<?xml version="1.0" encoding="UTF-8"?>
<includes>
    <variable name="Image_Foreground">
        <value condition="!String.IsEmpty(Window(Home).Property(BlurImage.Original))">$INFO[Window(Home).Property(BlurImage.Original)]</value>
        <value condition="Integer.IsEqual(Window.Property(TMDBHelper.WidgetContainer),301) + Integer.IsEqual(Container(301).NumItems,0) + !Container(301).IsUpdating + !String.IsEmpty(Container(99971).ListItem.PicturePath)">$INFO[Container(99971).ListItem.PicturePath]</value>
        <value condition="Integer.IsEqual(Window.Property(TMDBHelper.WidgetContainer),301)">$VAR[Image_Foreground_Cheater_C301]</value>
        <value condition="Integer.IsEqual(Window.Property(TMDBHelper.WidgetContainer),503)">$VAR[Image_Foreground_Cheater_C503]</value>
        <value condition="Integer.IsEqual(Window.Property(TMDBHelper.WidgetContainer),513)">$VAR[Image_Foreground_Cheater_C513]</value>
        <value condition="Integer.IsEqual(Window.Property(TMDBHelper.WidgetContainer),523)">$VAR[Image_Foreground_Cheater_C523]</value>
        <value condition="Integer.IsEqual(Window.Property(TMDBHelper.WidgetContainer),553)">$VAR[Image_Foreground_Cheater_C553]</value>
        <value condition="Integer.IsEqual(Window.Property(TMDBHelper.WidgetContainer),5001)">$VAR[Image_Foreground_Cheater_C5001]</value>
        <value condition="Integer.IsEqual(Window.Property(TMDBHelper.WidgetContainer),5002)">$VAR[Image_Foreground_Cheater_C5002]</value>
        <value condition="Integer.IsEqual(Window.Property(TMDBHelper.WidgetContainer),5003)">$VAR[Image_Foreground_Cheater_C5003]</value>
        <value condition="True">$VAR[Image_Foreground_Cheater]</value>
    </variable>

    <variable name="Image_Background">
        <value condition="!String.IsEmpty(Window(Home).Property(BlurImage))">$INFO[Window(Home).Property(BlurImage)]</value>
        <value condition="Integer.IsEqual(Window.Property(TMDBHelper.WidgetContainer),301) + Integer.IsEqual(Container(301).NumItems,0) + !Container(301).IsUpdating + !String.IsEmpty(Container(99971).ListItem.PicturePath)">$INFO[Container(99971).ListItem.PicturePath]</value>
        <value condition="Integer.IsEqual(Window.Property(TMDBHelper.WidgetContainer),301)">$VAR[Image_Background_Cheater_C301]</value>
        <value condition="Integer.IsEqual(Window.Property(TMDBHelper.WidgetContainer),503)">$VAR[Image_Background_Cheater_C503]</value>
        <value condition="Integer.IsEqual(Window.Property(TMDBHelper.WidgetContainer),513)">$VAR[Image_Background_Cheater_C513]</value>
        <value condition="Integer.IsEqual(Window.Property(TMDBHelper.WidgetContainer),523)">$VAR[Image_Background_Cheater_C523]</value>
        <value condition="Integer.IsEqual(Window.Property(TMDBHelper.WidgetContainer),553)">$VAR[Image_Background_Cheater_C553]</value>
        <value condition="Integer.IsEqual(Window.Property(TMDBHelper.WidgetContainer),5001)">$VAR[Image_Background_Cheater_C5001]</value>
        <value condition="Integer.IsEqual(Window.Property(TMDBHelper.WidgetContainer),5002)">$VAR[Image_Background_Cheater_C5002]</value>
        <value condition="Integer.IsEqual(Window.Property(TMDBHelper.WidgetContainer),5003)">$VAR[Image_Background_Cheater_C5003]</value>
        <value condition="True">$VAR[Image_Background_Cheater]</value>
    </variable>
</includes>