<?xml version="1.0" encoding="UTF-8"?>
<window type="dialog" id="1143">
    <defaultcontrol always="true">999</defaultcontrol>
    <onload>CancelAlarm(osd_timeout,true)</onload>
    <onload condition="!String.IsEmpty(Window(Home).Property(OSD.Prev.Window))">ClearProperty(OSD.Prev.Window)</onload>
    <include>Animation_OSD_Fullscreen_Change</include>
    <controls>
        <include content="Object_Hidden_Button">
            <param name="id">999</param>
            <ondown>Close</ondown>
            <ondown>ActivateWindow($VAR[Action_OSD_Main_OnDown])</ondown>
            <ondown>SetProperty(OSD.Prev.Window,1143,Home)</ondown>
            <onleft>Close</onleft>
            <onright>Close</onright>
            <onup>Close</onup>
            <onclick>Close</onclick>
        </include>
    </controls>
</window>
