<?xml version="1.0" encoding="UTF-8"?>
<includes>

    <include name="Spotlight_Fallback_Slideshow">
        <include content="Object_Hidden_List">
            <param name="id">99971</param>
            <include content="Defs_AutoScroll">
                <param name="condition">[Integer.IsEqual(Window.Property(TMDBHelper.WidgetContainer),301) + !$EXP[Exp_Hubs_Spotlight_HasItems]]</param>
            </include>
            <content sortby="random">$VAR[Path_Spotlight_SlideShow_Content]</content>
            <visible>[Integer.IsEqual(Window.Property(TMDBHelper.WidgetContainer),301) + !$EXP[Exp_Hubs_Spotlight_HasItems]]</visible>
        </include>
        <include content="Object_Hidden_List" condition="Skin.HasSetting(TMDbHelper.EnableBlur)">
            <content>plugin://script.skinvariables/?info=run_executebuiltin&amp;blur_image=$ESCINFO[Container(99971).ListItem.PicturePath]&amp;&amp;special://skin/shortcuts/builtins/skinvariables-blurimage.json</content>
            <visible>[Integer.IsEqual(Window.Property(TMDBHelper.WidgetContainer),301) + !$EXP[Exp_Hubs_Spotlight_HasItems]]</visible>
        </include>
    </include>

    <include name="Spotlight_Animation">
        <include content="Animation_Fade_In">
            <param name="condition">$EXP[Exp_Hubs_Categories_SlideDown]</param>
            <param name="delay">200</param>
        </include>
        <include content="Animation_ConditionalFade">
            <param name="condition">!$EXP[Exp_Hubs_Categories_SlideDown]</param>
        </include>
    </include>

    <include name="Spotlight_HideDetails">
        <include content="Animation_ConditionalFade" condition="$EXP[Exp_Hubs_Spotlight_IsMini]">
            <param name="condition">True</param>
        </include>
        <include condition="$EXP[Exp_Hubs_Spotlight_IsSlide]">Spotlight_Animation</include>
    </include>

    <include name="Spotlight_HidePanel">
        <animation effect="fade" start="0" end="100" reversible="false" condition="$EXP[Exp_Hubs_Categories_SlideDown]">Conditional</animation>
        <animation effect="fade" start="100" end="0" delay="399" time="1" reversible="false" condition="!$EXP[Exp_Hubs_Categories_SlideDown]">Conditional</animation>
    </include>

    <include name="Spotlight_Info">
        <include content="Hub_Widgets_Infopanel">
            <include content="Info_Panel">
                <param name="titlelabel">$VAR[Label_Title_C301]</param>
                <param name="plotlabel">$VAR[Label_Plot_C301]</param>
                <param name="container">Container(301).</param>
                <param name="grouplistid">99952</param>
                <param name="visible">Integer.IsEqual(Window.Property(TMDBHelper.WidgetContainer),301)</param>
                <param name="details_include">Spotlight_HideDetails</param>
            </include>            
        </include>
    </include>

    <include name="Spotlight_List">
        <param name="window_id">Home</param>
        <definition>
            <control type="wraplist" id="301">
                <preloaditems>2</preloaditems>
                <onfocus>SetProperty(TMDbHelper.WidgetContainer,301,$PARAM[property_window_id])</onfocus>
                <onfocus>ClearProperty(Background.ShowOverlay,Home)</onfocus>

                <onfocus condition="Integer.IsEqual(Container(301).NumItems,0)">SetFocus(300)</onfocus>
                <onfocus condition="!Integer.IsEqual(Container(301).NumItems,0)">SetFocus(311)</onfocus>

                <onup>303</onup>
                <ondown>303</ondown>
                <onback>303</onback>

                <orientation>horizontal</orientation>
                <scrolltime tween="quadratic">400</scrolltime>
                <hitrect x="0" y="0" w="0" h="0" />

                <width>1</width>
                <height>1</height>
                <left>-1920</left>

                <include content="Defs_AutoScroll">
                   <param name="condition">[[!ControlGroup(310).HasFocus() | System.IdleTime(3)] + ![Skin.TimerIsRunning(idle_spotlight_trailer) + !String.IsEmpty(Window(Home).Property(TMDbHelper.ListItem.Trailer)) + !String.IsEqual(Window(Home).Property(PlayTrailer),Window(Home).Property(TMDbHelper.ListItem.Trailer))] + ![Player.HasVideo + String.IsEqual(Window(Home).Property(PlayTrailer),Player.FileNameAndPath)] + !Window.IsVisible(DialogVideoInfo.xml) + !Window.IsVisible(DialogMusicInfo.xml) + !Window.IsVisible(DialogContextMenu.xml) + !Window.IsVisible(1113) + !Window.IsVisible(1123) + !Window.IsVisible(script-wikipedia.xml) + !Window.IsVisible(DialogSelect.xml) + !Window.IsVisible(DialogBusy.xml) + !Window.IsVisible(1170) + !Window.IsVisible(1162)]</param>
                </include>

                <itemlayout />
                <focusedlayout />

                <include content="Object_ContentDynamic">
                    <param name="sortby">$PARAM[sortby]</param>
                    <param name="sortorder">$PARAM[sortorder]</param>
                    <param name="target">$PARAM[target]</param>
                    <param name="limit">$PARAM[limit]</param>
                    <param name="browse">never</param>
                    <param name="content">$PARAM[content]</param>
                </include>

                <nested />

            </control>
        </definition>
    </include>

    <variable name="Spotlight_FO_Color_BG">
        <value condition="Skin.HasSetting(InvertSelectedText)">ff333333</value>
        <value>main_fg_100</value>
    </variable>
    <variable name="Spotlight_NF_Color_BG">
        <value condition="Skin.HasSetting(InvertSelectedText)">main_fg_12</value>
        <value>main_fg_100</value>
    </variable>
    <variable name="Spotlight_NF_Color_FG">
        <value condition="Skin.HasSetting(InvertSelectedText)">main_fg_100</value>
        <value>main_bg_100</value>
    </variable>

    <include name="Spotlight_Main_Button_Standard">
        <onfocus>SetProperty(TMDbHelper.WidgetContainer,301,$PARAM[property_window_id])</onfocus>
        <onfocus>ClearProperty(Slide.WidgetContainer,$PARAM[property_window_id])</onfocus>
        <onfocus>ClearProperty(Background.ShowOverlay,Home)</onfocus>

        <oninfo>SetFocus(301)</oninfo>
        <oninfo>Action(Info)</oninfo>
        <oninfo>SetFocus($PARAM[id])</oninfo>
        
        <onback condition="Control.IsVisible(300) + !Integer.IsEqual(Container(300).NumItems,0)">300</onback>
        <onback condition="![Control.IsVisible(300) + !Integer.IsEqual(Container(300).NumItems,0)]">PreviousMenu</onback>
    </include>

    <include name="Spotlight_Main">
        <param name="window_id">Home</param>
        <param name="visible">True</param>
        <definition>
            <control type="group" id="304">
                <include content="Object_Top" condition="$EXP[Exp_Hubs_Spotlight_IsMini]">
                    <param name="top">hub_spotlight_mini_t</param>
                </include>                
                <top>hub_spotlight_t</top>
                <height>hub_spotlight_h</height>

                <!-- Animation for Slides -->
                <include condition="$EXP[Exp_Hubs_Spotlight_IsSlide]">Spotlight_Animation</include>

                <include content="Animation_Fade_In">
                    <param name="condition">Integer.IsEqual(Window.Property(TMDBHelper.WidgetContainer),301)</param>
                    <param name="delay">200</param>
                </include>
                <include content="Animation_ConditionalFade">
                    <param name="condition">!Integer.IsEqual(Window.Property(TMDBHelper.WidgetContainer),301)</param>
                </include>

                <control type="grouplist" id="310">
                    <orientation>horizontal</orientation>
                    
                    <onup condition="!$EXP[Exp_HomeMenu_IsTopBar]">$VAR[OnUp_Window_Switch]</onup>
                    
                    <include>Animation_Widgets_Topbar_SlideUp</include>
                    <include condition="$EXP[Exp_Hubs_Spotlight_IsSlide]">Animation_Widgets_Topbar_SlideUp_Fade</include>

                    <include content="Action_Widget_Top" condition="!$EXP[Exp_HomeMenu_IsTopBar]">
                        <param name="id">311</param>
                    </include>
                    
                    <include content="Action_View_Movement_OnLeftRight_Custom2" condition="$EXP[Exp_HomeMenu_IsExpanded]">
                                <param name="id">311</param>
                                <param name="onleft">311</param>
                                <param name="onright">313</param>
                    </include>
                            
                            
                    <include content="Action_View_Movement_OnLeftRight_Custom1" condition="!$EXP[Exp_HomeMenu_IsExpanded]">
                                <param name="id">311</param>
                                <param name="onleft">311</param>
                                <param name="onright">313</param>
                    </include>                    
                    
                    
                    <onright condition="Player.HasVideo + String.IsEqual(Window(Home).Property(PlayTrailer),Player.FileNameAndPath)">Action(Stop)</onright>
                    <onleft condition="Player.HasVideo + String.IsEqual(Window(Home).Property(PlayTrailer),Player.FileNameAndPath)">Action(Stop)</onleft>
                    
                    
                    <onleft condition="$EXP[Exp_Hubs_Spotlight_HasItems] + Control.HasFocus(311)">Control.Move(301,-1)</onleft>                    
                    <onleft condition="!$EXP[Exp_Hubs_Spotlight_HasItems] + Control.HasFocus(311)">Control.Move(9997,-1)</onleft>
                                    
                    <onright condition="$EXP[Exp_Hubs_Spotlight_HasItems] + Control.HasFocus(313)">Control.Move(301,1)</onright>                    
                    <onright condition="!$EXP[Exp_Hubs_Spotlight_HasItems] + Control.HasFocus(313)">Control.Move(9997,1)</onright>                                                            
                    
                    <onup condition="$EXP[Exp_HomeMenu_IsTopBar]">SetFocus(303)</onup>

                    <ondown>300</ondown>
                    

                    <centertop>180</centertop>
                    <left>140</left>
                    <height>512</height>
                    <width>1920</width>
                    <onfocus>ClearProperty(Slide.WidgetContainer,$PARAM[property_window_id])</onfocus>

                    <control type="group" id="321">
                        <left>60</left>
                        <height>105</height>
                        <width>300</width>
                        <centertop>50%</centertop>            
                        
                        <control type="group">            
                            <visible>!Control.HasFocus(311)</visible>
                            <control type="image">
                                <height>100%</height>
                                <width>270</width>
                                <bordersize>0,12,0,12</bordersize>
                                <texture colordiffuse="main_fg_12">common/menu.png</texture>
                            </control>
                            <control type="image">
                                <bordersize>12</bordersize>
                                <left>-1%</left>
                                <width>100</width>
                                <texture colordiffuse="main_fg_90">$VAR[Image_FullscreenWidget_PlayButton]</texture>
                            </control>                             
                            <control type="label">    
                                <left>30%</left>
                                <width>auto</width>
                                <label>$VAR[Label_FullscreenWidget_PlayButton]</label>
                                <font>font_main</font>
                                <textcolor>main_fg_90</textcolor>
                            </control>                            
                        </control>
                        
                        <control type="group">
                            <visible>Control.HasFocus(311)</visible>
                            <control type="image">
                                <width>270</width>
                                <bordersize>0,12,0,12</bordersize>
                                <include>Texture_Menu_Highlight_H</include>
                            </control>                            
                            <control type="image">
                                <bordersize>12</bordersize>
                                <left>-1%</left>
                                <width>100</width>
                                <texture colordiffuse="$VAR[ColorSelected]">$VAR[Image_FullscreenWidget_PlayButton]</texture>
                            </control>                                 
                            <control type="label">
                                <left>30%</left>    
                                <width>auto</width>                            
                                <label>$VAR[Label_FullscreenWidget_PlayButton]</label>
                                <font>font_main</font>
                                <textcolor>$VAR[ColorSelected]</textcolor>
                            </control>                                                                
                        </control>
                            
                        
                                <!-- Left Chevron -->                                                                
                                <control type="group">    
                                <left>-380</left>
                                <top>-110</top>    
                                
                                <animation condition="Control.HasFocus(311) + !Player.HasMedia" effect="fade" reversible="false" start="0" end="100" time="400" delay="100">Conditional</animation>
                                <animation condition="[!Control.HasFocus(311) | Player.HasMedia]" effect="fade" reversible="false" start="100" end="0" time="400" delay="100">Conditional</animation>    
                                                                                                
                                <include content="OSD_Button_Icon_Overlay">
                                <param name="icon">special://skin/extras/icons/chevron-left.png</param>
                                <param name="bordersize">3</param>
                                <param name="vertical">true</param>
                                <param name="itemgap">0</param>
                                <param name="center">true</param>
                                <param name="icon_colordiffuse">main_fg_90</param>
                                </include>                                
                                </control>
                                
                                
                                <!-- Right Chevron -->                                
                                <control type="group">                                
                                <left>1780</left>
                                <top>-110</top>
                                
                                <animation condition="Control.HasFocus(313) + !Player.HasMedia" effect="fade" reversible="false" start="0" end="100" time="400" delay="100">Conditional</animation>
                                <animation condition="[!Control.HasFocus(313) | Player.HasMedia]" effect="fade" reversible="false" start="100" end="0" time="400" delay="100">Conditional</animation>
                                <animation condition="$EXP[Exp_HomeMenu_IsExpanded]" effect="slide" reversible="false" start="0" end="-120" time="0">Conditional</animation>
                                                                
                                <include content="OSD_Button_Icon_Overlay">
                                <param name="icon">special://skin/extras/icons/chevron-right.png</param>
                                <param name="bordersize">3</param>
                                <param name="vertical">true</param>
                                <param name="itemgap">0</param>
                                <param name="center">true</param>
                                <param name="icon_colordiffuse">main_fg_100</param>
                                </include>                                
                                </control>                    
                                
                        
                    </control>

                    <control type="button" id="311">
                        <left>-60</left>
                        <font />
                        <textcolor>main_fg_90</textcolor>
                        <focusedcolor>main_fg_90</focusedcolor>
                        <label>$VAR[Label_FullscreenWidget_PlayButton]</label>
                        <width>170</width>
                        <align>left</align>
                        <width>auto</width>
                        <textoffsetx>80</textoffsetx>
                        <texturenofocus />
                        <texturefocus />
                        <onclick condition="$EXP[Exp_Hubs_Spotlight_HasItems] + Container(301).ListItem.IsFolder">ActivateWindow($VAR[Path_Spotlight_Target],$INFO[Container(301).ListItem.FolderPath],return)</onclick>
                        <onclick condition="$EXP[Exp_Hubs_Spotlight_HasItems] + !Container(301).ListItem.IsFolder + !String.IsEmpty(Container(301).ListItem.FileNameAndPath)">PlayMedia($ESCINFO[Container(301).ListItem.FileNameAndPath])</onclick>
                        <onclick condition="$EXP[Exp_Hubs_Spotlight_HasItems] + !Container(301).ListItem.IsFolder + String.IsEmpty(Container(301).ListItem.FileNameAndPath) + !String.IsEmpty(Container(301).ListItem.FolderPath)">PlayMedia($ESCINFO[Container(301).ListItem.FolderPath])</onclick>
                        <onclick condition="!$EXP[Exp_Hubs_Spotlight_HasItems] + Weather.IsFetched">ActivateWindow(weather)</onclick>
                        <onclick condition="!$EXP[Exp_Hubs_Spotlight_HasItems] + !Weather.IsFetched">SlideShow($VAR[Path_Spotlight_SlideShow_Content],beginslide=$ESCINFO[Container(99971).ListItem.PicturePath])</onclick>
                        <include content="Spotlight_Main_Button_Standard">
                            <param name="id">311</param>
                            <param name="window_id">$PARAM[window_id]</param>
                            <param name="property_window_id">$PARAM[property_window_id]</param>
                        </include>
                        <!-- Reset Widget Group Position -->
                        <include content="Action_Widgets_ResetPosition_OnFocus">
                            <param name="condition">[Control.IsVisible(419) + !Integer.IsEqual(Container(419).CurrentItem,1)] | Container(400).HasPrevious</param>
                        </include>
                    </control>

                    <control type="group" id="319">
                        <left>-110</left>
                        <width>0</width>
                    </control>

                    <control type="button" id="312">
                        <include>Defs_OSD_Button</include>
                        <centertop>50%</centertop>
                        <onclick condition="$EXP[Exp_Hubs_Spotlight_HasItems]">SetFocus(301)</onclick>
                        <onclick condition="$EXP[Exp_Hubs_Spotlight_HasItems]">Action(Info)</onclick>
                        <onclick condition="$EXP[Exp_Hubs_Spotlight_HasItems]">SetFocus(312)</onclick>
                        <onclick condition="!$EXP[Exp_Hubs_Spotlight_HasItems] + Weather.IsFetched">ActivateWindow(1161)</onclick>
                        <onclick condition="!$EXP[Exp_Hubs_Spotlight_HasItems] + !Weather.IsFetched">ActivateWindow(systeminfo)</onclick>
                        <include content="Spotlight_Main_Button_Standard">
                            <param name="id">312</param>
                            <param name="window_id">$PARAM[window_id]</param>
                            <param name="property_window_id">$PARAM[property_window_id]</param>
                        </include>
                    </control>
                    <include content="OSD_Button_Icon_Overlay">
                        <param name="icon">special://skin/extras/icons/info3.png</param>
                        <param name="id">312</param>
                        <param name="groupid">322</param>
                        <param name="vertical">false</param>
                        <param name="itemgap">0</param>
                        <param name="center">true</param>
                        <param name="icon_colordiffuse">main_fg_90</param>
                    </include>

                    <control type="button" id="313">
                        <left>20</left>
                        <include>Defs_OSD_Button</include>
                        <centertop>50%</centertop>
                        <onclick condition="$EXP[Exp_Hubs_Spotlight_HasItems]">SetFocus(301)</onclick>
                        <onclick condition="$EXP[Exp_Hubs_Spotlight_HasItems]">Action(ContextMenu)</onclick>
                        <onclick condition="$EXP[Exp_Hubs_Spotlight_HasItems]">SetFocus(313)</onclick>
                        <onclick condition="!$EXP[Exp_Hubs_Spotlight_HasItems]">ActivateWindow(1170)</onclick>
                        <include content="Spotlight_Main_Button_Standard">
                            <param name="id">313</param>
                            <param name="window_id">$PARAM[window_id]</param>
                            <param name="property_window_id">$PARAM[property_window_id]</param>
                        </include>
                    </control>
                    <include content="OSD_Button_Icon_Overlay">
                        <param name="icon">special://skin/extras/icons/indent.png</param>
                        <param name="bordersize">5</param>
                        <param name="id">313</param>
                        <param name="groupid">323</param>
                        <param name="vertical">false</param>
                        <param name="itemgap">0</param>
                        <param name="center">true</param>
                        <param name="icon_colordiffuse">main_fg_90</param>
                    </include>

                </control>
            </control>
        </definition>
    </include>

</includes>