<?xml version="1.0" encoding="UTF-8"?>
<window type="dialog" id="1146">

    <defaultcontrol always="true">6006</defaultcontrol>

    <controls>

        <control type="group">
            <include>OSD_HideControls</include>
            <left>view_pad</left>
            <right>view_pad</right>

            <visible>!Window.IsActive(DialogPlayerProcessInfo.xml)</visible>
            <visible>!Window.IsVisible(DialogSlider.xml)</visible>

            <control type="group">
                <include content="OSD_Stream_Selector">
                    <param name="id">6206</param>
                    <param name="buttonid">6006</param>
                    <param name="scrollbarid">6306</param>
                    <param name="stream_type">audio</param>
                    <param name="header">$LOCALIZE[292]</param>
                    <param name="nibpos">300</param>
                    <param name="method">set_player_audiostream</param>
                    <param name="icon">special://skin/extras/icons/volume.png</param>
                </include>
            </control>

            <include content="OSD_CustomDialog_GroupList">
                <param name="onclick">ActivateWindow(osdaudiosettings)</param>
                <param name="onup">SetFocus(6206)</param>
                <param name="icon">special://skin/extras/icons/volume.png</param>
                <param name="label">$INFO[VideoPlayer.AudioLanguage,[UPPERCASE],[/UPPERCASE]]</param>
                <param name="iconoffset_condition">!String.IsEmpty(VideoPlayer.AudioLanguage)</param>
                <param name="button_6">true</param>
            </include>
        </control>

    </controls>
</window>
