<?xml version="1.0" encoding="UTF-8"?>
<window type="dialog" id="1143">

    <defaultcontrol always="true">6003</defaultcontrol>

    <controls>

        <control type="group">
            <include>OSD_HideControls</include>
            <control type="list" id="513">
                <left>-1920</left>
                <width>1</width>
                <height>1</height>
                <itemlayout width="1" height="1" />
                <focusedlayout width="1" height="1" />
                <content target="videos">$VAR[Path_OSD_NextRecommendation]</content>
            </control>

            <control type="group">
                <top>view_pad</top>
                <left>view_side</left>
                <visible>!Container(513).IsUpdating</visible>
                <visible>!Integer.IsEqual(Container(513).NumItems,0)</visible>
                <visible>![!String.IsEmpty(Player.Chapter) + !String.IsEqual(Player.Chapter,00) + !String.IsEmpty(Player.ChapterCount) + !String.IsEqual(Player.ChapterCount,00) + !String.IsEqual(Player.Chapter,Player.ChapterCount)]</visible>
                <visible>Integer.IsLess(VideoPlayer.PlaylistPosition,VideoPlayer.PlaylistLength) | Integer.IsLess(Player.TimeRemaining(mins),10)</visible>
                <animation type="WindowOpen" reversible="true">
                    <effect type="fade" start="0" end="100" time="300" delay="600"/>
                    <effect type="slide" start="0,-48" end="0" center="auto" tween="back" easing="out" time="400" delay="600"/>
                </animation>
                <animation type="Visible" reversible="true">
                    <effect type="fade" start="0" end="100" time="300" delay="600"/>
                    <effect type="slide" start="0,-48" end="0" center="auto" tween="back" easing="out" time="400" delay="600"/>
                </animation>
                <control type="group">
                    <height>view_landscape_item_h</height>
                    <width>view_landscape_item_w</width>
                    <control type="group">
                        <include>Object_ItemBack</include>
                        <include content="Object_Control" condition="!Skin.String(Home.SideMenuCollapse,Never)">
                            <param name="control">image</param>
                            <texture background="true" diffuse="diffuse/landscape_w410_h231.png">$VAR[Image_OSD_UpNext_Playlist_Landscape]</texture>
                            <aspectratio scalediffuse="false">keep</aspectratio>
                        </include>
                        <include content="Object_Control" condition="Skin.String(Home.SideMenuCollapse,Never)">
                            <param name="control">image</param>
                            <texture background="true" diffuse="diffuse/downsize/landscape_w380_h214.png">$VAR[Image_OSD_UpNext_Playlist_Landscape]</texture>
                            <aspectratio scalediffuse="false">keep</aspectratio>
                        </include>
                        <control type="group">
                            <height>34</height>
                            <visible>!String.IsEmpty(Container(513).ListItem.Property(episode_type)) + Skin.HasSetting(Indicator.EpisodeTypeBanner)</visible>
                            <include content="Object_BannerOverlay">
                                <param name="colordiffuse">$VAR[ColorBanner_series_premiere]</param>
                                <param name="visible">String.IsEqual(Container(513).ListItem.Property(episode_type),series_premiere)</param>
                                <param name="label">$LOCALIZE[31210]</param>
                            </include>
                            <include content="Object_BannerOverlay">
                                <param name="colordiffuse">$VAR[ColorBanner_season_premiere]</param>
                                <param name="visible">String.IsEqual(Container(513).ListItem.Property(episode_type),season_premiere)</param>
                                <param name="label">$LOCALIZE[31211]</param>
                            </include>
                            <include content="Object_BannerOverlay">
                                <param name="colordiffuse">$VAR[ColorBanner_mid_season_premiere]</param>
                                <param name="visible">String.IsEqual(Container(513).ListItem.Property(episode_type),mid_season_premiere)</param>
                                <param name="label">$LOCALIZE[31212]</param>
                            </include>
                            <include content="Object_BannerOverlay">
                                <param name="colordiffuse">$VAR[ColorBanner_series_finale]</param>
                                <param name="visible">String.IsEqual(Container(513).ListItem.Property(episode_type),series_finale)</param>
                                <param name="label">$LOCALIZE[31214]</param>
                            </include>
                            <include content="Object_BannerOverlay">
                                <param name="colordiffuse">$VAR[ColorBanner_season_finale]</param>
                                <param name="visible">String.IsEqual(Container(513).ListItem.Property(episode_type),season_finale)</param>
                                <param name="label">$LOCALIZE[31215]</param>
                            </include>
                            <include content="Object_BannerOverlay">
                                <param name="colordiffuse">$VAR[ColorBanner_mid_season_finale]</param>
                                <param name="visible">String.IsEqual(Container(513).ListItem.Property(episode_type),mid_season_finale)</param>
                                <param name="label">$LOCALIZE[31218]</param>
                            </include>
                        </control>
                    </control>
                </control>
                <control type="grouplist">
                    <left>view_landscape_item_w</left>
                    <height>view_landscape_item_h</height>
                    <align>top</align>
                    <orientation>vertical</orientation>
                    <control type="label">
                        <left>40</left>
                        <textcolor>panel_fg_90</textcolor>
                        <label>$LOCALIZE[31196]</label>
                        <height>40</height>
                        <font>font_tiny_bold</font>
                    </control>
                    <control type="label">
                        <left>40</left>
                        <textcolor>panel_fg_90</textcolor>
                        <label>$VAR[Label_OSD_UpNext_Playlist_TopTitle]</label>
                        <height>40</height>
                        <font>font_main_bold</font>
                    </control>
                    <control type="label">
                        <left>40</left>
                        <textcolor>panel_fg_70</textcolor>
                        <label>$VAR[Label_OSD_UpNext_Playlist_SubTitle]</label>
                        <font>font_mini</font>
                        <height>40</height>
                    </control>
                </control>
            </control>

            <control type="group">
                <left>view_pad</left>
                <right>view_pad</right>

                <visible>!Window.IsActive(DialogPlayerProcessInfo.xml)</visible>
                <visible>!Window.IsVisible(DialogSlider.xml)</visible>

                <include content="OSD_CustomDialog_GroupList">
                    <param name="onclick">$VAR[Action_OSD_SkipNext]</param>
                    <param name="icon">$VAR[Image_OSD_SkipNext]</param>
                    <param name="button_3">true</param>

                    <param name="onup">Close</param>
                    <param name="onup_02">SetFocus(8200)</param>

                </include>
            </control>
        </control>

    </controls>
</window>
