<?xml version="1.0" encoding="UTF-8"?>
<window type="dialog" id="1170">
    <defaultcontrol>7000</defaultcontrol>
    <onload>Dialog.Close(1171)</onload>
    <onload>AlarmClock(refocus,SetFocus(7021),00:00,silent)</onload>
    <include>Action_ButtonMenu_Onload</include>
    <onload>SetProperty(TMDbHelper.ContextMenu,True)</onload>
    <controls>
    
        <include content="Object_Hidden_Button" condition="!Player.HasMedia">
            <param name="id">6099</param>
            <onfocus>SetFocus(8000,0,absolute)</onfocus>
            <onup>SetFocus(8000,0,absolute)</onup>
            <ondown>SetFocus(8000,0,absolute)</ondown>
        </include>
    
        <include>Dialog_Dim_Overlay</include>

        <control type="group">
            <include>Dimension_DialogSideMenu</include>
             <include>Animation_Right_Delay</include>

            <include content="Dialog_Foreground_Side">
                <param name="dialog_size">Dimension_DialogSideMenu</param>
                <param name="topline">true</param>
                <param name="subline">false</param>

                <!-- Header -->
                <include content="Dialog_Head">
                    <param name="label">$LOCALIZE[33063]</param>
                </include>
                <include>Dialog_Head_CloseButton</include>

                <!-- Content -->
                <control type="group">
                    <include>Dimension_Dialog_Body</include>

                    <control type="group" id="7000">
                        <include>Dimension_Dialog_Body_Group</include>

                        <include content="ButtonMenu_Layout" condition="Skin.String(OptionsTiles.Layout,$NUMBER[2])">
                            <param name="layout_include">ButtonMenu_Layout_Two</param>
                        </include>
                        <include content="ButtonMenu_Layout" condition="Skin.String(OptionsTiles.Layout,$NUMBER[3])">
                            <param name="layout_include">ButtonMenu_Layout_Three</param>
                        </include>
                        <include content="ButtonMenu_Layout" condition="Skin.String(OptionsTiles.Layout,$NUMBER[4])">
                            <param name="layout_include">ButtonMenu_Layout_Four</param>
                        </include>
                        
                        <control type="group">
                            <top>300</top>
                            <control type="group">
                                <top>-10</top>
                                <height>80</height>
                                <left>20</left>
                                <include condition="Player.HasMedia" content="ButtonMenu_MediaTray">
                                    <onup>7020</onup>
                                    <ondown>SetFocus(8000,0,absolute)</ondown>
                                </include>
                            </control>
                            
                            <control type="group">

                                <include content="Object_Top" condition="Player.HasMedia">
                                    <param name="top">80</param>
                                </include>

                                <control type="image">
                                    <left>20</left>
                                    <right>20</right>
                                    <height>1</height>
                                    <texture colordiffuse="$VAR[Color_DialogBorder]">common/white.png</texture>
                                </control>

                                <include content="List_DialogSelect">
                                    <param name="id">8000</param>
                                    <param name="itemlayout_include">Layout_MenuList</param>
                                    <top>20</top>
                                    <bottom>80</bottom>
                                    <orientation>vertical</orientation>
                                    <onup condition="Player.HasMedia">SetFocus(6099,2,absolute)</onup>
                                    <onup condition="!Player.HasMedia">7020</onup>
                                    <ondown>SetFocus(6000,2)</ondown>
                                    <onleft>Close</onleft>
                                    <oninfo>Close</oninfo>
                                    <content>
                                        <include>skinvariables-powermainmenu-staticitems</include>
                                    </content>
                                </include>

                                <control type="image">
                                    <bottom>60</bottom>
                                    <left>20</left>
                                    <right>20</right>
                                    <height>1</height>
                                    <texture colordiffuse="$VAR[Color_DialogBorder]">common/white.png</texture>
                                </control>

                                <control type="group">
                                    <include>ButtonMenu_BottomTray</include>
                                </control>
                                
                            </control>
                        </control>

                    </control>
                </control>

            </include>
            
        </control>

    </controls>
</window>