<?xml version="1.0" encoding="UTF-8"?>
<window type="dialog" id="1153">
    <zorder>0</zorder>

    <visible>Window.IsActive(1145) | [Window.IsActive(videoosd) + Skin.HasSetting(OSD.DisplayTitleDetailsOnSeek)]</visible>

    <controls>

        <control type="group">
            <include>OSD_HideControls</include>

            <visible>!Window.IsActive(DialogPlayerProcessInfo.xml)</visible>
            <visible>!Window.IsVisible(DialogSlider.xml)</visible>

            <top>view_pad</top>
            <control type="group">
                <top>0</top>
                <include content="Object_Bottom" condition="Skin.HasSetting(Furniture.EnableLeftHeader)">
                    <param name="bottom">160</param>
                </include>
                <bottom>240</bottom>
                <include content="Animation_SlideIn_Dialog">
                    <param name="posy">48</param>
                </include>
                <include content="OSD_QuickInfo">
                    <param name="portrait_visible">false</param>
                    <param name="landscape_visible">false</param>
                </include>
            </control>
        </control>

    </controls>
</window>
