<?xml version="1.0" encoding="UTF-8"?>
<window type="dialog" id="1141">
    <zorder>0</zorder>
    <defaultcontrol always="true">6501</defaultcontrol>
    <onload>CancelAlarm(osd_timeout,true)</onload>
    <onload>ClearProperty(TMDb_ID,1141)</onload>
    <onload>SetProperty(TMDbHelper.WidgetContainer,6501,1141)</onload>
    <onload condition="String.IsEmpty(Skin.String(VideoOSD.PersonCredits.SortKey))">Skin.SetString(VideoOSD.PersonCredits.SortKey,popular)</onload>
    <onload>Skin.SetString(VideoOSD.PersonCredits.CastCrew,cast)</onload>
    <onload>Skin.SetString(VideoOSD.PersonCredits.WidgetInfo,films)</onload>
    <include>Animation_OSD_Dialog_WindowChange</include>
    <controls>

        <include content="Defs_Background_Loader">
            <param name="label">$VAR[Label_Title]</param>
        </include>

        <control type="group">
            <include>OSD_Info_Dimensions</include>

            <include content="OSD_Info_Viewline">
                <param name="label">[CAPITALIZE]$INFO[Skin.String(VideoOSD.PersonCredits.CastCrew)][/CAPITALIZE]$VAR[Label_OSD_Title, (,)]</param>
                <param name="visible">!Integer.IsEqual(Window.Property(TMDBHelper.WidgetContainer),6539)</param>
            </include>
            
            <include content="OSD_Info_Viewline">
                <param name="label">[CAPITALIZE]$INFO[Container(6501).ListItem.Label]$INFO[Skin.String(VideoOSD.PersonCredits.WidgetInfo), [COLOR=main_fg_30]&gt;[/COLOR] ,][/CAPITALIZE]</param>
                <param name="visible">Integer.IsEqual(Window.Property(TMDBHelper.WidgetContainer),6539)</param>
            </include>

            <!-- Cast Icon -->
            <include content="OSD_Info_Tray">
                <param name="icon">$INFO[Container(6501).ListItem.Icon]</param>
                <param name="role">$INFO[Container(6501).ListItem.Label]</param>
                <param name="name">$VAR[Label_OSD_CastMember_Appearances]</param>
                <param name="text">$INFO[Window(Home).Property(TMDbHelper.ListItem.Plot)]</param>
            </include>

            <!-- Cast List -->
            <include content="List_Poster_Row">
                <param name="orientation">horizontal</param>
                <param name="control">fixedlist</param>
                <param name="id">6501</param>
                <content>$VAR[Path_OSD_Cast]</content>
                <include>OSD_List_Dimensions</include>

                <onfocus>SetProperty(TMDbHelper.WidgetContainer,6501,1141)</onfocus>

                <onup>4100</onup>
                <onback>SetFocus(6501,0,absolute)</onback>
                <onback>4100</onback>

                <ondown condition="Skin.String(VideoOSD.PersonCredits.CastCrew,cast)">Skin.SetString(VideoOSD.PersonCredits.WidgetInfo,films)</ondown>
                <ondown condition="Skin.String(VideoOSD.PersonCredits.CastCrew,crew)">Skin.SetString(VideoOSD.PersonCredits.WidgetInfo,crew)</ondown>
                <ondown>SetProperty(TMDb_ID,$INFO[Container(6501).ListItem.UniqueID(tmdb)],1141)</ondown>
                <ondown>SetProperty(TMDbHelper.WidgetContainer,6539,1141)</ondown>
                <ondown>6539</ondown>

                <include>Animation_OSD_Dialog_VisibleChange</include>
                <visible allowhiddenfocus="true">Integer.IsEqual(Window.Property(TMDBHelper.WidgetContainer),6501)</visible>
                <include content="Animation_Busy_Fade">
                    <param name="end">0</param>
                    <param name="id">6501</param>
                </include>

                <onclick>SetProperty(OSDExtendedInfo,1,Home)</onclick>
                <onclick condition="!Player.Paused">Pause</onclick>
                <onclick>Action(info)</onclick>
            </include>

            <!-- Starring in List -->
            <include content="List_Poster_Row" condition="Skin.HasSetting(InfoDialog.WidgetsPoster)">
                <param name="orientation">horizontal</param>
                <param name="control">fixedlist</param>
                <param name="id">6539</param>
                <param name="detailed">true</param>
                <include>OSD_List_Dimensions</include>

                <onup>4000</onup>

                <onfocus>SetProperty(TMDb_ID,$INFO[Container(6501).ListItem.UniqueID(tmdb)],1141)</onfocus>
                <onfocus>SetProperty(TMDbHelper.WidgetContainer,6539,1141)</onfocus>

                <onback>SetFocus(6539,0,absolute)</onback>
                <onback>4000</onback>

                <include>Animation_OSD_Dialog_VisibleChange</include>

                <visible allowhiddenfocus="true">Integer.IsEqual(Window.Property(TMDBHelper.WidgetContainer),6539)</visible>

                <include content="Animation_Busy_Fade">
                    <param name="end">0</param>
                    <param name="id">6539</param>
                </include>

                <onclick condition="!String.IsEqual(Container(6539).ListItem.Label,$LOCALIZE[31046])">SetProperty(OSDExtendedInfo,1,Home)</onclick>
                <onclick condition="!String.IsEqual(Container(6539).ListItem.Label,$LOCALIZE[31046]) + !Player.Paused">Pause</onclick>
                <onclick condition="!String.IsEqual(Container(6539).ListItem.Label,$LOCALIZE[31046])">Action(info)</onclick>

                <onclick condition="String.IsEqual(Container(6539).ListItem.Label,$LOCALIZE[31046])">SetFocus(4001)</onclick>
                <onclick condition="String.IsEqual(Container(6539).ListItem.Label,$LOCALIZE[31046])">Action(Select)</onclick>

                <content>$VAR[Path_VideoOSD_PersonCredits]</content>

                <content>
                    <item>
                        <label>$LOCALIZE[31046]</label>
                        <icon>fallback/no-results-poster.png</icon>
                        <visible>Integer.IsEqual(Container(6539).NumItems,0) | [Integer.IsEqual(Container(6539).NumItems,1) + String.IsEqual(Container(6539).ListItemAbsolute(0).Label,$LOCALIZE[31046])]</visible>
                    </item>
                </content>
            </include>
            
            <include content="List_Landscape_Row" condition="!Skin.HasSetting(InfoDialog.WidgetsPoster)">
                <param name="orientation">horizontal</param>
                <param name="control">fixedlist</param>
                <param name="id">6539</param>
                <param name="detailed">true</param>
                <include>OSD_List_Dimensions</include>

                <onup>4000</onup>

                <onfocus>SetProperty(TMDb_ID,$INFO[Container(6501).ListItem.UniqueID(tmdb)],1141)</onfocus>
                <onfocus>SetProperty(TMDbHelper.WidgetContainer,6539,1141)</onfocus>

                <onback>SetFocus(6539,0,absolute)</onback>
                <onback>4000</onback>

                <include>Animation_OSD_Dialog_VisibleChange</include>

                <visible allowhiddenfocus="true">Integer.IsEqual(Window.Property(TMDBHelper.WidgetContainer),6539)</visible>

                <include content="Animation_Busy_Fade">
                    <param name="end">0</param>
                    <param name="id">6539</param>
                </include>

                <onclick condition="!String.IsEqual(Container(6539).ListItem.Label,$LOCALIZE[31046])">SetProperty(OSDExtendedInfo,1,Home)</onclick>
                <onclick condition="!String.IsEqual(Container(6539).ListItem.Label,$LOCALIZE[31046]) + !Player.Paused">Pause</onclick>
                <onclick condition="!String.IsEqual(Container(6539).ListItem.Label,$LOCALIZE[31046])">Action(info)</onclick>

                <onclick condition="String.IsEqual(Container(6539).ListItem.Label,$LOCALIZE[31046])">SetFocus(4001)</onclick>
                <onclick condition="String.IsEqual(Container(6539).ListItem.Label,$LOCALIZE[31046])">Action(Select)</onclick>

                <content>$VAR[Path_VideoOSD_PersonCredits]</content>

                <content>
                    <item>
                        <label>$LOCALIZE[31046]</label>
                        <icon>fallback/no-results-landscape.png</icon>
                        <visible>Integer.IsEqual(Container(6539).NumItems,0) | [Integer.IsEqual(Container(6539).NumItems,1) + String.IsEqual(Container(6539).ListItemAbsolute(0).Label,$LOCALIZE[31046])]</visible>
                    </item>
                </content>
            </include>


            <control type="grouplist" id="4000">
                <top>-290</top>
                <itemgap>0</itemgap>
                <orientation>horizontal</orientation>
                <left>30</left>

                <visible>Integer.IsEqual(Window.Property(TMDBHelper.WidgetContainer),6539)</visible>
                
                <onup>SetProperty(TMDbHelper.WidgetContainer,6501,1141)</onup>
                <onup>SetFocus(6501)</onup>
                
                <onback>6501</onback>
                <onback>SetProperty(TMDbHelper.WidgetContainer,6501,1141)</onback>
                
                <ondown>6539</ondown>
                
                <include content="DialogInfo_Button">
                    <param name="vertical">false</param>
                    <param name="icon">$VAR[Image_VideoOSD_PersonCredits]</param>
                    <param name="visible">true</param>
                    <param name="id">01</param>
                    <param name="groupid">4001</param>
                    <param name="label">[CAPITALIZE]$INFO[Skin.String(VideoOSD.PersonCredits.WidgetInfo)][/CAPITALIZE]</param>
                    <param name="include_hintlabel">true</param>
                    <onclick condition="Skin.String(VideoOSD.PersonCredits.WidgetInfo,films)">Skin.SetString(VideoOSD.PersonCredits.WidgetInfo,shows)</onclick>
                    <onclick condition="Skin.String(VideoOSD.PersonCredits.WidgetInfo,shows)">Skin.SetString(VideoOSD.PersonCredits.WidgetInfo,crew)</onclick>
                    <onclick condition="Skin.String(VideoOSD.PersonCredits.WidgetInfo,crew)">Skin.SetString(VideoOSD.PersonCredits.WidgetInfo,films)</onclick>
                </include>
                <include content="DialogInfo_Button">
                    <param name="vertical">false</param>
                    <param name="icon">special://skin/extras/icons/arrow-updown-short-wide.png</param>
                    <param name="visible">[Skin.String(VideoOSD.PersonCredits.WidgetInfo,films) | Skin.String(VideoOSD.PersonCredits.WidgetInfo,shows)]</param>
                    <param name="id">02</param>
                    <param name="groupid">4002</param>
                    <param name="label">[CAPITALIZE]$INFO[Skin.String(VideoOSD.PersonCredits.SortKey)][/CAPITALIZE]</param>
                    <param name="include_hintlabel">true</param>
                    <onclick condition="Skin.String(VideoOSD.PersonCredits.SortKey,popular)">Skin.SetString(VideoOSD.PersonCredits.SortKey,date)</onclick>
                    <onclick condition="Skin.String(VideoOSD.PersonCredits.SortKey,date)">Skin.SetString(VideoOSD.PersonCredits.SortKey,rating)</onclick>
                    <onclick condition="Skin.String(VideoOSD.PersonCredits.SortKey,rating)">Skin.SetString(VideoOSD.PersonCredits.SortKey,votes)</onclick>
                    <onclick condition="Skin.String(VideoOSD.PersonCredits.SortKey,votes)">Skin.SetString(VideoOSD.PersonCredits.SortKey,popular)</onclick>
                </include>
            </control>

            <control type="grouplist" id="4100">
                <top>-290</top>
                <itemgap>0</itemgap>
                <orientation>horizontal</orientation>
                <left>30</left>

                <visible>Integer.IsEqual(Window.Property(TMDBHelper.WidgetContainer),6501)</visible>

                <onup>PreviousMenu</onup>
                <ondown>6501</ondown>
                
                <include content="DialogInfo_Button">
                    <param name="vertical">false</param>
                    <param name="icon">special://skin/extras/icons/starring.png</param>
                    <param name="visible">true</param>
                    <param name="id">03</param>
                    <param name="groupid">4003</param>
                    <param name="label">[CAPITALIZE]$INFO[Skin.String(VideoOSD.PersonCredits.CastCrew)][/CAPITALIZE]</param>
                    <param name="include_hintlabel">true</param>
                    <onclick condition="Skin.String(VideoOSD.PersonCredits.CastCrew,cast)">Skin.SetString(VideoOSD.PersonCredits.CastCrew,crew)</onclick>
                    <onclick condition="Skin.String(VideoOSD.PersonCredits.CastCrew,crew)">Skin.SetString(VideoOSD.PersonCredits.CastCrew,cast)</onclick>
                </include>
            </control>
        </control>
        
        <control type="group">
            <left>view_pad</left>
            <include>OSD_List_Dimensions</include>
            <control type="group">
                <top>-80</top>
                <include content="Widget_Busy">
                    <param name="label">$LOCALIZE[206]...</param>
                    <param name="visible">Container(6501).IsUpdating</param>
                    <param name="include">List_Poster_Row</param>
                    <visible>Integer.IsEqual(Window.Property(TMDBHelper.WidgetContainer),6501)</visible>
                </include>
                <include content="Widget_Busy" condition="Skin.HasSetting(InfoDialog.WidgetsPoster)">
                    <param name="label">$LOCALIZE[31415]...</param>
                    <param name="visible">Container(6539).IsUpdating</param>
                    <param name="include">List_Poster_Row</param>
                    <visible>Integer.IsEqual(Window.Property(TMDBHelper.WidgetContainer),6539)</visible>
                </include>
                <include content="Widget_Busy" condition="!Skin.HasSetting(InfoDialog.WidgetsPoster)">
                    <param name="label">$LOCALIZE[31415]...</param>
                    <param name="visible">Container(6539).IsUpdating</param>
                    <param name="include">List_Landscape_Row</param>
                    <visible>Integer.IsEqual(Window.Property(TMDBHelper.WidgetContainer),6539)</visible>
                </include>
            </control>
        </control>
    </controls>
</window>
