<?xml version="1.0" encoding="UTF-8"?>
<window type="window" id="1105">
    <include>Search_Window_Def</include>
    <onload>SetProperty(TMDbHelper.WidgetContainer,5001)</onload>
    <onload condition="String.IsEmpty(Window(Home).Property(TMDbHelper.UserDiscover.FolderPath))">SetProperty(TMDbHelper.UserDiscover.FolderPath,plugin://plugin.video.themoviedb.helper/?info=discover&amp;with_id=True&amp;tmdb_type=movie,Home)</onload>
    <onload condition="String.IsEmpty(Window(Home).Property(TMDbHelper.UserDiscover.FolderPath))">SetProperty(TMDbHelper.UserDiscover.FolderPath.Name,$LOCALIZE[467] $LOCALIZE[342],Home)</onload>
    <controls>
        <include>Search_View_Discover</include>
    </controls>
</window>
