<?xml version="1.0" encoding="UTF-8"?>
<window>
    <animation effect="fade" start="0" end="100" time="300">WindowOpen</animation>
    <animation effect="fade" end="0" start="100" time="300">WindowClose</animation>
    <onload>CancelAlarm(osd_timeout,true)</onload>
    <controls>
        <include content="Object_Control">
            <param name="control">image</param>
            <texture colordiffuse="panel_bg_70">background/floor.png</texture>
        </include>
        <control type="group">
            <left>view_side</left>
            <control type="group">
                <include content="OSD_Dialog_Background_Blur" condition="!VideoPlayer.Content(livetv)">
                    <param name="diffuse">diffuse/dialog_w1280_h510.png</param>
                </include>
                <include content="OSD_Dialog_Background_Blur" condition="VideoPlayer.Content(livetv)">
                    <param name="diffuse">diffuse/dialog_w1280_h740.png</param>
                </include>
                <include content="Animation_SlideIn_Dialog">
                    <param name="windowopen_delay">200</param>
                </include>
                <include content="Object_Height" condition="VideoPlayer.Content(livetv)">
                    <param name="height">740</param>
                </include>
                <include>OSD_Stream_Selector_Divider</include>
                <height>510</height>
                <width>1280</width>
                <left>-40</left>
                <bottom>160</bottom>
                <include content="Object_MenuHeader">
                    <param name="label">[CAPITALIZE]$LOCALIZE[10116][/CAPITALIZE]</param>
                    <param name="icon">special://skin/extras/icons/bars-progress.png</param>
                </include>
                <control type="group">
                    <left>40</left>
                    <right>40</right>
                    <bottom>70</bottom>
                    <control type="grouplist">
                        <top>140</top>
                        <right>0</right>
                        <width>50%</width>
                        <itemgap>12</itemgap>
                        <orientation>vertical</orientation>
                        <control type="textbox">
                            <height>auto</height>
                            <aligny>center</aligny>
                            <autoscroll>false</autoscroll>
                            <align>right</align>
                            <font>font_mini</font>
                            <textcolor>dialog_fg_90</textcolor>
                            <label>$INFO[PVR.ActStreamServiceName,[B]$LOCALIZE[19099][/B][CR]]</label>
                            <visible>VideoPlayer.Content(livetv)</visible>
                        </control>
                        <control type="textbox">
                            <height>auto</height>
                            <aligny>center</aligny>
                            <autoscroll>false</autoscroll>
                            <align>right</align>
                            <font>font_mini</font>
                            <textcolor>dialog_fg_90</textcolor>
                            <label>$INFO[PVR.ActStreamProviderName,[B]$LOCALIZE[19101][/B][CR]]</label>
                            <visible>VideoPlayer.Content(livetv)</visible>
                        </control>
                        <control type="textbox">
                            <height>auto</height>
                            <aligny>center</aligny>
                            <autoscroll>false</autoscroll>
                            <align>right</align>
                            <font>font_mini</font>
                            <textcolor>dialog_fg_90</textcolor>
                            <label>$INFO[PVR.ActStreamBer,[B]$LOCALIZE[19010][/B][CR]]</label>
                            <visible>VideoPlayer.Content(livetv)</visible>
                        </control>
                        <control type="textbox">
                            <height>auto</height>
                            <aligny>center</aligny>
                            <autoscroll>false</autoscroll>
                            <align>right</align>
                            <font>font_mini</font>
                            <textcolor>dialog_fg_90</textcolor>
                            <label>$INFO[PVR.ActStreamUnc,[B]$LOCALIZE[19011][/B][CR]]</label>
                            <visible>VideoPlayer.Content(livetv)</visible>
                        </control>
                        <control type="textbox">
                            <height>auto</height>
                            <aligny>center</aligny>
                            <autoscroll>false</autoscroll>
                            <align>right</align>
                            <font>font_mini</font>
                            <textcolor>dialog_fg_90</textcolor>
                            <label>$INFO[PVR.ActStreamMux,[B]$LOCALIZE[19100][/B][CR]]</label>
                            <visible>VideoPlayer.Content(livetv)</visible>
                        </control>
                        <control type="textbox">
                            <height>auto</height>
                            <aligny>center</aligny>
                            <autoscroll>false</autoscroll>
                            <align>right</align>
                            <font>font_mini</font>
                            <textcolor>dialog_fg_90</textcolor>
                            <label>$INFO[PVR.ActStreamStatus,[B]$LOCALIZE[19007][/B][CR]]</label>
                            <visible>VideoPlayer.Content(livetv)</visible>
                        </control>

                        <control type="textbox">
                            <height>auto</height>
                            <aligny>center</aligny>
                            <autoscroll>false</autoscroll>
                            <align>right</align>
                            <font>font_mini</font>
                            <textcolor>dialog_fg_90</textcolor>
                            <label>[B]$LOCALIZE[31216][/B][CR]$INFO[Player.Process(videodecoder),]$VAR[Label_VideoHWDecoder, (,)]$INFO[Player.Process(amlogic.displaymode),[CR],]</label>
                            <visible>!VideoPlayer.Content(livetv)</visible>
                        </control>
                        <control type="textbox">
                            <height>auto</height>
                            <aligny>center</aligny>
                            <autoscroll>false</autoscroll>
                            <align>right</align>
                            <font>font_mini</font>
                            <textcolor>dialog_fg_90</textcolor>
                            <label>[B]$LOCALIZE[31119] | $LOCALIZE[31217][/B][CR]$INFO[Player.Process(amlogic.pixformat),,  ]$INFO[Player.Process(pixformat)]$INFO[Player.Process(amlogic.eoft_gamut),[CR],]</label>
                            <visible>!VideoPlayer.Content(livetv)</visible>
                        </control>
                        <control type="textbox">
                            <height>auto</height>
                            <aligny>center</aligny>
                            <autoscroll>false</autoscroll>
                            <align>right</align>
                            <font>font_mini</font>
                            <textcolor>dialog_fg_90</textcolor>
                            <label>[B]$LOCALIZE[20474] | $LOCALIZE[16038][/B][CR]$VAR[Label_VideoHDRCodec]$INFO[Player.Process(deintmethod),  |  ,]</label>
                            <visible>!VideoPlayer.Content(livetv)</visible>
                        </control>
                    </control>
                    <control type="grouplist">
                        <top>140</top>
                        <left>0</left>
                        <width>50%</width>
                        <itemgap>12</itemgap>
                        <orientation>vertical</orientation>
                        <control type="textbox">
                            <height>auto</height>
                            <aligny>center</aligny>
                            <autoscroll>false</autoscroll>
                            <align>left</align>
                            <font>font_mini</font>
                            <textcolor>dialog_fg_90</textcolor>
                            <label>$INFO[PVR.ActStreamDevice,[B]$LOCALIZE[19006][/B][CR]]</label>
                            <visible>VideoPlayer.Content(livetv)</visible>
                        </control>
                        <control type="textbox">
                            <height>auto</height>
                            <aligny>center</aligny>
                            <autoscroll>false</autoscroll>
                            <align>left</align>
                            <font>font_mini</font>
                            <textcolor>dialog_fg_90</textcolor>
                            <label>$INFO[PVR.ActStreamEncryptionName,[B]$LOCALIZE[19015][/B][CR]]</label>
                            <visible>VideoPlayer.Content(livetv)</visible>
                        </control>
                        <control type="textbox">
                            <height>auto</height>
                            <aligny>center</aligny>
                            <autoscroll>false</autoscroll>
                            <align>left</align>
                            <font>font_mini</font>
                            <textcolor>dialog_fg_90</textcolor>
                            <label>$INFO[PVR.ActStreamSignal,[B]$LOCALIZE[19008][/B][CR]]</label>
                            <visible>VideoPlayer.Content(livetv)</visible>
                        </control>
                        <control type="group">
                            <height>40</height>
                            <control type="progress">
                                <top>0</top>
                                <width>400</width>
                                <height>18</height>
                                <info>PVR.ActStreamProgrSignal</info>
                            </control>
                            <visible>VideoPlayer.Content(livetv)</visible>
                        </control>
                        <control type="textbox">
                            <height>auto</height>
                            <aligny>center</aligny>
                            <autoscroll>false</autoscroll>
                            <align>left</align>
                            <font>font_mini</font>
                            <textcolor>dialog_fg_90</textcolor>
                            <label>$INFO[PVR.ActStreamSNR,[B]$LOCALIZE[19009][/B][CR]]</label>
                            <visible>VideoPlayer.Content(livetv)</visible>
                        </control>
                        <control type="group">
                            <height>30</height>
                            <control type="progress">
                                <top>0</top>
                                <width>400</width>
                                <height>18</height>
                                <info>PVR.ActStreamProgrSNR</info>
                            </control>
                            <visible>VideoPlayer.Content(livetv)</visible>
                        </control>
                        <control type="textbox">
                            <height>auto</height>
                            <aligny>center</aligny>
                            <autoscroll>false</autoscroll>
                            <align>left</align>
                            <font>font_mini</font>
                            <textcolor>dialog_fg_90</textcolor>
                            <label>$INFO[PVR.ActStreamClient,[B]$LOCALIZE[19012][/B][CR]]</label>
                            <visible>VideoPlayer.Content(livetv)</visible>
                        </control>

                        <control type="textbox">
                            <height>auto</height>
                            <aligny>center</aligny>
                            <autoscroll>false</autoscroll>
                            <align>left</align>
                            <font>font_mini</font>
                            <textcolor>dialog_fg_90</textcolor>
                            <label>[B]$LOCALIZE[38031][/B][CR]$INFO[Player.Process(videowidth),,x]$INFO[Player.Process(videoheight),, $LOCALIZE[31261]]$INFO[Player.Process(videodar),$COMMA , $LOCALIZE[31260]]$INFO[Player.Process(videofps),$COMMA , $LOCALIZE[31259]]$INFO[VideoPlayer.VideoBitrate,$COMMA , kb/s]</label>
                            <visible>!VideoPlayer.Content(livetv)</visible>
                        </control>
                        <control type="textbox">
                            <height>auto</height>
                            <aligny>center</aligny>
                            <autoscroll>false</autoscroll>
                            <align>left</align>
                            <font>font_mini</font>
                            <textcolor>dialog_fg_90</textcolor>
                            <label>[B]$LOCALIZE[460][/B][CR]$INFO[Player.Process(audiodecoder)]$INFO[Player.Process(audiobitspersample),$COMMA , $LOCALIZE[31263]]$INFO[Player.Process(audiosamplerate),$COMMA , $LOCALIZE[31262]]$INFO[VideoPlayer.AudioBitrate,$COMMA , kb/s]$INFO[Player.Process(audiochannels),[CR],]</label>
                            <visible>!VideoPlayer.Content(livetv)</visible>
                        </control>
                        <control type="textbox">
                            <height>auto</height>
                            <aligny>center</aligny>
                            <autoscroll>false</autoscroll>
                            <align>left</align>
                            <font>font_mini</font>
                            <textcolor>dialog_fg_90</textcolor>
                            <label>[B]$LOCALIZE[31256][/B][CR]$LOCALIZE[31117]: $INFO[system.memory(used)] / $INFO[system.memory(total)] - $INFO[System.Memory(used.percent)][CR]$LOCALIZE[31258]:$INFO[System.CpuFrequency, , ]$VAR[Label_System_Temp, , ]$INFO[System.CpuUsage, ,]</label>
                            <visible>!VideoPlayer.Content(livetv)</visible>
                        </control>
                    </control>
                    <control type="label">
                        <bottom>-30</bottom>
                        <height>40</height>
                        <align>left</align>
                        <font>font_hint_bold</font>
                        <textcolor>dialog_fg_30</textcolor>
                        <label>$INFO[Player.FileNameAndPath]</label>
                        <visible>!String.IsEmpty(Player.FileNameAndPath)</visible>
                    </control>
                </control>
            </control>
            <control type="group">
                <centerbottom>100</centerbottom>
                <left>-40</left>
                <right>view_pad</right>
                <height>80</height>
                <include>OSD_Codecs</include>
            </control>
        </control>



    </controls>        
</window>
