<?xml version="1.0" encoding="UTF-8"?>
<window>
    <zorder>0</zorder>
    <defaultcontrol>11</defaultcontrol>
    <onload>CancelAlarm(osd_timeout,true)</onload>
    <onload>SetProperty(TMDbHelper.WidgetContainer,11)</onload>
    <onload>SetProperty(ChannelIcon,$ESCINFO[Player.Icon])</onload>
    <controls>

        <include condition="Window.IsMedia">Defs_Background_Loader</include>

        <control type="group">
            <include condition="Window.IsMedia">Animation_View_SlideOver</include>

            <include content="View_Bumper" condition="Window.IsMedia">
                <param name="groupid">50</param>
            </include>

            <control type="group">
                <include condition="!Window.IsMedia">Animation_OSD_Dialog_WindowChange</include>
                <control type="group">
                    <visible>!Window.IsActive(pvrosdchannels)</visible>
                    <visible>!Window.IsActive(1141)</visible>
                    <include condition="!Window.IsMedia">Animation_OSD_Dialog_VisibleChange</include>
                    <control type="group">
                        <include>OSD_Info_Dimensions</include>

                        <control type="group">
                            <left>view_pad</left>
                            <right>view_pad</right>
                            <width>view_landscape_item_w</width>
                            <height>view_landscape_item_h</height>
                            <visible>Integer.IsEqual(Container(11).NumItems,0)</visible>
                            <include>Object_ItemBack</include>
                            <control type="image">
                                <width>128</width>
                                <height>128</height>
                                <centerleft>50%</centerleft>
                                <centertop>50%</centertop>
                                <texture colordiffuse="panel_fg_70">special://skin/extras/icons/image.png</texture>
                            </control>
                        </control>

                        <!-- Episodes List -->
                        <include content="List_Landscape_Row">
                            <param name="orientation">horizontal</param>
                            <param name="control">fixedlist</param>
                            <param name="id">11</param>
                            <include>OSD_List_Dimensions</include>
                            <onup>Close</onup>
                            <ondown condition="!Window.IsMedia">ActivateWindow($VAR[Action_OSD_PVROSDGuide_OnDown])</ondown>
                            <ondown condition="Window.IsMedia">Close</ondown>
                        </include>
                        
                        <!-- Playing Icon and Details -->
                        <include content="OSD_Info_Tray" condition="!Window.IsMedia">
                            <param name="icon">$INFO[Window.Property(ChannelIcon)]</param>
                            <param name="role">$INFO[Container(11).ListItem.ChannelName]</param>
                            <param name="name">$INFO[Container(11).ListItem.ChannelNumberLabel,$LOCALIZE[19029] ,]</param>
                            <param name="text">$VAR[Label_Plot_C11]</param>
                            <param name="fallback_icon">-</param>
                        </include>

                        <include content="OSD_Info_Viewline">
                            <param name="label">$LOCALIZE[19686]</param>
                        </include>

                    </control>
                </control>
            </control>

            <control type="group">
                <visible>Window.IsMedia</visible>
                <control type="group">
                    <include>Info_Panel_Dimensions</include>
                    <include content="Info_Panel" condition="Window.IsMedia">
                        <param name="container">Container(11).</param>
                        <param name="titlelabel">$VAR[Label_Title_C11]</param>
                        <param name="plotlabel">$VAR[Label_Plot_C11]</param>
                    </include>
                </control>
                <control type="group">
                    <height>80</height>
                    <left>view_pad</left>
                    <centerbottom>100</centerbottom>
                    <control type="group">
                        <animation effect="fade" start="100" end="30" condition="true">Conditional</animation>
                        <include content="Info_Viewline">
                            <param name="label">Channel: $INFO[Container(11).ListItem.ChannelName]$INFO[Container(11).ListItem.ChannelNumberLabel, (,)]</param>
                            <param name="top">20</param>
                            <param name="left">0</param>
                        </include>
                    </control>
                </control>
            </control>
            <include condition="Window.IsMedia">View_Row_Header</include>
            <include condition="Window.IsMedia">View_Dialog_Plot</include>
        </control>
    </controls>
</window>
