<?xml version="1.0" encoding="UTF-8"?>
<window type="dialog">
    <zorder>1001</zorder>
    <controls>

        <include content="Furniture_Busy">
            <param name="hasprogress">true</param>
            <param name="spinspinner">Window.IsActive(DialogBusy.xml)</param>
            <param name="icon">special://skin/extras/icons/kodi.png</param>
            <param name="progress">Control.GetLabel(32)</param>
            <param name="progress_id">32</param>
            <param name="minilabel">$INFO[Control.GetLabel(31)]$INFO[Control.GetLabel(32), - ,%]</param>
            <param name="mainlabel_id">30</param>
            <param name="visible">!Window.IsActive(DialogNotification.xml) + ![Window.IsActive(fullscreenvideo) | Window.IsActive(visualisation)]</param>
            <param name="visible_condition">!$EXP[Exp_FurnitureBusy_AnimationCond_DialogExtendedProgressBar]</param>
            <param name="windowopen_condition">!$EXP[Exp_FurnitureBusy_AnimationCond_DialogExtendedProgressBar]</param>
        </include>

        <control type="label" id="30">
            <include>Object_Hidden_Item_Definition</include>
        </control>
        <control type="label" id="31">
            <include>Object_Hidden_Item_Definition</include>
        </control>
        <control type="progress" id="32">
            <include>Object_Hidden_Item_Definition</include>
            <info>Player.Progress</info>
        </control>
    </controls>
</window>
