<?xml version="1.0" encoding="UTF-8"?>
<window type="dialog">
    <zorder>1003</zorder>
    <controls>

        <include content="Furniture_Busy">
            <param name="hasprogress">true</param>
            <param name="hasbackground">Skin.HasSetting(ToastNotifications.Tabbed)</param>
            <param name="icon">$VAR[Image_VolumeIcon]</param>
            <param name="progress">Control.GetLabel(933)</param>
            <param name="progress_id">933</param>
            <param name="mainlabel">$LOCALIZE[13376]$INFO[Control.GetLabel(933), ,%]</param>
            <param name="minilabel">$INFO[Player.Volume]</param>
            <param name="haslabel">Skin.HasSetting(ToastNotifications.Tabbed)</param>
            <param name="hasbackground">Skin.HasSetting(ToastNotifications.Tabbed)</param>
            <param name="visible">!$EXP[Exp_FurnitureBusy_AnimationCond_DialogVolumeBar]</param>
            <param name="windowopen_condition">!$EXP[Exp_FurnitureBusy_AnimationCond_DialogVolumeBar]</param>
            <param name="flipspinner">false</param>
        </include>

        <control type="label" id="31">
            <include>Object_Hidden_Item_Definition</include>
        </control>

        <control type="progress" id="933">
            <include>Object_Hidden_Item_Definition</include>
            <info>Player.Volume</info>
        </control>
    </controls>
</window>
