<?xml version="1.0" encoding="UTF-8"?>
<includes>

    <!-- View ItemLayouts -->
    <constant name="view_poster_itemlayout_h">334</constant>
    <constant name="-view_poster_itemlayout_h">-334</constant>
    <constant name="view_poster_item_h">294</constant>
    <constant name="-view_poster_item_h">-294</constant>
    <constant name="view_poster_itemlayout_w">240</constant>
    <constant name="-view_poster_itemlayout_w">-240</constant>
    <constant name="view_poster_item_w">200</constant>
    <constant name="-view_poster_item_w">-200</constant>
    
    <constant name="view_quad_itemlayout_w">334</constant>
    <constant name="-view_quad_itemlayout_w">-334</constant>
    <constant name="view_quad_item_w">294</constant>
    <constant name="-view_quad_item_w">-294</constant>

    <constant name="view_card_item_w">680</constant>
    <constant name="-view_card_item_w">-680</constant>
    <constant name="view_card_itemlayout_w">720</constant>
    <constant name="-view_card_itemlayout_w">-720</constant>

    <constant name="view_landscape_itemlayout_w">420</constant>
    <constant name="-view_landscape_itemlayout_w">-420</constant>
    <constant name="view_landscape_item_w">380</constant>
    <constant name="-view_landscape_item_w">-380</constant>
    <constant name="view_landscape_itemlayout_h">254</constant>
    <constant name="-view_landscape_itemlayout_h">-254</constant>
    <constant name="view_landscape_item_h">214</constant>
    <constant name="-view_landscape_item_h">-214</constant>

    <constant name="view_board_itemlayout_w">560</constant>
    <constant name="-view_board_itemlayout_w">-560</constant>
    <constant name="view_board_item_w">520</constant>
    <constant name="-view_board_item_w">-520</constant>

    <constant name="view_banner_itemlayout_w">1680</constant>
    <constant name="-view_banner_itemlayout_w">-1680</constant>
    <constant name="view_banner_item_w">1640</constant>
    <constant name="-view_banner_item_w">-1640</constant>

</includes>