<?xml version="1.0" encoding="UTF-8"?>
<includes>

    <!-- 2520 x 1080 -->
    <constant name="view_touchmode_edge_r">0</constant>
    <constant name="dialog_full_side">960</constant>
    <constant name="alphabet_w">82.96</constant>
    <constant name="view_wrap_r">0</constant>

    <constant name="keyboard_shadow_x">-480</constant>

    <constant name="view_settings_itemlayout_w">600</constant>
    <constant name="-view_settings_itemlayout_w">-600</constant>
    <constant name="view_settings_item_w">560</constant>
    <constant name="-view_settings_item_w">-560</constant>

    <!-- 4 columns in wall due to extra width -->
    <constant name="view_listwall_itemlayout_w">580</constant>
    <constant name="-view_listwall_itemlayout_w">-580</constant>

    <!-- AddonBrowser uses triple pane due to increased width -->
    <constant name="view_addonbrowser_itemlayout_w">970</constant>
    <constant name="-view_addonbrowser_itemlayout_w">-970</constant>
    <constant name="view_addonbrowser_item_w">930</constant>
    <constant name="-view_addonbrowser_item_w">-930</constant>

</includes>