<?xml version="1.0" encoding="UTF-8"?>
<includes>

    <!-- 2340 x 1080 -->
    <constant name="view_touchmode_edge_r">0</constant>
    <constant name="dialog_full_side">780</constant>
    <constant name="alphabet_w">76.30</constant>
    <constant name="view_wrap_r">0</constant>
    <constant name="keyboard_shadow_x">-480</constant>


    <constant name="view_settings_itemlayout_w">555</constant>
    <constant name="-view_settings_itemlayout_w">-555</constant>
    <constant name="view_settings_item_w">515</constant>
    <constant name="-view_settings_item_w">-515</constant>

    <!-- 4 columns in wall due to extra width -->
    <constant name="view_listwall_itemlayout_w">535</constant>
    <constant name="-view_listwall_itemlayout_w">-535</constant>

    <!-- AddonBrowser uses triple pane due to increased width -->
    <constant name="view_addonbrowser_itemlayout_w">880</constant>
    <constant name="-view_addonbrowser_itemlayout_w">-880</constant>
    <constant name="view_addonbrowser_item_w">840</constant>
    <constant name="-view_addonbrowser_item_w">-840</constant>

</includes>