<?xml version="1.0" encoding="UTF-8"?>
<includes>

    <!-- ============= -->
    <!-- Movement Defs -->
    <!-- ============= -->
    <!-- 9 Item: Icon -->
    <include name="List_Icon_Row_Movement">
        <include content="Object_Movement" condition="$EXP[Exp_HomeMenu_IsStatic_Movement]">
            <param name="movement">view_icon_movement_downsize</param>
        </include>
        <movement>view_icon_movement</movement>
    </include>
    <!-- 7 Item: Poster, Square -->
    <include name="List_Poster_Row_Movement">
        <include content="Object_Movement" condition="$EXP[Exp_HomeMenu_IsStatic_Movement]">
            <param name="movement">view_poster_movement_downsize</param>
        </include>
        <movement>view_poster_movement</movement>
    </include>
    <!-- 6 Item: Apps -->
    <include name="List_Apps_Row_Movement">
        <include content="Object_Movement" condition="$EXP[Exp_HomeMenu_IsStatic_Movement]">
            <param name="movement">view_apps_movement_downsize</param>
        </include>
        <movement>view_apps_movement</movement>
    </include>
    <!-- 5 Item: Card -->
    <include name="List_Card_Row_Movement">
        <include content="Object_Movement" condition="$EXP[Exp_HomeMenu_IsStatic_Movement]">
            <param name="movement">view_card_movement_downsize</param>
        </include>
        <movement>view_card_movement</movement>
    </include>
    <!-- 4 Item: Landscape -->
    <include name="List_Landscape_Row_Movement">
        <include content="Object_Movement" condition="$EXP[Exp_HomeMenu_IsStatic_Movement]">
            <param name="movement">view_landscape_movement_downsize</param>
        </include>
        <movement>view_landscape_movement</movement>
    </include>
    <!-- 3 Item: Board -->
    <include name="List_Board_Row_Movement">
        <include content="Object_Movement" condition="$EXP[Exp_HomeMenu_IsStatic_Movement] ">
            <param name="movement">view_board_movement_downsize</param>
        </include>
        <movement>view_board_movement</movement>
    </include>
    <!-- 1 Item: Banner -->
    <include name="List_Banner_Row_Movement">
        <movement>0</movement>
    </include>




    <include name="List_Button_Row">
        <param name="item_h">80</param>
        <param name="itemlayout_h">120</param>
        <param name="detailed">false</param>
        <param name="orientation">horizontal</param>
        <param name="control">fixedlist</param>
        <param name="item_w">240</param>
        <param name="itemlayout_w">280</param>
        <param name="itemlayout_include">Layout_Button</param>
        <definition>
            <include content="List_Core">
                <param name="id">$PARAM[id]</param>
                <param name="detailed">$PARAM[detailed]</param>
                <param name="orientation">$PARAM[orientation]</param>
                <param name="control">$PARAM[control]</param>
                <param name="item_w">$PARAM[item_w]</param>
                <param name="item_h">$PARAM[item_h]</param>
                <param name="itemlayout_w">$PARAM[itemlayout_w]</param>
                <param name="itemlayout_h">$PARAM[itemlayout_h]</param>
                <param name="itemlayout_include">$PARAM[itemlayout_include]</param>
                <param name="offset_x">$PARAM[offset_x]</param>
                <param name="offset_y">$PARAM[offset_y]</param>
                <param name="icon">$PARAM[icon]</param>
                <param name="art">$PARAM[art]</param>
                <param name="misc">$PARAM[misc]</param>
                <param name="variation">$PARAM[variation]</param>
                <param name="indicator">$PARAM[indicator]</param>
                <nested />
            </include>
        </definition>
    </include>

    <include name="List_Reviews_Row">
        <param name="item_h">view_poster_item_h</param>
        <param name="itemlayout_h">view_poster_itemlayout_h</param>
        <param name="item_w">view_board_item_w</param>
        <param name="itemlayout_w">view_board_itemlayout_w</param>
        <definition>
            <include content="List_Core">
                <param name="orientation">horizontal</param>
                <param name="control">fixedlist</param>
                <param name="id">$PARAM[id]</param>
                <param name="item_w">$PARAM[item_w]</param>
                <param name="item_h">$PARAM[item_h]</param>
                <param name="itemlayout_w">$PARAM[itemlayout_w]</param>
                <param name="itemlayout_h">$PARAM[itemlayout_h]</param>
                <param name="itemlayout_include">Layout_Reviews</param>
                <param name="icon">$PARAM[icon]</param>
                <param name="textcolor">$PARAM[textcolor]</param>
                <param name="offset_x">$PARAM[offset_x]</param>
                <param name="offset_y">$PARAM[offset_y]</param>
                <param name="shadow_colordiffuse">$PARAM[shadow_colordiffuse]</param>
                <param name="hidden_button_enabled">$PARAM[hidden_button_enabled]</param>
                <param name="hidden_button">$PARAM[hidden_button]</param>
                <nested />
                <include>List_Board_Row_Movement</include>
            </include>
        </definition>
    </include>

    <include name="List_EPGGrid">
        <param name="programheight">80</param>
        <param name="programwidth">480</param>
        <param name="channelheight">80</param>
        <param name="channelwidth">420</param>
        <param name="rulerheight">55</param>
        <param name="rulerdateheight">105</param>
        <param name="include_channels">Layout_PVRGuide_Channels</param>
        <param name="include_programs">Layout_PVRGuide_Programs</param>
        <param name="include_ruler">Layout_PVRGuide_Ruler</param>
        <param name="channelbottom">0</param>
        <param name="channelright">20</param>
        <param name="rulerunit">6</param>
        <param name="timeblocks">24</param>
        <param name="programs_left">0</param>
        <param name="programs_left_text">40</param>
        <param name="programs_left_text_slide">70</param>
        <definition>
            <control type="epggrid" id="$PARAM[id]">
                <nested />
                <scrolltime tween="quadratic">300</scrolltime>
                <timeblocks>$PARAM[timeblocks]</timeblocks>
                <rulerunit>$PARAM[rulerunit]</rulerunit>
                <rulerdatelayout height="$PARAM[rulerdateheight]"  width="$PARAM[rulerdatewidth]" />
                <rulerlayout height="$PARAM[rulerheight]" width="$PARAM[rulerwidth]">
                    <include>$PARAM[include_ruler]</include>
                </rulerlayout>
                <channellayout height="$PARAM[channelheight]" width="$PARAM[channelwidth]">
                    <include content="$PARAM[include_channels]">
                        <param name="detailed">$PARAM[detailed]</param>
                        <param name="bottom">$PARAM[channelbottom]</param>
                        <param name="right">$PARAM[channelright]</param>
                    </include>
                </channellayout>
                <focusedchannellayout height="$PARAM[channelheight]" width="$PARAM[channelwidth]">
                    <include content="$PARAM[include_channels]">
                        <param name="selected">false</param>
                        <param name="detailed">$PARAM[detailed]</param>
                        <param name="bottom">$PARAM[channelbottom]</param>
                        <param name="right">$PARAM[channelright]</param>

                        <visible>[$EXP[Exp_PVRGuide_NoFocus]]</visible>
                    </include>
                    <include content="$PARAM[include_channels]">
                        <param name="selected">true</param>
                        <param name="detailed">$PARAM[detailed]</param>
                        <param name="bottom">$PARAM[channelbottom]</param>
                        <param name="right">$PARAM[channelright]</param>

                        <visible>![$EXP[Exp_PVRGuide_NoFocus]]</visible>
                    </include>
                </focusedchannellayout>
                <itemlayout height="$PARAM[programheight]" width="$PARAM[programwidth]">
                    <include content="$PARAM[include_programs]">
                        <param name="detailed">$PARAM[detailed]</param>
                        <param name="border">$PARAM[border]</param>
                        <param name="border_genre">$PARAM[border_genre]</param>
                        <param name="left">$PARAM[programs_left]</param>
                        <param name="left_text">$PARAM[programs_left_text]</param>
                        <param name="left_text_slide">$PARAM[programs_left_text_slide]</param>
                    </include>
                </itemlayout>
                <focusedlayout height="$PARAM[programheight]" width="$PARAM[programwidth]">
                    <include content="$PARAM[include_programs]">
                        <param name="selected">false</param>
                        <param name="visible">[$EXP[Exp_PVRGuide_NoFocus]]</param>
                        <param name="detailed">$PARAM[detailed]</param>
                        <param name="border">$PARAM[border]</param>
                        <param name="border_genre">$PARAM[border_genre]</param>
                        <param name="left">$PARAM[programs_left]</param>
                        <param name="left_text">$PARAM[programs_left_text]</param>
                        <param name="left_text_slide">$PARAM[programs_left_text_slide]</param>
                    </include>
                    <include content="$PARAM[include_programs]">
                        <param name="selected">true</param>
                        <param name="visible">![$EXP[Exp_PVRGuide_NoFocus]]</param>
                        <param name="detailed">$PARAM[detailed]</param>
                        <param name="border">$PARAM[border]</param>
                        <param name="border_genre">$PARAM[border_genre]</param>
                        <param name="left">$PARAM[programs_left]</param>
                        <param name="left_text">$PARAM[programs_left_text]</param>
                        <param name="left_text_slide">$PARAM[programs_left_text_slide]</param>
                    </include>
                </focusedlayout>
            </control>
        </definition>
    </include>

    <include name="List_DialogSelect">
        <param name="item_height">80</param>
        <param name="detailed">false</param>
        <param name="itemlayout_include">Layout_DialogSelect</param>
        <param name="control">list</param>
        <param name="orientation">vertical</param>
        <definition>
            <include content="List_Core">
                <param name="orientation">$PARAM[orientation]</param>
                <param name="control">$PARAM[control]</param>
                <param name="id">$PARAM[id]</param>
                <param name="altfocus">$PARAM[altfocus]</param>
                <param name="item_h">$PARAM[item_height]</param>
                <param name="itemlayout_h">$PARAM[item_height]</param>
                <param name="item_w">$PARAM[item_w]</param>
                <param name="itemlayout_w">$PARAM[itemlayout_w]</param>
                <param name="itemlayout_include">$PARAM[itemlayout_include]</param>
                <param name="detailed">$PARAM[detailed]</param>
                <param name="variation">$PARAM[variation]</param>
                <param name="misc">$PARAM[misc]</param>
                <param name="icon">$PARAM[icon]</param>
                <param name="offset_x">0</param>
                <param name="offset_y">0</param>
                <param name="textcolor">$PARAM[textcolor]</param>
                <param name="hidden_button_enabled">$PARAM[hidden_button_enabled]</param>
                <param name="hidden_button">$PARAM[hidden_button]</param>
                <nested />
            </include>
        </definition>
    </include>

    <include name="List_IconBrowser">
        <param name="item_w">520</param>
        <param name="item_h">140</param>
        <param name="itemlayout_w">560</param>
        <param name="itemlayout_h">180</param>
        <definition>
            <include content="List_Core">
                <param name="orientation">vertical</param>
                <param name="control">panel</param>
                <param name="id">$PARAM[id]</param>
                <param name="item_w">$PARAM[item_w]</param>
                <param name="item_h">$PARAM[item_h]</param>
                <param name="itemlayout_w">$PARAM[itemlayout_w]</param>
                <param name="itemlayout_h">$PARAM[itemlayout_h]</param>
                <param name="itemlayout_include">Layout_IconBrowser</param>
                <param name="detailed">$PARAM[detailed]</param>
                <param name="offset_y">40</param>
                <param name="offset_x">40</param>
                <nested />
            </include>
        </definition>
    </include>

    <include name="List_AddonCategories">
        <param name="itemlayout_include">Layout_Iconic</param>
        <param name="width">440</param>
        <param name="height">80</param>
        <param name="detailed">false</param>
        <param name="orientation">vertical</param>
        <param name="control">list</param>
        <definition>
            <include content="List_Core">
                <param name="orientation">$PARAM[orientation]</param>
                <param name="control">$PARAM[control]</param>
                <param name="id">$PARAM[id]</param>
                <param name="item_w">$PARAM[width]</param>
                <param name="item_h">$PARAM[height]</param>
                <param name="itemlayout_w">$PARAM[width]</param>
                <param name="itemlayout_h">$PARAM[height]</param>
                <param name="offset_x">0</param>
                <param name="offset_y">0</param>
                <param name="itemlayout_include">$PARAM[itemlayout_include]</param>
                <param name="altfocus">$PARAM[altfocus]</param>
                <param name="detailed">$PARAM[detailed]</param>
                <param name="misc">$PARAM[misc]</param>
                <param name="textcolor">$PARAM[textcolor]</param>
                <nested />
            </include>
        </definition>
    </include>

    <include name="_List_Card_Row">
        <param name="control">fixedlist</param>
        <param name="altfocus">false</param>
        <param name="detailed">false</param>
        <param name="indicator">true</param>
        <param name="offset_x">view_offx</param>
        <param name="offset_y">80</param>
        <param name="item_w">view_card_item_w</param>
        <param name="item_h">view_poster_item_h</param>
        <param name="itemlayout_w">view_card_itemlayout_w</param>
        <param name="itemlayout_h">view_poster_itemlayout_h</param>
        <param name="itemlayout_include">Layout_Card</param>
        <param name="hidden_button_enabled">false</param>
        <param name="hidden_button">List_Widget_Row_HiddenButton</param>
        <definition>
            <include content="List_Core">
                <param name="orientation">horizontal</param>
                <param name="control">$PARAM[control]</param>
                <param name="id">$PARAM[id]</param>

                <param name="item_w">view_poster_item_w</param>
                <param name="item_h">view_poster_item_h</param>
                <param name="itemlayout_w">view_poster_itemlayout_w</param>
                <param name="itemlayout_h">view_poster_itemlayout_h</param>
                <param name="itemlayout_include">Layout_Poster</param>
                <param name="icon">$VAR[Image_Poster_Combined_C553]</param>

                <param name="focusedlayout_special">true</param>
                <param name="offset_y">$PARAM[offset_y]</param>
                <param name="offset_x">$PARAM[offset_x]</param>
                <param name="detailed">$PARAM[detailed]</param>

                <param name="hidden_button_enabled">$PARAM[hidden_button_enabled]</param>
                <param name="hidden_button">$PARAM[hidden_button]</param>
                <nested />
                <focusedlayout width="$PARAM[itemlayout_w]" height="$PARAM[itemlayout_h]">
                    <include condition="$PARAM[hidden_button_enabled]" content="$PARAM[hidden_button]">
                        <param name="id">$PARAM[id]</param>
                    </include>
                    <control type="group">
                        <left>$PARAM[offset_x]</left>
                        <right>-$PARAM[offset_x]</right>
                        <top>$PARAM[offset_y]</top>
                        <bottom>-$PARAM[offset_y]</bottom>
                        <control type="group">
                            <animation effect="fade" start="100" end="0" condition="[Control.HasFocus($PARAM[id]) | $PARAM[altfocus]]">Conditional</animation>
                            <include content="$PARAM[itemlayout_include]">
                                <param name="selected">false</param>
                                <param name="item_w">$PARAM[item_w]</param>
                                <param name="item_h">$PARAM[item_h]</param>
                                <param name="misc">$PARAM[misc]</param>
                                <param name="id">$PARAM[id]</param>
                                <param name="detailed">$PARAM[detailed]</param>
                                <param name="indicator">$PARAM[indicator]</param>
                                <param name="variation">$PARAM[variation]</param>
                                <param name="diffuse">$PARAM[diffuse]</param>
                                <param name="icon">$PARAM[icon]</param>
                                <param name="textcolor">$PARAM[textcolor]</param>
                                <param name="shadow_colordiffuse">$PARAM[shadow_colordiffuse]</param>
                            </include>
                        </control>
                        <control type="group">
                            <animation effect="fade" start="100" end="0" condition="![Control.HasFocus($PARAM[id]) | $PARAM[altfocus]]">Conditional</animation>
                            <include content="$PARAM[itemlayout_include]">
                                <param name="selected">true</param>
                                <param name="item_w">$PARAM[item_w]</param>
                                <param name="item_h">$PARAM[item_h]</param>
                                <param name="misc">$PARAM[misc]</param>
                                <param name="id">$PARAM[id]</param>
                                <param name="detailed">$PARAM[detailed]</param>
                                <param name="indicator">$PARAM[indicator]</param>
                                <param name="variation">$PARAM[variation]</param>
                                <param name="diffuse">$PARAM[diffuse]</param>
                                <param name="icon">$PARAM[icon]</param>
                                <param name="textcolor">$PARAM[textcolor]</param>
                                <param name="shadow_colordiffuse">$PARAM[shadow_colordiffuse]</param>
                            </include>
                        </control>
                    </control>
                </focusedlayout>
            </include>
        </definition>
    </include>

    <include name="List_Card_Row">
        <definition>
            <include content="_List_Card_Row">
                <param name="misc">$PARAM[misc]</param>
                <param name="id">$PARAM[id]</param>
                <param name="detailed">$PARAM[detailed]</param>
                <param name="indicator">$PARAM[indicator]</param>
                <param name="variation">false</param>
                <param name="diffuse">$PARAM[diffuse]</param>
                <param name="icon">$PARAM[icon]</param>
                <param name="textcolor">$PARAM[textcolor]</param>
                <param name="shadow_colordiffuse">$PARAM[shadow_colordiffuse]</param>
                <param name="offset_x">$PARAM[offset_x]</param>
                <param name="offset_y">$PARAM[offset_y]</param>
                <param name="control">fixedlist</param>
                <param name="hidden_button_enabled">$PARAM[hidden_button_enabled]</param>
                <param name="hidden_button">$PARAM[hidden_button]</param>
                <nested />
                <include>List_Card_Row_Movement</include>
            </include>
        </definition>
    </include>
    
    <include name="List_Corflute_Row">
        <definition>
            <include content="_List_Card_Row">
                <param name="misc">$PARAM[misc]</param>
                <param name="id">$PARAM[id]</param>
                <param name="detailed">$PARAM[detailed]</param>
                <param name="indicator">$PARAM[indicator]</param>
                <param name="variation">true</param>
                <param name="diffuse">$PARAM[diffuse]</param>
                <param name="icon">$PARAM[icon]</param>
                <param name="textcolor">$PARAM[textcolor]</param>
                <param name="shadow_colordiffuse">$PARAM[shadow_colordiffuse]</param>
                <param name="offset_x">$PARAM[offset_x]</param>
                <param name="offset_y">$PARAM[offset_y]</param>
                <param name="control">fixedlist</param>
                <param name="hidden_button_enabled">$PARAM[hidden_button_enabled]</param>
                <param name="hidden_button">$PARAM[hidden_button]</param>
                <nested />
                <include>List_Card_Row_Movement</include>
            </include>
        </definition>
    </include>

    <include name="List_Banner_Row">
        <param name="orientation">horizontal</param>
        <param name="control">fixedlist</param>
        <definition>
            <include content="List_Core">
                <param name="orientation">$PARAM[orientation]</param>
                <param name="control">$PARAM[control]</param>
                <param name="id">$PARAM[id]</param>
                <param name="item_w">view_banner_item_w</param>
                <param name="item_h">view_poster_item_h</param>
                <param name="itemlayout_w">view_banner_itemlayout_w</param>
                <param name="itemlayout_h">view_poster_itemlayout_h</param>
                <param name="itemlayout_include">Layout_Banner</param>
                <param name="offset_y">$PARAM[offset_y]</param>
                <param name="detailed">$PARAM[detailed]</param>
                <param name="hidden_button_enabled">$PARAM[hidden_button_enabled]</param>
                <param name="hidden_button">$PARAM[hidden_button]</param>
                <nested />
                <include>List_Banner_Row_Movement</include>
            </include>
        </definition>
    </include>  
    
    <include name="List_MiniBanner_Row">
        <param name="orientation">horizontal</param>
        <param name="control">fixedlist</param>
        <param name="item_w">view_board_item_w</param>
        <param name="item_h">100</param>
        <param name="itemlayout_w">view_board_itemlayout_w</param>
        <param name="itemlayout_h">140</param>
        <definition>
            <include content="List_Core">
                <param name="orientation">$PARAM[orientation]</param>
                <param name="control">$PARAM[control]</param>
                <param name="id">$PARAM[id]</param>
                <param name="item_w">$PARAM[item_w]</param>
                <param name="item_h">$PARAM[item_h]</param>
                <param name="itemlayout_w">$PARAM[itemlayout_w]</param>
                <param name="itemlayout_h">$PARAM[itemlayout_h]</param>
                <param name="itemlayout_include">Layout_Banner</param>
                <param name="offset_x">$PARAM[offset_x]</param>
                <param name="offset_y">$PARAM[offset_y]</param>
                <param name="detailed">$PARAM[detailed]</param>
                <param name="hidden_button_enabled">$PARAM[hidden_button_enabled]</param>
                <param name="hidden_button">$PARAM[hidden_button]</param>
                <param name="diffuse">diffuse/banner_w560_h100.png</param>
                <param name="diffuse_downsize">diffuse/banner_w560_h100.png</param>
                <nested />
            </include>
        </definition>
    </include>
    
    <include name="List_MiniBanner_Wall">
        <param name="orientation">horizontal</param>
        <param name="control">panel</param>
        <param name="item_w">view_board_item_w</param>
        <param name="item_h">100</param>
        <param name="itemlayout_w">view_board_itemlayout_w</param>
        <param name="itemlayout_h">140</param>
        <definition>
            <include content="List_Core">
                <param name="orientation">$PARAM[orientation]</param>
                <param name="control">$PARAM[control]</param>
                <param name="id">$PARAM[id]</param>
                <param name="item_w">$PARAM[item_w]</param>
                <param name="item_h">$PARAM[item_h]</param>
                <param name="itemlayout_w">$PARAM[itemlayout_w]</param>
                <param name="itemlayout_h">$PARAM[itemlayout_h]</param>
                <param name="itemlayout_include">Layout_Banner</param>
                <param name="offset_x">$PARAM[offset_x]</param>
                <param name="offset_y">$PARAM[offset_y]</param>
                <param name="detailed">$PARAM[detailed]</param>
                <param name="hidden_button_enabled">$PARAM[hidden_button_enabled]</param>
                <param name="hidden_button">$PARAM[hidden_button]</param>
                <param name="diffuse">diffuse/banner_w560_h100.png</param>
                <param name="diffuse_downsize">diffuse/banner_w560_h100.png</param>
                <preloaditems>$PARAM[preloaditems]</preloaditems>
                <nested />
            </include>
        </definition>
    </include>

    <include name="List_Apps_Row">
        <param name="focusedlayout_special">false</param>
        <definition>
            <include content="List_Core">
                <param name="id">$PARAM[id]</param>
                <param name="detailed">false</param>
                <param name="orientation">horizontal</param>
                <param name="control">fixedlist</param>
                <param name="item_w">view_apps_item_w</param>
                <param name="item_h">view_apps_item_h</param>
                <param name="itemlayout_w">view_apps_itemlayout_w</param>
                <param name="itemlayout_h">view_icon_itemlayout_h</param>
                <param name="itemlayout_include">Layout_Landscape</param>
                <param name="focusedlayout_special">$PARAM[focusedlayout_special]</param>
                <param name="diffuse">diffuse/landscape_w200_h112.png</param>
                <param name="diffuse_downsize">diffuse/landscape_w200_h112.png</param>
                <param name="offset_x">$PARAM[offset_x]</param>
                <param name="offset_y">$PARAM[offset_y]</param>
                <param name="icon">$PARAM[icon]</param>
                <param name="misc">$PARAM[misc]</param>
                <param name="hidden_button_enabled">$PARAM[hidden_button_enabled]</param>
                <param name="hidden_button">$PARAM[hidden_button]</param>
                <nested />
                <include>List_Apps_Row_Movement</include>
            </include>
        </definition>
    </include>

    <include name="List_Icon_Row">
        <param name="focusedlayout_special">false</param>
        <definition>
            <include content="List_Core">
                <param name="id">$PARAM[id]</param>
                <param name="detailed">true</param>
                <param name="orientation">horizontal</param>
                <param name="control">fixedlist</param>
                <param name="item_w">view_icon_item_w</param>
                <param name="item_h">view_icon_item_h</param>
                <param name="itemlayout_w">view_icon_itemlayout_w</param>
                <param name="itemlayout_h">view_icon_itemlayout_h</param>
                <param name="itemlayout_include">Layout_Square</param>
                <param name="diffuse">diffuse/square_w170_h170.png</param>
                <param name="focusedlayout_special">$PARAM[focusedlayout_special]</param>
                <param name="offset_x">$PARAM[offset_x]</param>
                <param name="offset_y">$PARAM[offset_y]</param>
                <param name="icon">$PARAM[icon]</param>
                <param name="misc">$PARAM[misc]</param>
                <param name="hidden_button_enabled">$PARAM[hidden_button_enabled]</param>
                <param name="hidden_button">$PARAM[hidden_button]</param>
                <nested />
                <include>List_Icon_Row_Movement</include>
            </include>
        </definition>
    </include>
    
    <include name="List_RealText_Row">
        <param name="item_w">view_poster_item_w</param>
        <param name="item_h">150</param>
        <param name="itemlayout_w">view_poster_itemlayout_w</param>
        <param name="itemlayout_h">view_poster_itemlayout_h</param>
        <param name="orientation">horizontal</param>
        <param name="use_movement">true</param>
        <param name="control">fixedlist</param>
        <definition>
            <include content="List_Core">
                <param name="orientation">$PARAM[orientation]</param>
                <param name="control">$PARAM[control]</param>
                <param name="id">$PARAM[id]</param>
                <param name="item_w">$PARAM[item_w]</param>
                <param name="item_h">$PARAM[item_h]</param>
                <param name="itemlayout_w">$PARAM[itemlayout_w]</param>
                <param name="itemlayout_h">$PARAM[itemlayout_h]</param>
                <param name="offset_x">$PARAM[offset_x]</param>
                <param name="offset_y">$PARAM[offset_y]</param>
                <param name="itemlayout_include">Layout_RealText</param>
                <param name="hidden_button_enabled">$PARAM[hidden_button_enabled]</param>
                <param name="hidden_button">$PARAM[hidden_button]</param>
                <include condition="$PARAM[use_movement]">List_Poster_Row_Movement</include>
                <nested />
            </include>
        </definition>
    </include>
    
    <include name="List_Signpost_Row">
        <param name="focusedlayout_special">false</param>
        <param name="control">fixedlist</param>
        <definition>
            <include content="List_Core">
                <param name="id">$PARAM[id]</param>
                <param name="detailed">true</param>
                <param name="orientation">horizontal</param>
                <param name="control">$PARAM[control]</param>
                <param name="item_w">view_board_item_w</param>
                <param name="item_h">view_poster_item_h</param>
                <param name="itemlayout_w">view_board_itemlayout_w</param>
                <param name="itemlayout_h">view_poster_itemlayout_h</param>
                <param name="itemlayout_include">Layout_Signpost</param>
                <param name="focusedlayout_special">$PARAM[focusedlayout_special]</param>
                <param name="offset_x">$PARAM[offset_x]</param>
                <param name="offset_y">$PARAM[offset_y]</param>
                <param name="icon">$PARAM[icon]</param>
                <param name="misc">156</param>
                <param name="hidden_button_enabled">$PARAM[hidden_button_enabled]</param>
                <param name="hidden_button">$PARAM[hidden_button]</param>
                <nested />
                <include>List_Board_Row_Movement</include>
            </include>
        </definition>
    </include>

    <include name="List_Ring_Row">
        <param name="item_w">view_icon_item_w</param>
        <param name="item_h">view_icon_item_h</param>
        <param name="itemlayout_w">view_icon_itemlayout_w</param>
        <param name="itemlayout_h">view_icon_itemlayout_h</param>
        <param name="orientation">horizontal</param>
        <param name="focusedlayout_special">false</param>
        <param name="control">fixedlist</param>
        <definition>
            <include content="List_Core">
                <param name="id">$PARAM[id]</param>
                <param name="detailed">true</param>
                <param name="orientation">$PARAM[orientation]</param>
                <param name="control">$PARAM[control]</param>
                <param name="item_w">$PARAM[item_w]</param>
                <param name="item_h">$PARAM[item_h]</param>
                <param name="itemlayout_w">$PARAM[itemlayout_w]</param>
                <param name="itemlayout_h">$PARAM[itemlayout_h]</param>
                <param name="itemlayout_include">Layout_Circle</param>
                <param name="diffuse">circle/circle_146</param>
                <param name="focusedlayout_special">$PARAM[focusedlayout_special]</param>
                <param name="offset_x">$PARAM[offset_x]</param>
                <param name="offset_y">$PARAM[offset_y]</param>
                <param name="icon">$PARAM[icon]</param>
                <param name="misc">$PARAM[misc]</param>
                <param name="hidden_button_enabled">$PARAM[hidden_button_enabled]</param>
                <param name="hidden_button">$PARAM[hidden_button]</param>
                <nested />
                <include>List_Icon_Row_Movement</include>
            </include>
        </definition>
    </include>

    <include name="List_Poster_Row">
        <param name="focusedlayout_special">false</param>
        <param name="control">fixedlist</param>
        <param name="orientation">horizontal</param>
        <param name="item_w">view_poster_item_w</param>
        <param name="item_h">view_poster_item_h</param>
        <param name="itemlayout_w">view_poster_itemlayout_w</param>
        <param name="itemlayout_h">view_poster_itemlayout_h</param>
        <definition>
            <include content="List_Core">
                <param name="orientation">$PARAM[orientation]</param>
                <param name="control">$PARAM[control]</param>
                <param name="id">$PARAM[id]</param>
                <param name="item_w">$PARAM[item_w]</param>
                <param name="item_h">$PARAM[item_h]</param>
                <param name="itemlayout_w">$PARAM[itemlayout_w]</param>
                <param name="itemlayout_h">$PARAM[itemlayout_h]</param>
                <param name="itemlayout_include">Layout_Poster</param>
                <param name="focusedlayout_special">$PARAM[focusedlayout_special]</param>
                <param name="offset_x">$PARAM[offset_x]</param>
                <param name="offset_y">$PARAM[offset_y]</param>
                <param name="icon">$PARAM[icon]</param>
                <param name="detailed">$PARAM[detailed]</param>
                <param name="wall_textlabels">$PARAM[wall_textlabels]</param>
                <param name="hidden_button_enabled">$PARAM[hidden_button_enabled]</param>
                <param name="hidden_button">$PARAM[hidden_button]</param>
                <nested />
                <include>List_Poster_Row_Movement</include>
            </include>
        </definition>
    </include>
    
    <include name="List_Poster_Wall">
        <param name="focusedlayout_special">false</param>
        <param name="control">panel</param>
        <param name="orientation">horizontal</param>
        <param name="item_w">view_poster_item_w</param>
        <param name="item_h">view_poster_item_h</param>
        <param name="itemlayout_w">view_poster_itemlayout_w</param>
        <param name="itemlayout_h">view_poster_itemlayout_h</param>
        <param name="preloaditems">0</param>
        <definition>
            <include content="List_Core">
                <param name="orientation">$PARAM[orientation]</param>
                <param name="control">$PARAM[control]</param>
                <param name="id">$PARAM[id]</param>
                <param name="item_w">$PARAM[item_w]</param>
                <param name="item_h">$PARAM[item_h]</param>
                <param name="itemlayout_w">$PARAM[itemlayout_w]</param>
                <param name="itemlayout_h">$PARAM[itemlayout_h]</param>
                <param name="itemlayout_include">Layout_Poster</param>
                <param name="focusedlayout_special">$PARAM[focusedlayout_special]</param>
                <param name="offset_x">$PARAM[offset_x]</param>
                <param name="offset_y">$PARAM[offset_y]</param>
                <param name="icon">$PARAM[icon]</param>
                <param name="detailed">$PARAM[detailed]</param>
                <param name="hidden_button_enabled">$PARAM[hidden_button_enabled]</param>
                <param name="hidden_button">$PARAM[hidden_button]</param>
                <preloaditems>$PARAM[preloaditems]</preloaditems>
                <nested />
            </include>
        </definition>
    </include>
    
    <include name="List_Poster_Wall_Detailed">
        <param name="focusedlayout_special">false</param>
        <param name="control">panel</param>
        <param name="orientation">horizontal</param>
        <param name="item_w">view_poster_item_w</param>
        <param name="item_h">view_poster_item_h</param>
        <param name="itemlayout_w">view_poster_itemlayout_w</param>
        <param name="itemlayout_h">420</param>
        <param name="itemlayout_h_downsize">404</param>
        <param name="preloaditems">0</param>
        <definition>
            <include content="List_Core" condition="!Skin.String(Home.SideMenuCollapse,Never)">
                <param name="orientation">$PARAM[orientation]</param>
                <param name="control">$PARAM[control]</param>
                <param name="id">$PARAM[id]</param>
                <param name="item_w">$PARAM[item_w]</param>
                <param name="item_h">$PARAM[item_h]</param>
                <param name="itemlayout_w">$PARAM[itemlayout_w]</param>
                <param name="itemlayout_h">$PARAM[itemlayout_h]</param>
                <param name="itemlayout_include">Layout_Poster</param>
                <param name="focusedlayout_special">$PARAM[focusedlayout_special]</param>
                <param name="offset_x">$PARAM[offset_x]</param>
                <param name="offset_y">$PARAM[offset_y]</param>
                <param name="icon">$PARAM[icon]</param>
                <param name="detailed">$PARAM[detailed]</param>
                <param name="wall_textlabels">$PARAM[wall_textlabels]</param>
                <param name="hidden_button_enabled">$PARAM[hidden_button_enabled]</param>
                <param name="hidden_button">$PARAM[hidden_button]</param>
                <preloaditems>$PARAM[preloaditems]</preloaditems>
                <nested />
            </include>
            <include content="List_Core" condition="Skin.String(Home.SideMenuCollapse,Never)">
                <param name="orientation">$PARAM[orientation]</param>
                <param name="control">$PARAM[control]</param>
                <param name="id">$PARAM[id]</param>
                <param name="item_w">$PARAM[item_w]</param>
                <param name="item_h">$PARAM[item_h]</param>
                <param name="itemlayout_w">$PARAM[itemlayout_w]</param>
                <param name="itemlayout_h">$PARAM[itemlayout_h_downsize]</param>
                <param name="itemlayout_include">Layout_Poster</param>
                <param name="focusedlayout_special">$PARAM[focusedlayout_special]</param>
                <param name="offset_x">$PARAM[offset_x]</param>
                <param name="offset_y">$PARAM[offset_y]</param>
                <param name="icon">$PARAM[icon]</param>
                <param name="detailed">$PARAM[detailed]</param>
                <param name="wall_textlabels">$PARAM[wall_textlabels]</param>
                <param name="hidden_button_enabled">$PARAM[hidden_button_enabled]</param>
                <param name="hidden_button">$PARAM[hidden_button]</param>
                <preloaditems>$PARAM[preloaditems]</preloaditems>
                <nested />
            </include>
        </definition>
    </include>

    <include name="List_Overview_Row">
        <param name="focusedlayout_special">false</param>
        <param name="control">fixedlist</param>
        <param name="orientation">horizontal</param>
        <param name="item_w">view_board_item_w</param>
        <param name="item_h">view_poster_item_h</param>
        <param name="itemlayout_w">view_board_itemlayout_w</param>
        <param name="itemlayout_h">view_poster_itemlayout_h</param>
        <definition>
            <include content="List_Core">
                <param name="id">$PARAM[id]</param>
                <param name="detailed">true</param>
                <param name="orientation">$PARAM[orientation]</param>
                <param name="control">$PARAM[control]</param>
                <param name="item_w">$PARAM[item_w]</param>
                <param name="item_h">$PARAM[item_h]</param>
                <param name="itemlayout_w">$PARAM[itemlayout_w]</param>
                <param name="itemlayout_h">$PARAM[itemlayout_h]</param>
                <param name="itemlayout_include">Layout_Detailed</param>
                <param name="focusedlayout_special">$PARAM[focusedlayout_special]</param>
                <param name="offset_x">$PARAM[offset_x]</param>
                <param name="offset_y">$PARAM[offset_y]</param>
                <param name="icon">$PARAM[icon]</param>
                <param name="misc">174</param>
                <param name="hidden_button_enabled">$PARAM[hidden_button_enabled]</param>
                <param name="hidden_button">$PARAM[hidden_button]</param>
                <nested />
                <include>List_Board_Row_Movement</include>
            </include>
        </definition>
    </include>
    
    <include name="List_Overview_Wall">
        <param name="focusedlayout_special">false</param>
        <param name="control">panel</param>
        <param name="orientation">horizontal</param>
        <param name="item_w">view_board_item_w</param>
        <param name="item_h">view_poster_item_h</param>
        <param name="itemlayout_w">view_board_itemlayout_w</param>
        <param name="itemlayout_h">view_poster_itemlayout_h</param>
        <definition>
            <include content="List_Core">
                <param name="id">$PARAM[id]</param>
                <param name="detailed">true</param>
                <param name="orientation">$PARAM[orientation]</param>
                <param name="control">$PARAM[control]</param>
                <param name="item_w">$PARAM[item_w]</param>
                <param name="item_h">$PARAM[item_h]</param>
                <param name="itemlayout_w">$PARAM[itemlayout_w]</param>
                <param name="itemlayout_h">$PARAM[itemlayout_h]</param>
                <param name="itemlayout_include">Layout_Detailed</param>
                <param name="focusedlayout_special">$PARAM[focusedlayout_special]</param>
                <param name="offset_x">$PARAM[offset_x]</param>
                <param name="offset_y">$PARAM[offset_y]</param>
                <param name="icon">$PARAM[icon]</param>
                <param name="misc">174</param>
                <param name="hidden_button_enabled">$PARAM[hidden_button_enabled]</param>
                <param name="hidden_button">$PARAM[hidden_button]</param>
                <preloaditems>$PARAM[preloaditems]</preloaditems>
                <nested />
            </include>
        </definition>
    </include>
    
    <include name="List_Text_Row">
        <param name="focusedlayout_special">false</param>
        <definition>
            <include content="List_Core">
                <param name="id">$PARAM[id]</param>
                <param name="detailed">false</param>
                <param name="orientation">horizontal</param>
                <param name="control">fixedlist</param>
                <param name="item_w">view_landscape_item_w</param>
                <param name="item_h">view_landscape_item_h</param>
                <param name="itemlayout_w">view_landscape_itemlayout_w</param>
                <param name="itemlayout_h">view_landscape_itemlayout_h</param>
                <param name="itemlayout_include">Layout_Detailed</param>
                <param name="padding_switch">-25</param>                
                <param name="focusedlayout_special">$PARAM[focusedlayout_special]</param>
                <param name="offset_x">$PARAM[offset_x]</param>
                <param name="offset_y">$PARAM[offset_y]</param>
                <param name="icon">$PARAM[icon]</param>
                <param name="misc">94</param>
                <param name="hidden_button_enabled">$PARAM[hidden_button_enabled]</param>
                <param name="hidden_button">$PARAM[hidden_button]</param>
                <nested />
                <include>List_Landscape_Row_Movement</include>
            </include>
        </definition>
    </include>

    <include name="List_Landscape_Row">
        <param name="item_w">view_landscape_item_w</param>
        <param name="item_h">view_landscape_item_h</param>
        <param name="itemlayout_w">view_landscape_itemlayout_w</param>
        <param name="itemlayout_h">view_landscape_itemlayout_h</param>
        <param name="itemlayout_include">Layout_Landscape</param>
        <param name="control">fixedlist</param>
        <param name="orientation">horizontal</param>
        <param name="include_movement">True</param>
        <definition>
            <include content="List_Core">
                <param name="orientation">$PARAM[orientation]</param>
                <param name="control">$PARAM[control]</param>
                <param name="id">$PARAM[id]</param>
                <param name="item_w">$PARAM[item_w]</param>
                <param name="item_h">$PARAM[item_h]</param>
                <param name="itemlayout_w">$PARAM[itemlayout_w]</param>
                <param name="itemlayout_h">$PARAM[itemlayout_h]</param>
                <param name="itemlayout_include">$PARAM[itemlayout_include]</param>
                <param name="icon">$PARAM[icon]</param>
                <param name="aspectratio">$PARAM[aspectratio]</param>
                <param name="textcolor">$PARAM[textcolor]</param>
                <param name="offset_x">$PARAM[offset_x]</param>
                <param name="offset_y">$PARAM[offset_y]</param>
                <param name="shadow_colordiffuse">$PARAM[shadow_colordiffuse]</param>
                <param name="hidden_button_enabled">$PARAM[hidden_button_enabled]</param>
                <param name="hidden_button">$PARAM[hidden_button]</param>
                <param name="use_label2">$PARAM[use_label2]</param>
                <nested />
                <include content="List_Landscape_Row_Movement" condition="$PARAM[include_movement]"></include>
            </include>
        </definition>
    </include>
    
    <include name="List_Landscape_Wall">
        <param name="item_w">view_landscape_item_w</param>
        <param name="item_h">view_landscape_item_h</param>
        <param name="itemlayout_w">view_landscape_itemlayout_w</param>
        <param name="itemlayout_h">view_poster_itemlayout_h</param>
        <param name="itemlayout_include">Layout_Landscape</param>
        <param name="control">panel</param>
        <param name="orientation">horizontal</param>
        <param name="include_movement">True</param>
        <definition>
            <include content="List_Core">
                <param name="orientation">$PARAM[orientation]</param>
                <param name="control">$PARAM[control]</param>
                <param name="id">$PARAM[id]</param>
                <param name="item_w">$PARAM[item_w]</param>
                <param name="item_h">$PARAM[item_h]</param>
                <param name="itemlayout_w">$PARAM[itemlayout_w]</param>
                <param name="itemlayout_h">$PARAM[itemlayout_h]</param>
                <param name="itemlayout_include">$PARAM[itemlayout_include]</param>
                <param name="icon">$PARAM[icon]</param>
                <param name="aspectratio">$PARAM[aspectratio]</param>
                <param name="textcolor">$PARAM[textcolor]</param>
                <param name="offset_x">$PARAM[offset_x]</param>
                <param name="offset_y">$PARAM[offset_y]</param>
                <param name="shadow_colordiffuse">$PARAM[shadow_colordiffuse]</param>
                <param name="hidden_button_enabled">$PARAM[hidden_button_enabled]</param>
                <param name="hidden_button">$PARAM[hidden_button]</param>
                <param name="use_label2">$PARAM[use_label2]</param>
                <preloaditems>$PARAM[preloaditems]</preloaditems>
                <nested />
            </include>
        </definition>
    </include>

    <include name="List_Board_Row">
        <param name="item_w">view_board_item_w</param>
        <param name="item_h">view_poster_item_h</param>
        <param name="itemlayout_w">view_board_itemlayout_w</param>
        <param name="itemlayout_h">view_poster_itemlayout_h</param>
        <param name="orientation">horizontal</param>
        <param name="control">fixedlist</param>
        <definition>
            <include content="List_Core">
                <param name="orientation">$PARAM[orientation]</param>
                <param name="control">$PARAM[control]</param>
                <param name="id">$PARAM[id]</param>
                <param name="item_w">$PARAM[item_w]</param>
                <param name="item_h">$PARAM[item_h]</param>
                <param name="itemlayout_w">$PARAM[itemlayout_w]</param>
                <param name="itemlayout_h">$PARAM[itemlayout_h]</param>
                <param name="itemlayout_include">Layout_Landscape</param>
                <param name="diffuse">diffuse/landscape_w560_h310.png</param>
                <param name="diffuse_downsize">diffuse/downsize/landscape_w520_h294.png</param>
                <param name="aspectratio">scale</param>
                <param name="detailed">true</param>
                <param name="variation">false</param>
                <param name="icon">$PARAM[icon]</param>
                <param name="textcolor">$PARAM[textcolor]</param>
                <param name="offset_x">$PARAM[offset_x]</param>
                <param name="offset_y">$PARAM[offset_y]</param>
                <param name="shadow_colordiffuse">$PARAM[shadow_colordiffuse]</param>
                <param name="hidden_button_enabled">$PARAM[hidden_button_enabled]</param>
                <param name="hidden_button">$PARAM[hidden_button]</param>
                <nested />
                <include>List_Board_Row_Movement</include>
            </include>
        </definition>
    </include>
    
    <include name="List_Board_Wall">
        <param name="item_w">view_board_item_w</param>
        <param name="item_h">view_poster_item_h</param>
        <param name="itemlayout_w">view_board_itemlayout_w</param>
        <param name="itemlayout_h">view_poster_itemlayout_h</param>
        <param name="orientation">horizontal</param>
        <param name="control">panel</param>
        <definition>
            <include content="List_Core">
                <param name="orientation">$PARAM[orientation]</param>
                <param name="control">$PARAM[control]</param>
                <param name="id">$PARAM[id]</param>
                <param name="item_w">$PARAM[item_w]</param>
                <param name="item_h">$PARAM[item_h]</param>
                <param name="itemlayout_w">$PARAM[itemlayout_w]</param>
                <param name="itemlayout_h">$PARAM[itemlayout_h]</param>
                <param name="itemlayout_include">Layout_Landscape</param>
                <param name="diffuse">diffuse/landscape_w560_h310.png</param>
                <param name="diffuse_downsize">diffuse/downsize/landscape_w520_h294.png</param>
                <param name="aspectratio">scale</param>
                <param name="detailed">true</param>
                <param name="variation">false</param>
                <param name="icon">$PARAM[icon]</param>
                <param name="textcolor">$PARAM[textcolor]</param>
                <param name="offset_x">$PARAM[offset_x]</param>
                <param name="offset_y">$PARAM[offset_y]</param>
                <param name="shadow_colordiffuse">$PARAM[shadow_colordiffuse]</param>
                <param name="hidden_button_enabled">$PARAM[hidden_button_enabled]</param>
                <param name="hidden_button">$PARAM[hidden_button]</param>
                <preloaditems>$PARAM[preloaditems]</preloaditems>
                <nested />
            </include>
        </definition>
    </include>

    <include name="List_Placard_Row">
        <param name="item_w">view_board_item_w</param>
        <param name="item_h">view_poster_item_h</param>
        <param name="itemlayout_w">view_board_itemlayout_w</param>
        <param name="itemlayout_h">view_poster_itemlayout_h</param>
        <param name="orientation">horizontal</param>
        <param name="control">fixedlist</param>
        <definition>
            <include content="List_Core">
                <param name="orientation">$PARAM[orientation]</param>
                <param name="control">$PARAM[control]</param>
                <param name="id">$PARAM[id]</param>
                <param name="item_w">$PARAM[item_w]</param>
                <param name="item_h">$PARAM[item_h]</param>
                <param name="itemlayout_w">$PARAM[itemlayout_w]</param>
                <param name="itemlayout_h">$PARAM[itemlayout_h]</param>
                <param name="itemlayout_include">Layout_Landscape</param>
                <param name="diffuse">diffuse/landscape_w560_h310.png</param>
                <param name="diffuse_downsize">diffuse/downsize/landscape_w520_h294.png</param>
                <param name="aspectratio">scale</param>
                <param name="detailed">true</param>
                <param name="variation">true</param>
                <param name="icon">$VAR[Image_Placard_Fanart]</param>
                <param name="textcolor">$PARAM[textcolor]</param>
                <param name="offset_x">$PARAM[offset_x]</param>
                <param name="offset_y">$PARAM[offset_y]</param>
                <param name="shadow_colordiffuse">$PARAM[shadow_colordiffuse]</param>
                <param name="hidden_button_enabled">$PARAM[hidden_button_enabled]</param>
                <param name="hidden_button">$PARAM[hidden_button]</param>
                <nested />
                <include>List_Board_Row_Movement</include>
            </include>
        </definition>
    </include>
    
    <include name="List_Placard_Wall">
        <param name="item_w">view_board_item_w</param>
        <param name="item_h">view_poster_item_h</param>
        <param name="itemlayout_w">view_board_itemlayout_w</param>
        <param name="itemlayout_h">view_poster_itemlayout_h</param>
        <param name="orientation">horizontal</param>
        <param name="control">panel</param>
        <definition>
            <include content="List_Core">
                <param name="orientation">$PARAM[orientation]</param>
                <param name="control">$PARAM[control]</param>
                <param name="id">$PARAM[id]</param>
                <param name="item_w">$PARAM[item_w]</param>
                <param name="item_h">$PARAM[item_h]</param>
                <param name="itemlayout_w">$PARAM[itemlayout_w]</param>
                <param name="itemlayout_h">$PARAM[itemlayout_h]</param>
                <param name="itemlayout_include">Layout_Landscape</param>
                <param name="diffuse">diffuse/landscape_w560_h310.png</param>
                <param name="diffuse_downsize">diffuse/downsize/landscape_w520_h294.png</param>
                <param name="aspectratio">scale</param>
                <param name="detailed">true</param>
                <param name="variation">true</param>
                <param name="icon">$VAR[Image_Placard_Fanart]</param>
                <param name="textcolor">$PARAM[textcolor]</param>
                <param name="offset_x">$PARAM[offset_x]</param>
                <param name="offset_y">$PARAM[offset_y]</param>
                <param name="shadow_colordiffuse">$PARAM[shadow_colordiffuse]</param>
                <param name="hidden_button_enabled">$PARAM[hidden_button_enabled]</param>
                <param name="hidden_button">$PARAM[hidden_button]</param>
                <preloaditems>$PARAM[preloaditems]</preloaditems>
                <nested />
            </include>
        </definition>
    </include>

    <include name="List_Sign_Row">
        <param name="item_w">view_landscape_item_w</param>
        <param name="item_h">view_landscape_item_h</param>
        <param name="itemlayout_w">view_landscape_itemlayout_w</param>
        <param name="itemlayout_h">view_landscape_itemlayout_h</param>
        <definition>
            <include content="List_Core">
                <param name="orientation">horizontal</param>
                <param name="control">fixedlist</param>
                <param name="id">$PARAM[id]</param>
                <param name="item_w">$PARAM[item_w]</param>
                <param name="item_h">$PARAM[item_h]</param>
                <param name="itemlayout_w">$PARAM[itemlayout_w]</param>
                <param name="itemlayout_h">$PARAM[itemlayout_h]</param>
                <param name="itemlayout_include">Layout_Landscape</param>
                <param name="diffuse">diffuse/landscape_w410_h231.png</param>
                <param name="diffuse_downsize">diffuse/downsize/landscape_w380_h214.png</param>
                <param name="aspectratio">scale</param>
                <param name="detailed">true</param>
                <param name="variation">$PARAM[variation]</param>
                <param name="icon">$PARAM[icon]</param>
                <param name="textcolor">$PARAM[textcolor]</param>
                <param name="offset_x">$PARAM[offset_x]</param>
                <param name="offset_y">$PARAM[offset_y]</param>
                <param name="shadow_colordiffuse">$PARAM[shadow_colordiffuse]</param>
                <param name="hidden_button_enabled">$PARAM[hidden_button_enabled]</param>
                <param name="hidden_button">$PARAM[hidden_button]</param>
                <nested />
                <include>List_Landscape_Row_Movement</include>
            </include>
        </definition>
    </include>
    
    <include name="List_Weather_Row">
        <param name="item_w">view_quad_item_w</param>
        <param name="item_h">view_poster_item_h</param>
        <param name="itemlayout_w">view_quad_itemlayout_w</param>
        <param name="itemlayout_h">view_poster_itemlayout_h</param>
        <param name="orientation">horizontal</param>
        <param name="use_movement">true</param>
        <param name="control">fixedlist</param>
        <definition>
            <include content="List_Core">
                <param name="orientation">$PARAM[orientation]</param>
                <param name="control">$PARAM[control]</param>
                <param name="id">$PARAM[id]</param>
                <param name="item_w">$PARAM[item_w]</param>
                <param name="item_h">$PARAM[item_h]</param>
                <param name="itemlayout_w">$PARAM[itemlayout_w]</param>
                <param name="itemlayout_h">$PARAM[itemlayout_h]</param>
                <param name="offset_x">$PARAM[offset_x]</param>
                <param name="offset_y">$PARAM[offset_y]</param>
                <param name="variation">true</param>
                <param name="diffuse">diffuse/square_w320_h320.png</param>
                <param name="diffuse_downsize">diffuse/square_w294_h294.png</param>
                <param name="itemlayout_include">Layout_Weather</param>
                <param name="hidden_button_enabled">$PARAM[hidden_button_enabled]</param>
                <param name="hidden_button">$PARAM[hidden_button]</param>
                <include condition="$PARAM[use_movement]">List_Card_Row_Movement</include>
                <nested />
            </include>
        </definition>
    </include>
    
    <include name="List_Square_Row">
        <param name="item_w">view_poster_item_w</param>
        <param name="item_h">view_poster_item_h</param>
        <param name="itemlayout_w">view_poster_itemlayout_w</param>
        <param name="itemlayout_h">view_poster_itemlayout_h</param>
        <param name="orientation">horizontal</param>
        <param name="use_movement">true</param>
        <param name="control">fixedlist</param>
        <definition>
            <include content="List_Core">
                <param name="orientation">$PARAM[orientation]</param>
                <param name="control">$PARAM[control]</param>
                <param name="id">$PARAM[id]</param>
                <param name="item_w">$PARAM[item_w]</param>
                <param name="item_h">$PARAM[item_h]</param>
                <param name="itemlayout_w">$PARAM[itemlayout_w]</param>
                <param name="itemlayout_h">$PARAM[itemlayout_h]</param>
                <param name="offset_x">$PARAM[offset_x]</param>
                <param name="offset_y">$PARAM[offset_y]</param>
                <param name="variation">$PARAM[variation]</param>
                <param name="itemlayout_include">Layout_Square</param>
                <param name="hidden_button_enabled">$PARAM[hidden_button_enabled]</param>
                <param name="hidden_button">$PARAM[hidden_button]</param>
                <include condition="$PARAM[use_movement]">List_Poster_Row_Movement</include>
                <nested />
            </include>
        </definition>
    </include>
    
    <include name="List_Square_Wall">
        <param name="item_w">view_poster_item_w</param>
        <param name="item_h">view_poster_item_h</param>
        <param name="itemlayout_w">view_poster_itemlayout_w</param>
        <param name="itemlayout_h">view_poster_itemlayout_h</param>
        <param name="orientation">horizontal</param>
        <param name="use_movement">true</param>
        <param name="control">panel</param>
        <definition>
            <include content="List_Core">
                <param name="orientation">$PARAM[orientation]</param>
                <param name="control">$PARAM[control]</param>
                <param name="id">$PARAM[id]</param>
                <param name="item_w">$PARAM[item_w]</param>
                <param name="item_h">$PARAM[item_h]</param>
                <param name="itemlayout_w">$PARAM[itemlayout_w]</param>
                <param name="itemlayout_h">$PARAM[itemlayout_h]</param>
                <param name="offset_x">$PARAM[offset_x]</param>
                <param name="offset_y">$PARAM[offset_y]</param>
                <param name="variation">$PARAM[variation]</param>
                <param name="itemlayout_include">Layout_Square</param>
                <param name="hidden_button_enabled">$PARAM[hidden_button_enabled]</param>
                <param name="hidden_button">$PARAM[hidden_button]</param>
                <preloaditems>$PARAM[preloaditems]</preloaditems>
                <nested />
            </include>
        </definition>
    </include>

    <include name="List_Circle_Row">
        <param name="item_w">view_poster_item_w</param>
        <param name="item_h">view_poster_item_h</param>
        <param name="itemlayout_w">view_poster_itemlayout_w</param>
        <param name="itemlayout_h">view_poster_itemlayout_h</param>
        <param name="orientation">horizontal</param>
        <param name="use_movement">true</param>
        <param name="control">fixedlist</param>
        <definition>
            <include content="List_Core">
                <param name="orientation">$PARAM[orientation]</param>
                <param name="control">$PARAM[control]</param>
                <param name="id">$PARAM[id]</param>
                <param name="item_w">$PARAM[item_w]</param>
                <param name="item_h">$PARAM[item_h]</param>
                <param name="itemlayout_w">$PARAM[itemlayout_w]</param>
                <param name="itemlayout_h">$PARAM[itemlayout_h]</param>
                <param name="offset_x">$PARAM[offset_x]</param>
                <param name="offset_y">$PARAM[offset_y]</param>
                <param name="itemlayout_include">Layout_Circle</param>
                <param name="hidden_button_enabled">$PARAM[hidden_button_enabled]</param>
                <param name="hidden_button">$PARAM[hidden_button]</param>
                <include condition="$PARAM[use_movement]">List_Poster_Row_Movement</include>
                <nested />
            </include>
        </definition>
    </include>
    
    <include name="List_Circle_Wall">
        <param name="item_w">view_poster_item_w</param>
        <param name="item_h">view_poster_item_h</param>
        <param name="itemlayout_w">view_poster_itemlayout_w</param>
        <param name="itemlayout_h">view_poster_itemlayout_h</param>
        <param name="orientation">horizontal</param>
        <param name="use_movement">true</param>
        <param name="control">panel</param>
        <definition>
            <include content="List_Core">
                <param name="orientation">$PARAM[orientation]</param>
                <param name="control">$PARAM[control]</param>
                <param name="id">$PARAM[id]</param>
                <param name="item_w">$PARAM[item_w]</param>
                <param name="item_h">$PARAM[item_h]</param>
                <param name="itemlayout_w">$PARAM[itemlayout_w]</param>
                <param name="itemlayout_h">$PARAM[itemlayout_h]</param>
                <param name="offset_x">$PARAM[offset_x]</param>
                <param name="offset_y">$PARAM[offset_y]</param>
                <param name="itemlayout_include">Layout_Circle</param>
                <param name="hidden_button_enabled">$PARAM[hidden_button_enabled]</param>
                <param name="hidden_button">$PARAM[hidden_button]</param>
                <param name="preloaditems">$PARAM[preloaditems]</param>
                <nested />
            </include>
        </definition>
    </include>

    <include name="List_ButtonMenu_Row_HiddenButton_View_OnFocus">
        <param name="condition">true</param>
        <definition>
            <onfocus condition="$PARAM[condition]">ClearProperty($PARAM[prefix]SpecialFolderPath)</onfocus>
            <onfocus condition="$PARAM[condition]">ClearProperty($PARAM[prefix]SpecialFolderLabel)</onfocus>
            <onfocus condition="$PARAM[condition]">ClearProperty($PARAM[prefix]SpecialFolderStyle)</onfocus>
            <onfocus condition="$PARAM[condition]">ClearProperty($PARAM[prefix]SpecialFolderSortBy)</onfocus>
            <onfocus condition="$PARAM[condition]">ClearProperty($PARAM[prefix]SpecialFolderSortOrder)</onfocus>
            <onfocus condition="$PARAM[condition]">ClearProperty($PARAM[prefix]SpecialFolderLimit)</onfocus>
            <!-- Update Path -->
            <onfocus condition="$PARAM[condition] + !String.IsEmpty($PARAM[container]ListItem.FolderPath) + $PARAM[container]ListItem.IsFolder">SetProperty($PARAM[prefix]SpecialFolderPath,$INFO[$PARAM[container]ListItem.FolderPath])</onfocus>
            <onfocus condition="$PARAM[condition] + !String.IsEmpty($PARAM[container]ListItem.FolderPath) + $PARAM[container]ListItem.IsFolder">SetProperty($PARAM[prefix]SpecialFolderLabel,$INFO[$PARAM[container]ListItem.Label])</onfocus>
        </definition>
    </include>

    <include name="List_ButtonMenu_Row_HiddenButton_View">
        <control type="button">
            <visible allowhiddenfocus="true">false</visible>
            <animation effect="fade" start="0" end="0" time="400" reversible="false">Focus</animation>
            <include>List_ButtonMenu_Row_HiddenButton_View_OnFocus</include>
        </control>
    </include>

    <include name="List_ButtonMenu_Row_HiddenButton_Home_Categories_OnFocus">
        <param name="condition">true</param>
        <definition>
            <include content="Action_Widgets_ResetPosition_OnFocus">
                <param name="condition">[Control.IsVisible(419) + !Integer.IsEqual(Container(419).CurrentItem,1)] | Container(400).HasPrevious</param>
            </include>
            <onfocus>AlarmClock(SwitchAdaptiveWidget,RunScript(script.skinvariables,run_executebuiltin=special://skin/shortcuts/builtins/skinvariables-specialfolderpath.json,use_rules,condition=$PARAM[condition],prefix=$PARAM[prefix]),00:00,silent)</onfocus>
        </definition>
    </include>

    <include name="List_ButtonMenu_Row_HiddenButton_Home_Categories">
        <control type="button">
            <visible allowhiddenfocus="true">false</visible>
            <animation effect="fade" start="0" end="0" time="400" reversible="false">Focus</animation>
            <include content="List_ButtonMenu_Row_HiddenButton_Home_Categories_OnFocus">
                <param name="prefix">$PARAM[prefix]</param>
            </include>
        </control>
    </include>

    <include name="List_ButtonMenu_Row_HiddenButton_Home_OnFocus">
        <param name="condition">true</param>
        <definition>
            <include content="Action_Widgets_ResetPosition_OnFocus">
                <param name="condition">[Control.IsVisible(419) + !Integer.IsEqual(Container(419).CurrentItem,1)] | Container(400).HasPrevious</param>
            </include>
            <onfocus>RunScript(script.skinvariables,run_executebuiltin=special://skin/shortcuts/builtins/skinvariables-specialfolderpath.json,use_rules,condition=$PARAM[condition],prefix=$PARAM[prefix])</onfocus>
        </definition>
    </include>

    <include name="List_ButtonMenu_Row_HiddenButton_Home">
        <control type="button">
            <visible allowhiddenfocus="true">false</visible>
            <animation effect="fade" start="0" end="0" time="600" reversible="false">Focus</animation>
            <include content="List_ButtonMenu_Row_HiddenButton_Home_OnFocus">
                <param name="prefix">$PARAM[prefix]</param>
            </include>
        </control>
    </include>

    <include name="List_ButtonMenu_Row_HiddenButton_ERow_OnFocus">
        <param name="condition">true</param>
        <param name="prefix" />
        <definition>
            <onfocus condition="$PARAM[condition]">$INFO[$PARAM[container]ListItem.Property(onfocus_one)]</onfocus>
            <onfocus condition="$PARAM[condition]">$INFO[$PARAM[container]ListItem.Property(onfocus_two)]</onfocus>
        </definition>
    </include>
    <include name="List_ButtonMenu_Row_HiddenButton_ERow">
        <control type="button">
            <visible allowhiddenfocus="true">false</visible>
            <animation effect="fade" start="0" end="0" time="200" reversible="false">Focus</animation>
            <include>List_ButtonMenu_Row_HiddenButton_ERow_OnFocus</include>
        </control>
    </include>
    
    <include name="List_ButtonMenu_Row_HiddenButton_Search_Row_OnFocus">
        <param name="condition">true</param>
        <param name="prefix" />
        <definition>
            <onfocus condition="$PARAM[condition]">SetProperty(TMDbHelper.WidgetContainer,$INFO[$PARAM[container]ListItem.Property(widget_id)])</onfocus>            
            <onfocus condition="$PARAM[condition] + !String.IsEmpty($PARAM[container]ListItem.Property(hide_artwork)) + !Skin.HasSetting(Widgets.DontHideArtworkOnClassic)">SetProperty(Background.HideArtwork,True)</onfocus>
            <onfocus condition="$PARAM[condition] + !String.IsEmpty($PARAM[container]ListItem.Property(unhide_artwork))">ClearProperty(Background.HideArtwork)</onfocus>
        </definition>
    </include>
    <include name="List_ButtonMenu_Row_HiddenButton_Search_Row">
        <control type="button">
            <visible allowhiddenfocus="true">false</visible>            
            <include>List_ButtonMenu_Row_HiddenButton_Search_Row_OnFocus</include>
        </control>
    </include>

    <include name="List_ButtonMenu_Row_Icon">
        <control type="group">
            <centertop>50%</centertop>
            <width>80</width>
            <height>80</height>
            <control type="group">
                <left>-20</left>
                <right>20</right>

                <control type="group">
                    <centertop>50%</centertop>
                    <centerleft>50%</centerleft>
                    <width>40</width>
                    <height>40</height>
                    <control type="group">
                        <visible>![$EXP[Exp_IsGenre] | $EXP[Exp_IsStudio] | $EXP[Exp_IsCountry]]</visible>
                        <control type="image">
                            <visible>!String.IsEmpty(ListItem.Art(poster)) | !String.IsEmpty(ListItem.Art(tvshow.poster)) | [!String.IsEmpty(ListItem.Icon) + !String.StartsWith(ListItem.Icon,Default) + !String.StartsWith(ListItem.Icon,special://skin/extras/icons/)]</visible>
                            <texture colordiffuse="$PARAM[colordiffuse]">diffuse/circle/circle_50.png</texture>
                        </control>
                        <control type="image">
                            <visible>![!String.IsEmpty(ListItem.Art(poster)) | !String.IsEmpty(ListItem.Art(tvshow.poster)) | [!String.IsEmpty(ListItem.Icon) + !String.StartsWith(ListItem.Icon,Default) + !String.StartsWith(ListItem.Icon,special://skin/extras/icons/)]]</visible>
                            <bordersize>icon_home_bordersize</bordersize>
                            <aspectratio scalediffuse="false">keep</aspectratio>
                            <texture colordiffuse="$PARAM[colordiffuse]">$VAR[Image_Layout_CombinedIcon]</texture>
                        </control>
                        <control type="image">
                            <visible>!String.IsEmpty(ListItem.Art(poster)) | !String.IsEmpty(ListItem.Art(tvshow.poster)) | [!String.IsEmpty(ListItem.Icon) + !String.StartsWith(ListItem.Icon,Default) + !String.StartsWith(ListItem.Icon,special://skin/extras/icons/)]</visible>
                            <bordersize>2</bordersize>
                            <aspectratio scalediffuse="false">scale</aspectratio>
                            <texture colordiffuse="white" diffuse="diffuse/circle/circle_50.png">$VAR[Image_Layout_CombinedThumb]</texture>
                        </control>
                    </control>
                    <control type="group">
                        <visible>$EXP[Exp_IsGenre]</visible>
                        <control type="image">
                            <bordersize>6</bordersize>
                            <aspectratio scalediffuse="false">keep</aspectratio>
                            <include content="Object_ColorDiffuse" condition="$PARAM[selected]">
                                <param name="colordiffuse">$VAR[ColorSelected]</param>
                            </include>
                            <texture colordiffuse="$PARAM[colordiffuse]" fallback="folder.png">$VAR[Image_ResourceIcon]</texture>
                        </control>
                    </control>
                    <control type="group">
                        <visible>$EXP[Exp_IsStudio] | $EXP[Exp_IsCountry]</visible>
                         <control type="image">
                            <bordersize>-8</bordersize>
                            <aspectratio scalediffuse="false">keep</aspectratio>
                            <include content="Object_ColorDiffuse" condition="$PARAM[selected]">
                                <param name="colordiffuse">$VAR[ColorSelected]</param>
                            </include>
                            <texture colordiffuse="$PARAM[colordiffuse]" fallback="special://skin/extras/icons/folder.png">$VAR[Image_ResourceIcon]</texture>
                        </control>
                    </control>
                </control>
            </control>
        </control>
    </include>

    <include name="List_ButtonMenu_Row">
        <param name="control">list</param>
        <param name="itemlayout_w">240</param>
        <param name="font">font_mini_bold</param>
        <param name="color_fo">main_fg_100</param>
        <param name="color_nf">main_fg_30</param>
        <param name="altfocus">false</param>
        <param name="offset_x">40</param>
        <param name="hidden_button">List_ButtonMenu_Row_HiddenButton_View</param>
        <param name="backing">false</param>
        <param name="label_fo">true</param>
        <param name="underline">false</param>
        <param name="iconic">Skin.HasSetting(Views.UseAltCombined)</param>
        <definition>
            <control type="$PARAM[control]" id="$PARAM[id]">
                <nested />
                <include content="$PARAM[hidden_button]_OnFocus">
                    <param name="id">$PARAM[id]</param>
                    <param name="container">Container($PARAM[id]).</param>
                    <param name="prefix">$PARAM[hidden_button_prefix]</param>
                </include>
                <orientation>horizontal</orientation>
                <scrolltime tween="quadratic">400</scrolltime>
                <itemlayout height="120" width="$PARAM[itemlayout_w]">
                    <control type="group">
                        <animation effect="fadediffuse" start="FFFFFFFF" end="FFFF0000" condition="String.IsEqual(ListItem.Property(disabled),True)">Conditional</animation>
                        <left>$PARAM[offset_x]</left>
                        <right>-$PARAM[offset_x]</right>
                        <height>120</height>

                        <control type="group">
                            <right>40</right>
                            <height>40</height>
                            <centertop>50%</centertop>
                            <include content="List_ButtonMenu_Row_Icon" condition="$PARAM[iconic]">
                                <param name="listitem">ListItem</param>
                                <param name="icon">$INFO[ListItem.Icon]</param>
                                <param name="selected">False</param>
                                <param name="colordiffuse">$PARAM[color_nf]</param>
                            </include>
                            <control type="label">
                                <height>20</height>
                                <centertop>18</centertop>
                                <aligny>center</aligny>
                                <include content="Object_Align" condition="$PARAM[iconic]">
                                    <param name="align">left</param>
                                </include>
                                <include content="Object_Left" condition="$PARAM[iconic]">
                                    <param name="left">60</param>
                                </include>
                                <align>center</align>
                                <font>$PARAM[font]</font>
                                <textcolor>$PARAM[color_nf]</textcolor>
                                <label>$INFO[ListItem.Label]</label>
                            </control>
                        </control>
                    </control>
                </itemlayout>
                <focusedlayout height="120" width="$PARAM[itemlayout_w]">
                    <include content="$PARAM[hidden_button]">
                        <param name="id">$PARAM[id]</param>
                        <param name="prefix">$PARAM[hidden_button_prefix]</param>
                    </include>
                    <control type="group">
                        <left>$PARAM[offset_x]</left>
                        <right>-$PARAM[offset_x]</right>
                        <height>120</height>
                        <control type="group">
                            <right>40</right>
                            <height>40</height>
                            <centertop>50%</centertop>
                            <visible>![Control.HasFocus($PARAM[id]) | $PARAM[altfocus]]</visible>
                            <animation effect="fadediffuse" start="FFFFFFFF" end="FFFF0000" condition="String.IsEqual(ListItem.Property(disabled),True)">Conditional</animation>

                            <control type="group">
                                <visible>$PARAM[label_fo]</visible>
                                <include content="List_ButtonMenu_Row_Icon" condition="$PARAM[iconic]">
                                    <param name="listitem">ListItem</param>
                                    <param name="icon">$INFO[ListItem.Icon]</param>
                                    <param name="selected">False</param>
                                    <param name="colordiffuse">$PARAM[color_fo]</param>
                                </include>
                                <control type="label">
                                    <height>20</height>
                                    <centertop>18</centertop>
                                    <aligny>center</aligny>
                                    <include content="Object_Align" condition="$PARAM[iconic]">
                                        <param name="align">left</param>
                                    </include>
                                    <include content="Object_Left" condition="$PARAM[iconic]">
                                        <param name="left">60</param>
                                    </include>
                                    <align>center</align>
                                    <font>$PARAM[font]</font>
                                    <textcolor>$PARAM[color_fo]</textcolor>
                                    <label>$INFO[ListItem.Label]</label>
                                </control>
                                <control type="group">
                                    <include content="Object_Width" condition="$PARAM[iconic]">
                                        <param name="width">40</param>
                                    </include>
                                    <control type="image">
                                        <include>Texture_Highlight_Scrollbar_V</include>
                                        <height>8</height>
                                        <width>40</width>
                                        <centerleft>50%</centerleft>
                                        <centerbottom>-5</centerbottom>
                                        <visible>$PARAM[underline]</visible>
                                    </control>
                                </control>
                            </control>
                            <control type="group">
                                <visible>![$PARAM[label_fo]]</visible>
                                <include content="List_ButtonMenu_Row_Icon" condition="$PARAM[iconic]">
                                    <param name="listitem">ListItem</param>
                                    <param name="icon">$INFO[ListItem.Icon]</param>
                                    <param name="selected">False</param>
                                    <param name="colordiffuse">$PARAM[color_nf]</param>
                                </include>
                                <control type="label">
                                    <height>20</height>
                                    <centertop>18</centertop>
                                    <aligny>center</aligny>
                                    <include content="Object_Align" condition="$PARAM[iconic]">
                                        <param name="align">left</param>
                                    </include>
                                    <include content="Object_Left" condition="$PARAM[iconic]">
                                        <param name="left">60</param>
                                    </include>
                                    <align>center</align>
                                    <font>$PARAM[font]</font>
                                    <textcolor>$PARAM[color_nf]</textcolor>
                                    <label>$INFO[ListItem.Label]</label>
                                </control>
                            </control>
                        </control>
                        <control type="group">
                            <right>40</right>
                            <height>40</height>
                            <visible>[Control.HasFocus($PARAM[id]) | $PARAM[altfocus]]</visible>
                            <centertop>50%</centertop>
                            <control type="image">
                                <centertop>50%</centertop>
                                <height>256</height>
                                <left>-60</left>
                                <right>-60</right>
                                <include>Texture_MainMenu_Highlight_V</include>
                            </control>
                            <include content="List_ButtonMenu_Row_Icon" condition="$PARAM[iconic]">
                                <param name="listitem">ListItem</param>
                                <param name="icon">$INFO[ListItem.Icon]</param>
                                <param name="selected">True</param>
                                <param name="colordiffuse">$VAR[ColorSelected]</param>
                            </include>
                            <control type="label">
                                <height>20</height>
                                <centertop>18</centertop>
                                <aligny>center</aligny>
                                <include content="Object_Align" condition="$PARAM[iconic]">
                                    <param name="align">left</param>
                                </include>
                                <include content="Object_Left" condition="$PARAM[iconic]">
                                    <param name="left">60</param>
                                </include>
                                <align>center</align>
                                <font>$PARAM[font]</font>
                                <include>Color_SelectedText</include>
                                <label>$INFO[ListItem.Label]</label>
                                <animation effect="fadediffuse" start="FFFFFFFF" end="FFFF0000" condition="String.IsEqual(ListItem.Property(disabled),True)">Conditional</animation>
                            </control>
                        </control>
                    </control>
                </focusedlayout>
            </control>
        </definition>
    </include>

    <include name="List_Widget_Row_HiddenButton">
        <control type="button">
            <visible allowhiddenfocus="true">false</visible>
            <animation effect="fade" start="0" end="0" time="600" reversible="false">Focus</animation>
            <include content="List_Widget_Row_HiddenButton_OnFocus">
                <param name="id">$PARAM[id]</param>
            </include>
        </control>
    </include>

    <include name="List_Widget_Row_HiddenButton_OnFocus">
        <param name="condition">true</param>
        <definition>
            <onfocus condition="$PARAM[condition]">SetProperty(WidgetMeta.$PARAM[id].Label,$ESCINFO[$PARAM[container]ListItem.Label])</onfocus>
            <onfocus condition="$PARAM[condition]">SetProperty(WidgetMeta.$PARAM[id].Title,$ESCINFO[$PARAM[container]ListItem.Title])</onfocus>
            <onfocus condition="$PARAM[condition]">SetProperty(WidgetMeta.$PARAM[id].TVShowTitle,$ESCINFO[$PARAM[container]ListItem.TVShowTitle])</onfocus>
            <onfocus condition="$PARAM[condition]">SetProperty(WidgetMeta.$PARAM[id].Genre,$ESCINFO[$PARAM[container]ListItem.Genre])</onfocus>
            <onfocus condition="$PARAM[condition]">SetProperty(WidgetMeta.$PARAM[id].Year,$ESCINFO[$PARAM[container]ListItem.Year])</onfocus>
            <onfocus condition="$PARAM[condition]">SetProperty(WidgetMeta.$PARAM[id].Studio,$ESCINFO[$PARAM[container]ListItem.Studio])</onfocus>
            <onfocus condition="$PARAM[condition]">SetProperty(WidgetMeta.$PARAM[id].FolderPath,$ESCINFO[$PARAM[container]ListItem.FolderPath])</onfocus>
        </definition>
    </include>

    <include name="List_Core">
        <param name="orientation">horizontal</param>
        <param name="control">list</param>
        <param name="id" />
        <param name="preloaditems">2</param>
        <param name="tween">quadratic</param>
        <param name="scrolltime">400</param>
        <param name="viewtype">list</param>
        <param name="offset_x">view_offx</param>
        <param name="offset_y">80</param>
        <param name="itemlayout_w" />
        <param name="itemlayout_h" />
        <param name="item_w" />
        <param name="item_h" />
        <param name="itemlayout_include" />
        <param name="padding_switch" />      
        <param name="focusedlayout_special">false</param>
        <param name="altfocus">false</param>
        <param name="detailed">false</param>
        <param name="wall_textlabels">false</param>
        <param name="indicator">true</param>
        <param name="hidden_button_enabled">false</param>
        <param name="hidden_button">List_Widget_Row_HiddenButton</param>
        <definition>
            <control type="$PARAM[control]" id="$PARAM[id]">
                <nested />
                <include content="$PARAM[hidden_button]_OnFocus" condition="$PARAM[hidden_button_enabled]">
                    <param name="prefix">$PARAM[hidden_button_prefix]</param>
                    <param name="container">Container($PARAM[id]).</param>
                    <param name="id">$PARAM[id]</param>
                </include>
                <orientation>$PARAM[orientation]</orientation>
                <preloaditems>$PARAM[preloaditems]</preloaditems>
                <scrolltime tween="$PARAM[tween]">$PARAM[scrolltime]</scrolltime>
                <itemlayout width="$PARAM[itemlayout_w]" height="$PARAM[itemlayout_h]">
                    <control type="group">
                        <left>$PARAM[offset_x]</left>
                        <right>-$PARAM[offset_x]</right>
                        <top>$PARAM[offset_y]</top>
                        <bottom>-$PARAM[offset_y]</bottom>
                        <include content="$PARAM[itemlayout_include]">
                            <param name="selected">false</param>
                            <param name="item_w">$PARAM[item_w]</param>
                            <param name="item_h">$PARAM[item_h]</param>
                            <param name="misc">$PARAM[misc]</param>
                            <param name="id">$PARAM[id]</param>
                            <param name="detailed">$PARAM[detailed]</param>
                            <param name="wall_textlabels">$PARAM[wall_textlabels]</param>
                            <param name="indicator">$PARAM[indicator]</param>
                            <param name="variation">$PARAM[variation]</param>
                            <param name="diffuse">$PARAM[diffuse]</param>
                            <param name="diffuse_downsize">$PARAM[diffuse_downsize]</param>
                            <param name="icon">$PARAM[icon]</param>
                            <param name="aspectratio">$PARAM[aspectratio]</param>
                            <param name="art">$PARAM[art]</param>
                            <param name="textcolor">$PARAM[textcolor]</param>
                            <param name="shadow_colordiffuse">$PARAM[shadow_colordiffuse]</param>
                            <param name="padding_switch">$PARAM[padding_switch]</param>
                            <param name="include_detailed_labels">$PARAM[include_detailed_labels]</param>
                            <param name="use_label2">$PARAM[use_label2]</param>
                        </include>
                    </control>
                </itemlayout>
                <include content="Object_FocusedLayout" condition="!$PARAM[focusedlayout_special]">
                    <param name="width">$PARAM[itemlayout_w]</param>
                    <param name="height">$PARAM[itemlayout_h]</param>
                    <include condition="$PARAM[hidden_button_enabled]" content="$PARAM[hidden_button]">
                        <param name="id">$PARAM[id]</param>
                        <param name="prefix">$PARAM[hidden_button_prefix]</param>
                    </include>
                    <control type="group">
                        <left>$PARAM[offset_x]</left>
                        <right>-$PARAM[offset_x]</right>
                        <top>$PARAM[offset_y]</top>
                        <bottom>-$PARAM[offset_y]</bottom>
                        <control type="group">
                            <animation effect="fade" start="100" end="0" condition="[Control.HasFocus($PARAM[id]) | $PARAM[altfocus]]">Conditional</animation>
                            <include content="$PARAM[itemlayout_include]">
                                <param name="focusedlayout">true</param>
                                <param name="selected">false</param>
                                <param name="item_w">$PARAM[item_w]</param>
                                <param name="item_h">$PARAM[item_h]</param>
                                <param name="misc">$PARAM[misc]</param>
                                <param name="id">$PARAM[id]</param>
                                <param name="detailed">$PARAM[detailed]</param>
                                <param name="wall_textlabels">$PARAM[wall_textlabels]</param>
                                <param name="indicator">$PARAM[indicator]</param>
                                <param name="variation">$PARAM[variation]</param>
                                <param name="diffuse">$PARAM[diffuse]</param>
                                <param name="diffuse_downsize">$PARAM[diffuse_downsize]</param>
                                <param name="icon">$PARAM[icon]</param>
                                <param name="aspectratio">$PARAM[aspectratio]</param>
                                <param name="art">$PARAM[art]</param>
                                <param name="textcolor">$PARAM[textcolor]</param>
                                <param name="shadow_colordiffuse">$PARAM[shadow_colordiffuse]</param>
                                <param name="padding_switch">$PARAM[padding_switch]</param>
                                <param name="include_detailed_labels">$PARAM[include_detailed_labels]</param>
                                <param name="use_label2">$PARAM[use_label2]</param>
                            </include>
                        </control>
                        <control type="group">
                            <animation effect="fade" start="100" end="0" condition="![Control.HasFocus($PARAM[id]) | $PARAM[altfocus]]">Conditional</animation>
                            <include content="$PARAM[itemlayout_include]">
                                <param name="focusedlayout">true</param>
                                <param name="selected">true</param>
                                <param name="item_w">$PARAM[item_w]</param>
                                <param name="item_h">$PARAM[item_h]</param>
                                <param name="misc">$PARAM[misc]</param>
                                <param name="id">$PARAM[id]</param>
                                <param name="detailed">$PARAM[detailed]</param>
                                <param name="wall_textlabels">$PARAM[wall_textlabels]</param>
                                <param name="indicator">$PARAM[indicator]</param>
                                <param name="variation">$PARAM[variation]</param>
                                <param name="diffuse">$PARAM[diffuse]</param>
                                <param name="diffuse_downsize">$PARAM[diffuse_downsize]</param>
                                <param name="icon">$PARAM[icon]</param>
                                <param name="aspectratio">$PARAM[aspectratio]</param>
                                <param name="art">$PARAM[art]</param>
                                <param name="textcolor">$PARAM[textcolor]</param>
                                <param name="shadow_colordiffuse">$PARAM[shadow_colordiffuse]</param>
                                <param name="padding_switch">$PARAM[padding_switch]</param>
                                <param name="include_detailed_labels">$PARAM[include_detailed_labels]</param>
                                <param name="use_label2">$PARAM[use_label2]</param>
                            </include>
                        </control>
                    </control>
                </include>
            </control>
        </definition>
    </include>

</includes>
