<?xml version="1.0" encoding="UTF-8"?>
<includes>

    <include name="Weather_Dialog">
        <definition>

            <include>Dialog_Dim_Overlay</include>
            
            <control type="group">
                <include>Dimension_DialogHugeMenu</include>
                <include>Animation_Right_Delay</include>

                <include content="Dialog_Foreground_Side">
                    <param name="dialog_size">Dimension_DialogHugeMenu</param>
                    <param name="topline">false</param>
                    <param name="subline">false</param>
                    <left>-240</left>

                    <!-- Header -->
                    <include content="Dialog_Head">
                        <param name="label">$INFO[Weather.Location]</param>
                        <param name="left">200</param>
                    </include>
                    <include>Dialog_Head_CloseButton</include>

                    <!-- Content -->
                    <control type="group">
                        <include>Dimension_Dialog_Body</include>
                        <control type="group">
                            <include content="Dialog_Group">
                                <param name="left">160</param>
                            </include>
                            <include>Weather_Details_Today</include>
                            <control type="group">
                                <left>520</left>
                                <right>0</right>
                                <top>-40</top>
                                <bottom>-40</bottom>
                                <include>Weather_Details_Panel</include>
                            </control>
                        </control>
                        <include content="Dialog_Scrollbar">
                            <onleft>9000</onleft>
                        </include>
                    </control>
                </include>
                
                <!-- Side Buttons -->
                <control type="group">
                    <left>-240</left>
                    <control type="group">
                        <include>Dimension_Dialog_Body</include>
                        <include>Dialog_Side_Panel_Group_Def</include>
                        <control type="grouplist" id="9000">
                            <include>Dialog_Side_Grouplist_Def</include>
                            <onleft>Close</onleft>
                            <include content="Dialog_Side_Button">
                                <param name="id">02</param>
                                <param name="label">$LOCALIZE[209] $LOCALIZE[31006]</param>
                                <param name="icon">special://skin/extras/icons/location-dot.png</param>
                                <onclick>Weather.LocationNext</onclick>
                                <onright>61</onright>
                            </include>
                            <include content="Dialog_Side_Button">
                                <param name="id">03</param>
                                <param name="label">$LOCALIZE[31310]</param>
                                <param name="icon">special://skin/extras/icons/fullscreen.png</param>
                                <onclick>PreviousMenu</onclick>
                                <onclick>ActivateWindow(weather)</onclick>
                                <onright>61</onright>
                            </include>
                            <include content="Dialog_Side_Button">
                                <param name="id">04</param>
                                <param name="label">$LOCALIZE[5]</param>
                                <param name="icon">special://skin/extras/icons/settings.png</param>
                                <onclick>PreviousMenu</onclick>
                                <onclick>ActivateWindow(servicesettings,weather)</onclick>
                                <onright>61</onright>
                            </include>
                            <include content="Dialog_Side_Button">
                                <param name="id">05</param>
                                <param name="label">$LOCALIZE[15067]</param>
                                <param name="icon">special://skin/extras/icons/circle-xmark.png</param>
                                <onclick>PreviousMenu</onclick>
                                <onright>61</onright>
                            </include>
                        </control>
                    </control>
                </control>

            </control>
        </definition>
    </include>

    <include name="Weather_Details_Today">
        <control type="group">
            <width>480</width>
            <control type="image">
                <left>0</left>
                <top>-40</top>
                <height>1</height>
                <texture colordiffuse="$VAR[Color_DialogBorder]">common/white.png</texture>
            </control>
            <control type="image">
                <left>0</left>
                <bottom>-40</bottom>
                <height>1</height>
                <texture colordiffuse="$VAR[Color_DialogBorder]">common/white.png</texture>
            </control>

            <control type="grouplist">
                <orientation>vertical</orientation>

                <control type="label">
                    <label>$LOCALIZE[33006]</label>
                    <font>font_head_bold</font>
                    <textcolor>dialog_fg_90</textcolor>
                    <height>40</height>
                    <align>center</align>
                </control>
                <control type="label">
                    <label>$INFO[Weather.Conditions]</label>
                    <font>font_main</font>
                    <textcolor>dialog_fg_90</textcolor>
                    <height>40</height>
                    <align>center</align>
                </control>

                <control type="grouplist">
                    <top>40</top>
                    <height>120</height>
                    <orientation>horizontal</orientation>
                    <align>center</align>
                    <control type="label">
                        <top>-2</top>
                        <label>$INFO[Window(Weather).Property(Current.Temperature),[B],[/B]°]</label>
                        <align>left</align>
                        <aligny>center</aligny>
                        <font>font_title_huge</font>
                        <textcolor>dialog_fg_90</textcolor>
                        <width>auto</width>
                    </control>
                    <control type="image">
                        <left>20</left>
                        <centertop>50%</centertop>
                        <width>128</width>
                        <height>128</height>
                        <aspectratio>keep</aspectratio>
                        <texture colordiffuse="dialog_fg_90">resource://resource.images.weathericons.white/$INFO[Weather.FanartCode].png</texture>
                    </control>
                </control>

                <control type="group">
                    <top>20</top>
                    <height>40</height>
                    <control type="image">
                        <centertop>50%</centertop>
                        <height>1</height>
                        <texture colordiffuse="$VAR[Color_DialogBorder]">common/white.png</texture>
                    </control>
                </control>

                <control type="grouplist">
                    <top>0</top>
                    <height>120</height>
                    <orientation>horizontal</orientation>
                    <align>center</align>
                    <!-- UV -->
                    <include content="Weather_Dialog_Details">
                        <param name="top_label">UV</param>
                        <param name="sub_label">$INFO[Window(Weather).Property(Current.UVIndex)]</param>
                        <visible>!String.IsEmpty(Window(Weather).Property(Current.UVIndex))</visible>
                    </include>
                    <!-- UV -->
                    <include content="Weather_Dialog_Details">
                        <param name="top_label">$INFO[Window(Weather).Property(Current.FeelsLike), ,°]</param>
                        <param name="sub_label">[CAPITALIZE]$LOCALIZE[402][/CAPITALIZE]</param>
                        <visible>!String.IsEmpty(Window(Weather).Property(Current.FeelsLike))</visible>
                    </include>
                    <!-- Chance Rain -->
                    <include content="Weather_Dialog_Details">
                        <param name="sub_label">[CAPITALIZE]$LOCALIZE[31465][/CAPITALIZE]</param>
                        <param name="top_label">$INFO[Window(Weather).Property(Current.ChancePrecipitation)]</param>
                        <visible>!String.IsEmpty(Window(Weather).Property(Current.ChancePrecipitation))</visible>
                    </include>
                </control>

                <control type="group">
                    <top>0</top>
                    <height>40</height>
                    <control type="image">
                        <centertop>50%</centertop>
                        <height>1</height>
                        <texture colordiffuse="$VAR[Color_DialogBorder]">common/white.png</texture>
                    </control>
                </control>

                <control type="group">
                    <top>20</top>
                    <height>280</height>
                    <width>480</width>
                    <include>Weather_Fanart_HighLow</include>
                </control>

            </control>


        </control>
    </include>

    <include name="Weather_Fanart_HighLow">
        <param name="fanartcode">$INFO[Weather.FanartCode]</param>
        <param name="diffuse">diffuse/landscape_w480_h270.png</param>
        <param name="day">Day0</param>
        <definition>
            <include content="Dialog_Outline_Box">
                <control type="multiimage">
                    <timeperimage>20000</timeperimage>
                    <randomize>true</randomize>
                    <fadetime>400</fadetime>
                    <aspectratio scalediffuse="false">scale</aspectratio>
                    <imagepath diffuse="$PARAM[diffuse]">resource://resource.images.weatherfanart.multi/$PARAM[fanartcode]/</imagepath>
                </control>
                <control type="group">
                    <height>120</height>
                    <width>140</width>
                    <left>20</left>
                    <top>20</top>
                    <include content="Dialog_Outline_Box">
                        <control type="image">
                            <texture colordiffuse="7f7f7f7f" border="20">common/dialog.png</texture>
                        </control>
                        <control type="image">
                            <texture colordiffuse="panel_fg_12" border="20">common/dialog.png</texture>
                        </control>
                        <control type="label">
                            <height>60</height>
                            <label>$INFO[Window(Weather).Property($PARAM[day].HighTemp),$LOCALIZE[393] ,°]</label>
                            <align>center</align>
                            <textcolor>panel_fg_90</textcolor>
                            <font>font_mini_bold</font>
                            <shadowcolor>panel_bg_70</shadowcolor>
                        </control>
                        <control type="group">
                            <height>2</height>
                            <centertop>50%</centertop>
                            <left>20</left>
                            <right>20</right>
                            <control type="image">
                                <height>1</height>
                                <texture colordiffuse="33000000">common/white.png</texture>
                            </control>
                            <control type="image">
                                <bottom>0</bottom>
                                <height>1</height>
                                <texture colordiffuse="panel_fg_12">common/white.png</texture>
                            </control>
                        </control>
                        <control type="label">
                            <height>60</height>
                            <bottom>0</bottom>
                            <label>$INFO[Window(Weather).Property($PARAM[day].LowTemp),$LOCALIZE[391] ,°]</label>
                            <align>center</align>
                            <textcolor>panel_fg_90</textcolor>
                            <font>font_mini_bold</font>
                            <shadowcolor>panel_bg_70</shadowcolor>
                        </control>
                    </include>
                </control>
            </include>
        </definition>
    </include>

    <include name="_Weather_Details_HighLow">
        <param name="diffuse">diffuse/landscape_w480_h270.png</param>
        <param name="day">Day0</param>
        <param name="temp_height">160</param>
        <param name="temp_centertop">33%</param>
        <param name="title_top">20</param>
        <param name="title_height">80</param>
        <param name="title_control">textbox</param>
        <param name="outlook_bottom">20</param>
        <param name="outlook_height">80</param>
        <param name="outlook_control">textbox</param>
        <param name="icon_height">160</param>
        <param name="icon_centerbottom">33%</param>
        <definition>


            <include content="Object_ItemBack">
                <param name="selected">false</param>
                <param name="shadow_colordiffuse">shadow_hard</param>
            </include>

            <control type="multiimage">
                <timeperimage>20000</timeperimage>
                <randomize>true</randomize>
                <fadetime>400</fadetime>
                <aspectratio scalediffuse="false">scale</aspectratio>
                <imagepath diffuse="$PARAM[diffuse]">$PARAM[imagepath]</imagepath>
            </control>

            <control type="group">
                <control type="image">
                    <texture colordiffuse="7f000000">$PARAM[diffuse]</texture>
                </control>
                <control type="$PARAM[title_control]">
                    <top>$PARAM[title_top]</top>
                    <height>$PARAM[title_height]</height>
                    <label>$PARAM[title]</label>
                    <textcolor>panel_fg_100</textcolor>
                    <font>font_main_bold</font>
                    <aligny>center</aligny>
                    <align>center</align>
                </control>
                <control type="group">
                    <centertop>$PARAM[temp_centertop]</centertop>
                    <height>$PARAM[temp_height]</height>
                    <control type="label">
                        <label>$PARAM[hightemp]$INFO[System.TemperatureUnits]</label>
                        <textcolor>panel_fg_100</textcolor>
                        <font>font_title_huge</font>
                        <aligny>center</aligny>
                        <align>center</align>
                        <height>80%</height>
                    </control>
                    <control type="label">
                        <label>$PARAM[lowtemp]$INFO[System.TemperatureUnits]</label>
                        <textcolor>panel_fg_100</textcolor>
                        <font>font_main_bold</font>
                        <aligny>center</aligny>
                        <align>center</align>
                        <height>20%</height>
                        <bottom>0</bottom>
                    </control>
                </control>
                <control type="image">
                    <texture background="true" colordiffuse="panel_fg_100">resource://resource.images.weathericons.white/$PARAM[fanartcode].png</texture>
                    <width>160</width>
                    <height>$PARAM[icon_height]</height>
                    <centerbottom>$PARAM[icon_centerbottom]</centerbottom>
                    <centerleft>50%</centerleft>
                    <aspectratio>keep</aspectratio>
                </control>
                <control type="$PARAM[outlook_control]">
                    <bottom>$PARAM[outlook_bottom]</bottom>
                    <height>$PARAM[outlook_height]</height>
                    <left>40</left>
                    <right>40</right>
                    <label>$PARAM[outlook]</label>
                    <textcolor>panel_fg_100</textcolor>
                    <font>font_main_plot</font>
                    <aligny>center</aligny>
                    <align>center</align>
                </control>
            </control>

        </definition>
    </include>

    <include name="Weather_Details_HighLow">
        <param name="diffuse">diffuse/landscape_w480_h270.png</param>
        <param name="day">Day0</param>
        <definition>
            <include content="_Weather_Details_HighLow">
                <param name="diffuse">$PARAM[diffuse]</param>
                <param name="fanartcode">$INFO[Window(weather).Property($PARAM[day].FanartCode)]</param>
                <param name="title">$INFO[Window(weather).Property($PARAM[day].Title)]</param>
                <param name="hightemp">$INFO[Window(weather).Property($PARAM[day].HighTemp)]</param>
                <param name="lowtemp">$INFO[Window(weather).Property($PARAM[day].LowTemp)]</param>
                <param name="outlook">$INFO[Window(weather).Property($PARAM[day].Outlook)]</param>
                <param name="imagepath">resource://resource.images.weatherfanart.multi/$INFO[Window(weather).Property($PARAM[day].FanartCode)]/</param>
            </include>
        </definition>
    </include>

    <include name="Weather_Details_HighLow_Item">
        <item>
            <label>$INFO[Window(weather).Property($PARAM[day].Title)][CR]$INFO[Window(weather).Property($PARAM[day].HighTemp)]$INFO[System.TemperatureUnits] - $INFO[Window(weather).Property($PARAM[day].LowTemp)]$INFO[System.TemperatureUnits]</label>
            <property name="fanartcode">$INFO[Window(weather).Property($PARAM[day].FanartCode)]</property>
            <property name="title">$INFO[Window(weather).Property($PARAM[day].Title)]</property>
            <property name="hightemp">$INFO[Window(weather).Property($PARAM[day].HighTemp)]</property>
            <property name="lowtemp">$INFO[Window(weather).Property($PARAM[day].LowTemp)]</property>
            <property name="outlook">$INFO[Window(weather).Property($PARAM[day].Outlook)]</property>
            <property name="biography">$INFO[Window(weather).Property($PARAM[day].Outlook),,[CR]]$INFO[Window(weather).Property($PARAM[day].ChancePrecipitation),$LOCALIZE[31465]: ,]</property>
            <property name="fanart">resource://resource.images.weatherfanart.multi/$INFO[Window(weather).Property($PARAM[day].FanartCode)]/weather-$INFO[Window(weather).Property($PARAM[day].FanartCode)]-00.jpg</property>
            <property name="imagepath">resource://resource.images.weatherfanart.multi/$INFO[Window(weather).Property($PARAM[day].FanartCode)]/</property>
            <property name="CustomInfo01">$LOCALIZE[8]</property>
            <property name="CustomInfo02">$INFO[Weather.Location]</property>
            <property name="is_weather">true</property>
            <onclick>ActivateWindow(1161)</onclick>
        </item>
    </include>

    <include name="Weather_Details_HighLow_Items">
        <content>
            <include content="Weather_Details_HighLow_Item">
                <param name="day">Day0</param>
            </include>
            <include content="Weather_Details_HighLow_Item">
                <param name="day">Day1</param>
            </include>
            <include content="Weather_Details_HighLow_Item">
                <param name="day">Day2</param>
            </include>
            <include content="Weather_Details_HighLow_Item">
                <param name="day">Day3</param>
            </include>
            <include content="Weather_Details_HighLow_Item">
                <param name="day">Day4</param>
            </include>
        </content>
    </include>

    <include name="Weather_Details_WindRain_Itemlayout">
        <control type="group">
            <include content="Dimension_Padding">
                <param name="pad">20</param>
            </include>
            <include content="Dialog_Outline_Box">
                <control type="label">
                    <top>20</top>
                    <left>30</left>
                    <right>30</right>
                    <height>40</height>
                    <label>$INFO[ListItem.Label]</label>
                    <textcolor>dialog_fg_90</textcolor>
                    <font>font_mini_bold</font>
                    <aligny>center</aligny>
                    <align>right</align>
                </control>
                <control type="image">
                    <texture background="true" colordiffuse="dialog_fg_90">$INFO[ListItem.Icon]</texture>
                    <left>30</left>
                    <right>30</right>
                    <top>30</top>
                    <bottom>30</bottom>
                    <aspectratio align="left">keep</aspectratio>
                </control>
                <control type="label">
                    <bottom>20</bottom>
                    <height>40</height>
                    <left>30</left>
                    <right>30</right>
                    <label>$INFO[ListItem.Label2]</label>
                    <textcolor>dialog_fg_90</textcolor>
                    <font>font_mini</font>
                    <aligny>center</aligny>
                    <align>right</align>
                </control>
            </include>
        </control>
    </include>

    <include name="Weather_Details_WindRain">
        <param name="width">506.66</param>
        <definition>
            <control type="list">
                <nested />
                <orientation>vertical</orientation>
                <width>$PARAM[width]</width>
                <height>320</height>
                <itemlayout width="$PARAM[width]" height="160">
                    <include>Weather_Details_WindRain_Itemlayout</include>
                </itemlayout>
                <focusedlayout width="$PARAM[width]" height="160">
                    <include>Weather_Details_WindRain_Itemlayout</include>
                </focusedlayout>

                <content>
                    <item>
                        <label>$LOCALIZE[383]</label>
                        <label2>$INFO[Window(Weather).Property(Current.Wind)]</label2>
                        <icon>$INFO[Window(Weather).Property(Current.WindDirection),weather/wind/,.png]</icon>
                    </item>
                    <item>
                        <label>$LOCALIZE[1448]</label>
                        <label2>$INFO[Window(Weather).Property(Current.Precipitation)]$INFO[Window(Weather).Property(Current.Humidity), $LOCALIZE[19107] , [LOWERCASE]$LOCALIZE[406][/LOWERCASE]]</label2>
                        <icon>weather/rainfall.png</icon>
                    </item>


                </content>
            </control>
        </definition>
    </include>

    <include name="Weather_Details_SunriseSunset_Itemlayout">
        <control type="group">
            <include content="Dimension_Padding">
                <param name="pad">20</param>
            </include>
            <include content="Dialog_Outline_Box">
                <control type="label">
                    <top>20</top>
                    <left>30</left>
                    <right>30</right>
                    <height>40</height>
                    <label>$INFO[ListItem.Label]</label>
                    <textcolor>dialog_fg_90</textcolor>
                    <font>font_mini_bold</font>
                    <aligny>center</aligny>
                    <align>center</align>
                </control>
                <control type="label">
                    <bottom>20</bottom>
                    <height>40</height>
                    <left>30</left>
                    <right>30</right>
                    <label>$INFO[ListItem.Label2]</label>
                    <textcolor>dialog_fg_90</textcolor>
                    <font>font_mini</font>
                    <aligny>center</aligny>
                    <align>center</align>
                </control>
            </include>
        </control>
    </include>

    <include name="Weather_Details_SunriseSunset">
        <param name="width">253.33</param>
        <definition>
            <control type="list">
                <nested />
                <orientation>vertical</orientation>
                <width>$PARAM[width]</width>
                <height>320</height>
                <itemlayout width="$PARAM[width]" height="160">
                    <include>Weather_Details_SunriseSunset_Itemlayout</include>
                </itemlayout>
                <focusedlayout width="$PARAM[width]" height="160">
                    <include>Weather_Details_SunriseSunset_Itemlayout</include>
                </focusedlayout>

                <content>
                    <item>
                        <label>$LOCALIZE[33027]</label>
                        <label2>$VAR[Weather_Sunrise]</label2>
                        <icon>$INFO[Window(Weather).Property(Current.WindDirection),weather/wind/,.png]</icon>
                    </item>
                    <item>
                        <label>$LOCALIZE[33028]</label>
                        <label2>$VAR[Weather_Sunset]</label2>
                        <icon>$INFO[Window(Weather).Property(Current.WindDirection),weather/wind/,.png]</icon>
                    </item>
                </content>
            </control>
        </definition>
    </include>

    <include name="Weather_Details_Daily_Itemlayout">
        <control type="group">
            <include content="Dimension_Padding">
                <param name="pad">20</param>
            </include>
            <include content="Dialog_Outline_Box">
                <control type="label">
                    <top>20</top>
                    <height>40</height>
                    <label>$INFO[ListItem.Property(DayName)]</label>
                    <textcolor>dialog_fg_90</textcolor>
                    <font>font_mini_bold</font>
                    <aligny>center</aligny>
                    <align>center</align>
                </control>
                <control type="image">
                    <texture background="true" colordiffuse="dialog_fg_90">$INFO[ListItem.Icon]</texture>
                    <include content="Dimension_Padding">
                        <param name="pad">50</param>
                    </include>
                    <aspectratio>keep</aspectratio>
                </control>
                <control type="label">
                    <bottom>20</bottom>
                    <height>40</height>
                    <label>[COLOR=00ffffff]°[/COLOR]$INFO[ListItem.Label]</label>
                    <textcolor>dialog_fg_90</textcolor>
                    <font>font_mini_bold</font>
                    <aligny>center</aligny>
                    <align>center</align>
                </control>
            </include>
        </control>
    </include>

    <include name="Weather_Details_Daily">
        <param name="width">253.33</param>
        <param name="height">240</param>
        <definition>
            <control type="panel">
                <nested />
                <itemlayout width="$PARAM[width]" height="$PARAM[height]">
                    <include>Weather_Details_Daily_Itemlayout</include>
                </itemlayout>
                <focusedlayout width="$PARAM[width]" height="$PARAM[height]">
                    <include>Weather_Details_Daily_Itemlayout</include>
                </focusedlayout>
                <content>
                    <include>Weather_Forecast_Weekly_Items</include>
                </content>
            </control>
        </definition>
    </include>

    <include name="Weather_Details_Panel">
        <include content="Dialog_Outline_InnerBox">

            <control type="grouplist">
                <orientation>vertical</orientation>
                <pagecontrol>61</pagecontrol>


                <include>Weather_Details_Panel_Standard</include>
                <include>Weather_Details_Panel_Forecast</include>
                <include>Weather_Details_Panel_Graph</include>
                <include>Weather_Details_Panel_Radar</include>
            </control>
        </include>
    </include>

    <include name="Weather_Details_Panel_Standard">
        <control type="group">
            <height>840</height>
            <control type="group">
                <include content="Dimension_Padding">
                    <param name="pad">40</param>
                </include>

                <include content="Weather_Details_Daily">
                    <include content="Dimension_Padding">
                        <param name="pad">-20</param>
                    </include>
                    <height>480</height>
                </include>

                <include content="Weather_Details_WindRain">
                    <top>460</top>
                    <left>-20</left>
                </include>
                <include content="Weather_Details_SunriseSunset">
                    <top>460</top>
                    <right>-20</right>
                </include>
            </control>
        </control>
    </include>

    <include name="Weather_Item_Backing">
        <include>Object_Shadow_40</include>
        <control type="multiimage">
            <timeperimage>20000</timeperimage>
            <randomize>true</randomize>
            <fadetime>400</fadetime>
            <aspectratio scalediffuse="false">scale</aspectratio>
            <imagepath diffuse="$PARAM[diffuse]" colordiffuse="ff555555">$PARAM[imagepath]</imagepath>
        </control>
        <control type="image">
            <texture colordiffuse="panel_fg_12" border="20">common/box.png</texture>
        </control>
    </include>

    <include name="Weather_Item_Icon">
        <control type="group">
            <nested />
            <height>$PARAM[size]</height>
            <width>$PARAM[size]</width>
            <control type="image">
                <left>1</left>
                <top>1</top>
                <height>$PARAM[size]</height>
                <width>$PARAM[size]</width>
                <aspectratio align="center" aligny="center">keep</aspectratio>
                <texture colordiffuse="panel_bg_70">$PARAM[icon]</texture>
            </control>
            <control type="image">
                <height>$PARAM[size]</height>
                <width>$PARAM[size]</width>
                <aspectratio align="center" aligny="center">keep</aspectratio>
                <texture colordiffuse="panel_fg_90">$PARAM[icon]</texture>
            </control>
        </control>
    </include>

    <include name="Weather_Item_Label">
        <control type="label">
            <nested />
            <height>40</height>
            <font>font_main_bold</font>
            <shadowcolor>panel_bg_70</shadowcolor>
            <textcolor>panel_fg_90</textcolor>
        </control>
    </include>

    <include name="Weather_Dialog_Details">
        <control type="group">
            <nested />
            <width>160</width>
            <control type="label">
                <top>20</top>
                <height>40</height>
                <label>$PARAM[top_label]</label>
                <align>center</align>
                <aligny>center</aligny>
                <font>font_midi_bold</font>
                <textcolor>dialog_fg_90</textcolor>
            </control>
            <control type="label">
                <height>40</height>
                <bottom>20</bottom>
                <label>$PARAM[sub_label]</label>
                <align>center</align>
                <aligny>center</aligny>
                <font>font_mini</font>
                <textcolor>dialog_fg_90</textcolor>
            </control>
        </control>
    </include>

    <variable name="Weather_Sunrise">
        <value condition="!String.IsEmpty(Window(Weather).Property(Current.Sunrise))">$INFO[Window(Weather).Property(Current.Sunrise)]</value>
        <value condition="!String.IsEmpty(Window(Weather).Property(Today.Sunrise))">$INFO[Window(Weather).Property(Today.Sunrise)]</value>
    </variable>

    <variable name="Weather_Sunset">
        <value condition="!String.IsEmpty(Window(Weather).Property(Current.Sunset))">$INFO[Window(Weather).Property(Current.Sunset)]</value>
        <value condition="!String.IsEmpty(Window(Weather).Property(Today.Sunset))">$INFO[Window(Weather).Property(Today.Sunset)]</value>
    </variable>

    <variable name="Weather_LowTemp">
        <value condition="!String.IsEmpty(Window(Weather).Property(Current.LowTemp))">$INFO[Window(Weather).Property(Current.LowTemp),,°]</value>
        <value condition="!String.IsEmpty(Window(Weather).Property(Day0.LowTemp))">$INFO[Window(Weather).Property(Day0.LowTemp),,°]</value>
    </variable>
    <variable name="Weather_HighTemp">
        <value condition="!String.IsEmpty(Window(Weather).Property(Current.HighTemp))">$INFO[Window(Weather).Property(Current.HighTemp),,°]</value>
        <value condition="!String.IsEmpty(Window(Weather).Property(Day0.HighTemp))">$INFO[Window(Weather).Property(Day0.HighTemp),,°]</value>
    </variable>
</includes>
