<?xml version="1.0" encoding="UTF-8"?>
<window type="window">
    <defaultcontrol always="true">52</defaultcontrol>
    <onunload>SetProperty(System.ProfileNumber,$INFO[Container(52).CurrentItem],Home)</onunload>
    <controls>

        <control type="group">
            <include>Background_StartUp</include>
            <include>Object_StartUp_Logo</include>

            <control type="group">
                <top>570</top>
                <height>360</height>
                <control type="group">
                    <top>0</top>
                    <control type="label">
                        <top>20</top>
                        <align>center</align>
                        <height>40</height>
                        <font>font_main_bold</font>
                        <textcolor>main_fg_100</textcolor>
                        <label>$INFO[Container(52).ListItem.Label]</label>
                    </control>
                    <control type="label">
                        <top>50</top>
                        <align>center</align>
                        <height>40</height>
                        <textcolor>main_fg_70</textcolor>
                        <label>$INFO[Container(52).ListItem.Label2]</label>
                        <animation effect="fade" reversible="false" start="0" end="100" time="300" delay="200">Visible</animation>
                        <visible>!Container(52).OnNext + !Container(52).OnPrevious</visible>
                    </control>
                </control>
                <control type="image">
                    <left>240</left>
                    <top>40</top>
                    <width>80</width>
                    <aspectratio>keep</aspectratio>
                    <height>120</height>
                    <texture colordiffuse="panel_fg_70" flipx="true">arrows/arrow-240.png</texture>
                    <visible>Container(52).HasPrevious</visible>
                </control>
                <control type="image">
                    <right>240</right>
                    <top>40</top>
                    <width>80</width>
                    <aspectratio>keep</aspectratio>
                    <height>120</height>
                    <texture colordiffuse="panel_fg_70" flipx="false">arrows/arrow-240.png</texture>
                    <visible>Container(52).HasNext</visible>
                </control>
                <control type="fixedlist" id="52">
                    <centerleft>50%</centerleft>
                    <width>1440</width>
                    <height>360</height>
                    <orientation>horizontal</orientation>
                    <focusposition>1</focusposition>
                    <preloaditems>0</preloaditems>
                    <onup>ActivateWindow(shutdownmenu)</onup>
                    <ondown>ActivateWindow(shutdownmenu)</ondown>
                    <scrolltime tween="cubic" easing="out">500</scrolltime>
                    <itemlayout width="480">
                        <control type="group">
                            <top>40</top>
                            <centerleft>50%</centerleft>
                            <height>120</height>
                            <width>120</width>
                            <control type="image">
                                <include content="Dimension_Padding">
                                    <param name="pad">-40</param>
                                </include>
                                <bordersize>40</bordersize>
                                <bordertexture colordiffuse="shadow_hard">shadows/circle_120-shadow-40.png</bordertexture>
                                <texture colordiffuse="main_fg_100">diffuse/circle/circle_120.png</texture>
                            </control>
                            <control type="image">
                                <bordersize>4</bordersize>
                                <aspectratio scalediffuse="false">scale</aspectratio>
                                <texture diffuse="diffuse/circle/circle_120.png">$VAR[Image_ProfileIcon]</texture>
                            </control>
                        </control>
                    </itemlayout>
                    <focusedlayout width="480">
                        <control type="group">
                            <animation condition="Container(52).OnNext" effect="slide" start="0,-80" end="0" delay="0" time="500" tween="sine" easing="out" reversible="false">Focus</animation>

                            <animation condition="Container(52).OnNext" effect="slide" start="0" end="0,-80" delay="0" time="500" tween="sine" easing="out" reversible="false">UnFocus</animation>

                            <animation condition="Container(52).OnPrevious" effect="slide" start="0,-80" end="0" delay="0" time="500" tween="sine" easing="out" reversible="false">Focus</animation>

                            <animation condition="Container(52).OnPrevious" effect="slide" start="0" end="0,-80" delay="0" time="500" tween="sine" easing="out" reversible="false">UnFocus</animation>

                            <top>120</top>
                            <centerleft>50%</centerleft>
                            <height>120</height>
                            <width>120</width>
                            <control type="image">
                                <include content="Dimension_Padding">
                                    <param name="pad">-40</param>
                                </include>
                                <bordersize>40</bordersize>
                                <bordertexture colordiffuse="shadow_hard">shadows/circle_120-shadow-40.png</bordertexture>
                                <texture colordiffuse="main_fg_100">diffuse/circle/circle_120.png</texture>
                            </control>
                            <control type="image">
                                <bordersize>-2</bordersize>
                                <animation effect="fade" start="100" end="0" delay="0" time="300" reversible="false">UnFocus</animation>
                                <animation effect="fade" start="0" end="100" delay="200" time="300" reversible="false">Focus</animation>
                                <include>Texture_Circle_Highlight_V</include>
                            </control>
                            <control type="image">
                                <bordersize>4</bordersize>
                                <aspectratio scalediffuse="false">scale</aspectratio>
                                <texture diffuse="diffuse/circle/circle_120.png">$VAR[Image_ProfileIcon]</texture>
                            </control>
                        </control>
                    </focusedlayout>
                </control>
            </control>


        </control>
    </controls>
</window>