<?xml version="1.0" encoding="UTF-8"?>
<window>
    <views>50</views>
    <defaultcontrol always="true">50</defaultcontrol>
    <include>Action_Blur_Onload</include>
    <include>Action_BlurImage_SimpleBackground_Onload</include>
    <controls>
        <include>Defs_Background_Loader</include>
        <include>Background</include>

        <include content="Settings_Dialog">
            <include content="Settings_Main_Group">

                <include content="Settings_Left_Group">
                    <include content="Settings_Left_Content">
                        <include content="Settings_Category_List">
                            <param name="id">150</param>
                            <param name="control">panel</param>
                            <onright>5</onright>
                            <right>40</right>
                            <content>
                                <item id="1">
                                    <label>$LOCALIZE[502]</label>
                                    <onclick>SendClick(6)</onclick>
                                </item>
                                <item id="2">
                                    <label>$LOCALIZE[190]</label>
                                    <onclick>SendClick(7)</onclick>
                                </item>
                                <item id="3">
                                    <label>$LOCALIZE[192]</label>
                                    <onclick>SendClick(8)</onclick>
                                </item>
                            </content>
                        </include>
                    </include>
                </include>

                <include content="Settings_Right_Group">

                    <control type="group" id="5">
                        <control type="group">


                            <control type="group">
                                <width>50%</width>

                                <include content="List_AddonCategories">
                                    <param name="id">50</param>
                                    <param name="detailed">true</param>
                                    <param name="width" />
                                    <param name="textcolor">main_fg</param>
                                    <pagecontrol>60</pagecontrol>
                                    <onright>60</onright>
                                    <onleft>150</onleft>
                                    <include content="Dimension_Padding">
                                        <param name="pad">20</param>
                                    </include>
                                </include>

                                <control type="group">
                                    <centerright>0</centerright>
                                    <bottom>20</bottom>
                                    <top>20</top>
                                    <width>scrollbar_w</width>

                                    <control type="image">
                                        <texture colordiffuse="main_fg_12" border="4">scrollbar/scrollv_line.png</texture>
                                    </control>

                                    <control type="scrollbar" id="60">
                                        <orientation>vertical</orientation>
                                        <texturesliderbar colordiffuse="main_logo" border="4">scrollbar/scrollv.png</texturesliderbar>
                                        <showonepage>false</showonepage>
                                        <include>Texture_Scrollbar_V</include>
                                        <onleft>50</onleft>
                                        <onright>100</onright>
                                    </control>
                                </control>

                                <control type="group">
                                    <height>40</height>
                                    <centerbottom>-60</centerbottom>
                                    <left>40</left>
                                    <right>20</right>

                                    <control type="label">
                                        <font>font_hint_bold</font>
                                        <height>10</height>
                                        <textcolor>main_fg_30</textcolor>
                                        <label>$LOCALIZE[31324]</label>
                                    </control>

                                    <control type="label">
                                        <top>25</top>
                                        <width>auto</width>
                                        <aligny>center</aligny>
                                        <height>20</height>
                                        <textcolor>main_fg_70</textcolor>
                                        <font>font_tiny</font>
                                        <textoffsetx>0</textoffsetx>
                                        <wrapmultiline>false</wrapmultiline>
                                        <label>$INFO[Control.GetLabel(12)]</label>
                                        <haspath>true</haspath>
                                    </control>

                                </control>

                            </control>

                            <control type="group">
                                <right>0</right>
                                <width>50%</width>

                                <include content="List_AddonCategories">
                                    <param name="id">100</param>
                                    <param name="detailed">true</param>
                                    <param name="width" />
                                    <param name="textcolor">main_fg</param>
                                    <onleft>60</onleft>
                                    <pagecontrol>61</pagecontrol>
                                    <onright>61</onright>
                                    <include content="Dimension_Padding">
                                        <param name="pad">20</param>
                                    </include>
                                </include>
                                <control type="group">
                                    <centerright>-20</centerright>
                                    <bottom>20</bottom>
                                    <top>20</top>
                                    <width>scrollbar_w</width>
                                    <control type="scrollbar" id="61">
                                        <orientation>vertical</orientation>
                                        <texturesliderbackground colordiffuse="main_fg_12" border="4">scrollbar/scrollv_line.png</texturesliderbackground>
                                        <texturesliderbar colordiffuse="main_logo" border="4">scrollbar/scrollv.png</texturesliderbar>
                                        <showonepage>false</showonepage>
                                        <include>Texture_Scrollbar_V</include>
                                        <onleft>100</onleft>
                                    </control>
                                </control>

                                <control type="group">
                                    <height>40</height>
                                    <centerbottom>-60</centerbottom>
                                    <left>40</left>
                                    <right>20</right>

                                    <control type="label">
                                        <font>font_hint_bold</font>
                                        <height>10</height>
                                        <textcolor>main_fg_30</textcolor>
                                        <label>$LOCALIZE[559]</label>
                                    </control>

                                    <control type="label">
                                        <top>25</top>
                                        <width>auto</width>
                                        <aligny>center</aligny>
                                        <height>20</height>
                                        <textcolor>main_fg_70</textcolor>
                                        <font>font_tiny</font>
                                        <textoffsetx>0</textoffsetx>
                                        <wrapmultiline>false</wrapmultiline>
                                        <label>$INFO[Control.GetLabel(101)]</label>
                                        <haspath>true</haspath>
                                    </control>
                                </control>

                            </control>
                        </control>

                    </control>

                </include>
            </include>
        </include>

        <include content="Object_Hidden_Button">
            <param name="id">101</param>
            <param name="control">label</param>
        </include>
        <include content="Object_Hidden_Button">
            <param name="id">12</param>
            <param name="control">label</param>
        </include>

        <include content="Object_Hidden_Button">
            <param name="id">6</param>
            <param name="control">button</param>
        </include>
        <include content="Object_Hidden_Button">
            <param name="id">7</param>
            <param name="control">button</param>
        </include>
        <include content="Object_Hidden_Button">
            <param name="id">8</param>
            <param name="control">button</param>
        </include>
    </controls>

</window>
