<?xml version="1.0" encoding="UTF-8"?>
<window>
    <views>500,501,502,503,504,505</views>
    <defaultcontrol always="true">500</defaultcontrol>
    <menucontrol>8000</menucontrol>
    <include content="_Action_Blur_Onload">
        <param name="sourceimage">Art(fanart)|Property(fanart)||EPGEventIcon|Icon</param>
    </include>
    <include>Action_Media_Onload</include>
    
    <onload condition="![Control.IsVisible(502) | Control.IsVisible(503)]">SetProperty(Background.ShowOverlay,True,Home)</onload>
    <onload condition="[Control.IsVisible(502) | Control.IsVisible(503)]">ClearProperty(Background.ShowOverlay,Home)</onload>

    <controls>
        <include>Defs_Background_Loader</include>
        <include>Background</include>

        <include content="Object_Hidden_Button">
            <param name="id">64</param>
            <onfocus>SetFocus(9000)</onfocus>
        </include>
        <include content="Object_Hidden_Button">
            <param name="id">50</param>
            <include>Action_View_SlideOver_OnFocus</include>
            <onfocus>SetFocus(500)</onfocus>
        </include>

        <include content="View_PVR_Main">
            <param name="include">View_PVRGuide</param>
        </include>

    </controls>

</window>
