<?xml version="1.0" encoding="UTF-8"?>
<window>
    <views>50,51,52</views>
    <defaultcontrol always="true">50</defaultcontrol>
    <menucontrol>8000</menucontrol>
    <include content="_Action_Blur_Onload">
        <param name="sourceimage">Art(fanart)|Property(fanart)||EPGEventIcon|Icon</param>
    </include>
    <include>Action_Media_Onload</include>
    <controls>
        <include>Defs_Background_Loader</include>
        <include>Background</include>

        <include content="Object_Hidden_Button">
            <param name="id">64</param>
            <onfocus>SetFocus(9000)</onfocus>
        </include>

        <include content="View_PVR_Main">
            <param name="include">View_PVRChannels</param>
        </include>

    </controls>

</window>
