<?xml version="1.0" encoding="UTF-8"?>
<includes>

    <variable name="Defs_PercentPlayed_C50">
        <value condition="!Skin.HasSetting(Indicator.DisableEpisodes) + !String.IsEmpty(Container(50).ListItem.Property(WatchedEpisodePercent)) + !Integer.IsEqual(Container(50).ListItem.Property(WatchedEpisodePercent),0) + !Integer.IsEqual(Container(50).ListItem.Property(WatchedEpisodePercent),100)">$INFO[Container(50).ListItem.Property(WatchedEpisodePercent)]</value>
        <value condition="!Skin.HasSetting(Indicator.DisableProgress) + !String.IsEmpty(Container(50).ListItem.PercentPlayed) + [!Integer.IsEqual(Container(50).ListItem.PercentPlayed,0) | Container(50).ListItem.IsResumable]">$INFO[Container(50).ListItem.PercentPlayed]</value>
        <value condition="!Skin.HasSetting(Indicator.DisableProgress) + !String.IsEmpty(Container(50).ListItem.Property(WatchedProgress)) + !Integer.IsEqual(Container(50).ListItem.Property(WatchedProgress),0) + !Integer.IsEqual(Container(50).ListItem.Property(WatchedProgress),100)">$INFO[Container(50).ListItem.Property(WatchedProgress)]</value>
    </variable>
    <variable name="Defs_PercentPlayed_C51">
        <value condition="!Skin.HasSetting(Indicator.DisableEpisodes) + !String.IsEmpty(Container(51).ListItem.Property(WatchedEpisodePercent)) + !Integer.IsEqual(Container(51).ListItem.Property(WatchedEpisodePercent),0) + !Integer.IsEqual(Container(51).ListItem.Property(WatchedEpisodePercent),100)">$INFO[Container(51).ListItem.Property(WatchedEpisodePercent)]</value>
        <value condition="!Skin.HasSetting(Indicator.DisableProgress) + !String.IsEmpty(Container(51).ListItem.PercentPlayed) + [!Integer.IsEqual(Container(51).ListItem.PercentPlayed,0) | Container(51).ListItem.IsResumable]">$INFO[Container(51).ListItem.PercentPlayed]</value>
        <value condition="!Skin.HasSetting(Indicator.DisableProgress) + !String.IsEmpty(Container(51).ListItem.Property(WatchedProgress)) + !Integer.IsEqual(Container(51).ListItem.Property(WatchedProgress),0) + !Integer.IsEqual(Container(51).ListItem.Property(WatchedProgress),100)">$INFO[Container(51).ListItem.Property(WatchedProgress)]</value>
    </variable>
    <variable name="Defs_PercentPlayed_C52">
        <value condition="!Skin.HasSetting(Indicator.DisableEpisodes) + !String.IsEmpty(Container(52).ListItem.Property(WatchedEpisodePercent)) + !Integer.IsEqual(Container(52).ListItem.Property(WatchedEpisodePercent),0) + !Integer.IsEqual(Container(52).ListItem.Property(WatchedEpisodePercent),100)">$INFO[Container(52).ListItem.Property(WatchedEpisodePercent)]</value>
        <value condition="!Skin.HasSetting(Indicator.DisableProgress) + !String.IsEmpty(Container(52).ListItem.PercentPlayed) + [!Integer.IsEqual(Container(52).ListItem.PercentPlayed,0) | Container(52).ListItem.IsResumable]">$INFO[Container(52).ListItem.PercentPlayed]</value>
        <value condition="!Skin.HasSetting(Indicator.DisableProgress) + !String.IsEmpty(Container(52).ListItem.Property(WatchedProgress)) + !Integer.IsEqual(Container(52).ListItem.Property(WatchedProgress),0) + !Integer.IsEqual(Container(52).ListItem.Property(WatchedProgress),100)">$INFO[Container(52).ListItem.Property(WatchedProgress)]</value>
    </variable>
    <variable name="Defs_PercentPlayed_C503">
        <value condition="!Skin.HasSetting(Indicator.DisableEpisodes) + !String.IsEmpty(Container(503).ListItem.Property(WatchedEpisodePercent)) + !Integer.IsEqual(Container(503).ListItem.Property(WatchedEpisodePercent),0) + !Integer.IsEqual(Container(503).ListItem.Property(WatchedEpisodePercent),100)">$INFO[Container(503).ListItem.Property(WatchedEpisodePercent)]</value>
        <value condition="!Skin.HasSetting(Indicator.DisableProgress) + !String.IsEmpty(Container(503).ListItem.PercentPlayed) + [!Integer.IsEqual(Container(503).ListItem.PercentPlayed,0) | Container(503).ListItem.IsResumable]">$INFO[Container(503).ListItem.PercentPlayed]</value>
        <value condition="!Skin.HasSetting(Indicator.DisableProgress) + !String.IsEmpty(Container(503).ListItem.Property(WatchedProgress)) + !Integer.IsEqual(Container(503).ListItem.Property(WatchedProgress),0) + !Integer.IsEqual(Container(503).ListItem.Property(WatchedProgress),100)">$INFO[Container(503).ListItem.Property(WatchedProgress)]</value>
    </variable>
    <variable name="Defs_PercentPlayed_C513">
        <value condition="!Skin.HasSetting(Indicator.DisableEpisodes) + !String.IsEmpty(Container(513).ListItem.Property(WatchedEpisodePercent)) + !Integer.IsEqual(Container(513).ListItem.Property(WatchedEpisodePercent),0) + !Integer.IsEqual(Container(513).ListItem.Property(WatchedEpisodePercent),100)">$INFO[Container(513).ListItem.Property(WatchedEpisodePercent)]</value>
        <value condition="!Skin.HasSetting(Indicator.DisableProgress) + !String.IsEmpty(Container(513).ListItem.PercentPlayed) + [!Integer.IsEqual(Container(513).ListItem.PercentPlayed,0) | Container(513).ListItem.IsResumable]">$INFO[Container(513).ListItem.PercentPlayed]</value>
        <value condition="!Skin.HasSetting(Indicator.DisableProgress) + !String.IsEmpty(Container(513).ListItem.Property(WatchedProgress)) + !Integer.IsEqual(Container(513).ListItem.Property(WatchedProgress),0) + !Integer.IsEqual(Container(513).ListItem.Property(WatchedProgress),100)">$INFO[Container(513).ListItem.Property(WatchedProgress)]</value>
    </variable>
    <variable name="Defs_PercentPlayed_C514">
        <value condition="!Skin.HasSetting(Indicator.DisableEpisodes) + !String.IsEmpty(Container(514).ListItem.Property(WatchedEpisodePercent)) + !Integer.IsEqual(Container(514).ListItem.Property(WatchedEpisodePercent),0) + !Integer.IsEqual(Container(514).ListItem.Property(WatchedEpisodePercent),100)">$INFO[Container(514).ListItem.Property(WatchedEpisodePercent)]</value>
        <value condition="!Skin.HasSetting(Indicator.DisableProgress) + !String.IsEmpty(Container(514).ListItem.PercentPlayed) + [!Integer.IsEqual(Container(514).ListItem.PercentPlayed,0) | Container(514).ListItem.IsResumable]">$INFO[Container(514).ListItem.PercentPlayed]</value>
        <value condition="!Skin.HasSetting(Indicator.DisableProgress) + !String.IsEmpty(Container(514).ListItem.Property(WatchedProgress)) + !Integer.IsEqual(Container(514).ListItem.Property(WatchedProgress),0) + !Integer.IsEqual(Container(514).ListItem.Property(WatchedProgress),100)">$INFO[Container(514).ListItem.Property(WatchedProgress)]</value>
    </variable>
    <variable name="Defs_PercentPlayed_C515">
        <value condition="!Skin.HasSetting(Indicator.DisableEpisodes) + !String.IsEmpty(Container(515).ListItem.Property(WatchedEpisodePercent)) + !Integer.IsEqual(Container(515).ListItem.Property(WatchedEpisodePercent),0) + !Integer.IsEqual(Container(515).ListItem.Property(WatchedEpisodePercent),100)">$INFO[Container(515).ListItem.Property(WatchedEpisodePercent)]</value>
        <value condition="!Skin.HasSetting(Indicator.DisableProgress) + !String.IsEmpty(Container(515).ListItem.PercentPlayed) + [!Integer.IsEqual(Container(515).ListItem.PercentPlayed,0) | Container(515).ListItem.IsResumable]">$INFO[Container(515).ListItem.PercentPlayed]</value>
        <value condition="!Skin.HasSetting(Indicator.DisableProgress) + !String.IsEmpty(Container(515).ListItem.Property(WatchedProgress)) + !Integer.IsEqual(Container(515).ListItem.Property(WatchedProgress),0) + !Integer.IsEqual(Container(515).ListItem.Property(WatchedProgress),100)">$INFO[Container(515).ListItem.Property(WatchedProgress)]</value>
    </variable>
    <variable name="Defs_PercentPlayed_C523">
        <value condition="!Skin.HasSetting(Indicator.DisableEpisodes) + !String.IsEmpty(Container(523).ListItem.Property(WatchedEpisodePercent)) + !Integer.IsEqual(Container(523).ListItem.Property(WatchedEpisodePercent),0) + !Integer.IsEqual(Container(523).ListItem.Property(WatchedEpisodePercent),100)">$INFO[Container(523).ListItem.Property(WatchedEpisodePercent)]</value>
        <value condition="!Skin.HasSetting(Indicator.DisableProgress) + !String.IsEmpty(Container(523).ListItem.PercentPlayed) + [!Integer.IsEqual(Container(523).ListItem.PercentPlayed,0) | Container(523).ListItem.IsResumable]">$INFO[Container(523).ListItem.PercentPlayed]</value>
        <value condition="!Skin.HasSetting(Indicator.DisableProgress) + !String.IsEmpty(Container(523).ListItem.Property(WatchedProgress)) + !Integer.IsEqual(Container(523).ListItem.Property(WatchedProgress),0) + !Integer.IsEqual(Container(523).ListItem.Property(WatchedProgress),100)">$INFO[Container(523).ListItem.Property(WatchedProgress)]</value>
    </variable>
    <variable name="Defs_PercentPlayed_C543">
        <value condition="!Skin.HasSetting(Indicator.DisableEpisodes) + !String.IsEmpty(Container(543).ListItem.Property(WatchedEpisodePercent)) + !Integer.IsEqual(Container(543).ListItem.Property(WatchedEpisodePercent),0) + !Integer.IsEqual(Container(543).ListItem.Property(WatchedEpisodePercent),100)">$INFO[Container(543).ListItem.Property(WatchedEpisodePercent)]</value>
        <value condition="!Skin.HasSetting(Indicator.DisableProgress) + !String.IsEmpty(Container(543).ListItem.PercentPlayed) + [!Integer.IsEqual(Container(543).ListItem.PercentPlayed,0) | Container(543).ListItem.IsResumable]">$INFO[Container(543).ListItem.PercentPlayed]</value>
        <value condition="!Skin.HasSetting(Indicator.DisableProgress) + !String.IsEmpty(Container(543).ListItem.Property(WatchedProgress)) + !Integer.IsEqual(Container(543).ListItem.Property(WatchedProgress),0) + !Integer.IsEqual(Container(543).ListItem.Property(WatchedProgress),100)">$INFO[Container(543).ListItem.Property(WatchedProgress)]</value>
    </variable>
    <variable name="Defs_PercentPlayed_C553">
        <value condition="!Skin.HasSetting(Indicator.DisableEpisodes) + !String.IsEmpty(Container(553).ListItem.Property(WatchedEpisodePercent)) + !Integer.IsEqual(Container(553).ListItem.Property(WatchedEpisodePercent),0) + !Integer.IsEqual(Container(553).ListItem.Property(WatchedEpisodePercent),100)">$INFO[Container(553).ListItem.Property(WatchedEpisodePercent)]</value>
        <value condition="!Skin.HasSetting(Indicator.DisableProgress) + !String.IsEmpty(Container(553).ListItem.PercentPlayed) + [!Integer.IsEqual(Container(553).ListItem.PercentPlayed,0) | Container(553).ListItem.IsResumable]">$INFO[Container(553).ListItem.PercentPlayed]</value>
        <value condition="!Skin.HasSetting(Indicator.DisableProgress) + !String.IsEmpty(Container(553).ListItem.Property(WatchedProgress)) + !Integer.IsEqual(Container(553).ListItem.Property(WatchedProgress),0) + !Integer.IsEqual(Container(553).ListItem.Property(WatchedProgress),100)">$INFO[Container(553).ListItem.Property(WatchedProgress)]</value>
    </variable>
    <variable name="Defs_PercentPlayed_C573">
        <value condition="!Skin.HasSetting(Indicator.DisableEpisodes) + !String.IsEmpty(Container(573).ListItem.Property(WatchedEpisodePercent)) + !Integer.IsEqual(Container(573).ListItem.Property(WatchedEpisodePercent),0) + !Integer.IsEqual(Container(573).ListItem.Property(WatchedEpisodePercent),100)">$INFO[Container(573).ListItem.Property(WatchedEpisodePercent)]</value>
        <value condition="!Skin.HasSetting(Indicator.DisableProgress) + !String.IsEmpty(Container(573).ListItem.PercentPlayed) + [!Integer.IsEqual(Container(573).ListItem.PercentPlayed,0) | Container(573).ListItem.IsResumable]">$INFO[Container(573).ListItem.PercentPlayed]</value>
        <value condition="!Skin.HasSetting(Indicator.DisableProgress) + !String.IsEmpty(Container(573).ListItem.Property(WatchedProgress)) + !Integer.IsEqual(Container(573).ListItem.Property(WatchedProgress),0) + !Integer.IsEqual(Container(573).ListItem.Property(WatchedProgress),100)">$INFO[Container(573).ListItem.Property(WatchedProgress)]</value>
    </variable>
    <variable name="Defs_PercentPlayed">
        <value condition="!Skin.HasSetting(Indicator.DisableEpisodes) + !String.IsEmpty(ListItem.Property(WatchedEpisodePercent)) + !Integer.IsEqual(ListItem.Property(WatchedEpisodePercent),0) + !Integer.IsEqual(ListItem.Property(WatchedEpisodePercent),100)">$INFO[ListItem.Property(WatchedEpisodePercent)]</value>
        <value condition="!Skin.HasSetting(Indicator.DisableProgress) + !String.IsEmpty(ListItem.PercentPlayed) + [!Integer.IsEqual(ListItem.PercentPlayed,0) | ListItem.IsResumable]">$INFO[ListItem.PercentPlayed]</value>
        <value condition="!Skin.HasSetting(Indicator.DisableProgress) + !String.IsEmpty(ListItem.Property(WatchedProgress)) + !Integer.IsEqual(ListItem.Property(WatchedProgress),0) + !Integer.IsEqual(ListItem.Property(WatchedProgress),100)">$INFO[ListItem.Property(WatchedProgress)]</value>
    </variable>
</includes>