<?xml version="1.0" encoding="UTF-8"?>
<window type="window" id="1105">
    <defaultcontrol always="true">52</defaultcontrol>
    <menucontrol>303</menucontrol>

    <include>Action_Blur_Onload</include>
    <onload>AlarmClock(refocus,SetFocus(9098),00:00,silent)</onload>
    <include>Action_PreserveTransitionProp_Onload</include>

    <onunload condition="!String.IsEmpty(Control.GetLabel(9099).index(1))">RunScript(script.skinvariables,add_skinstring_history=SearchHistory,value=$VAR[Path_SearchTerm])</onunload>
    <onunload>ClearProperty(MediaFilterBase,1105)</onunload>
    <onunload>ClearProperty(MediaFilterWall,1105)</onunload>
    <onload>SetProperty(TMDbHelper.WidgetContainer,52)</onload>

    <controls>
        <include>Defs_TMDbHelper_Loader</include>
        <include>Search_View</include>
    </controls>
</window>
