[
    {
        "icon": "special://skin/extras/icons/favourites2.png",
        "label": "$LOCALIZE[1036]",
        "path": "ActivateWindow(1160)",
        "target": ""
    },
    {
        "icon": "special://skin/extras/icons/filebox.png",
        "label": "$LOCALIZE[7]",
        "path": "ActivateWindow(filemanager)",
        "target": ""
    },
    {
        "icon": "special://skin/extras/icons/address-card.png",
        "label": "$LOCALIZE[31359]",
        "path": "ActivateWindow(1195)",
        "target": ""
    }
]