<?xml version="1.0" encoding="UTF-8"?>
<includes>

    <include name="Color_SelectedText">
        <textcolor>$VAR[ColorSelected]</textcolor>
        <selectedcolor>$VAR[ColorSelected]</selectedcolor>
    </include>
	
	 <variable name="Color_DialogBorder">
        <value condition="!Skin.HasSetting(Glass.EnableBorders)">dialog_fg_06</value>
        <value>dialog_fg_12</value>
    </variable>

    <variable name="Color_ViewScrollBar">
        <value condition="Control.HasFocus(9012)">$VAR[ColorSelected]</value>
        <value>main_logo</value>
    </variable>

    <variable name="ColorMainItem">
        <value>ff3d3543</value>
    </variable>

    <!-- ColorPicker -->
    <variable name="ColorPickerHex">
        <value condition="Control.HasFocus(3000)">$INFO[Container(3000).ListItem.Label]</value>
        <value condition="String.IsEqual(Window(Home).Property(ColorPicker_Type),Highlight)">$VAR[ColorHighlight]</value>
        <value condition="String.IsEqual(Window(Home).Property(ColorPicker_Type),Gradient)">$VAR[ColorGradient]</value>
        <value condition="String.IsEqual(Window(Home).Property(ColorPicker_Type),Indicator)">$VAR[ColorWatchedProgress]</value>
        <value condition="String.IsEqual(Window(Home).Property(ColorPicker_Type),series_premiere)">$VAR[ColorBanner_series_premiere]</value>
        <value condition="String.IsEqual(Window(Home).Property(ColorPicker_Type),season_premiere)">$VAR[ColorBanner_season_premiere]</value>
        <value condition="String.IsEqual(Window(Home).Property(ColorPicker_Type),mid_season_premiere)">$VAR[ColorBanner_mid_season_premiere]</value>
        <value condition="String.IsEqual(Window(Home).Property(ColorPicker_Type),series_finale)">$VAR[ColorBanner_series_finale]</value>
        <value condition="String.IsEqual(Window(Home).Property(ColorPicker_Type),season_finale)">$VAR[ColorBanner_season_finale]</value>
        <value condition="String.IsEqual(Window(Home).Property(ColorPicker_Type),mid_season_finale)">$VAR[ColorBanner_mid_season_finale]</value>
    </variable>

    <!-- Highlight Color -->
    <variable name="ColorHighlight">
        <value condition="!String.IsEmpty(Skin.String(focuscolor.name))">$INFO[Skin.String(focuscolor.name)]</value>
        <value>ffe91e63</value>
    </variable>

    <!-- Gradient Color -->
    <variable name="ColorGradient">
        <value condition="!Skin.HasSetting(EnableMonochromeHighlight) + !String.IsEmpty(Skin.String(gradientcolor.name))">$INFO[Skin.String(gradientcolor.name)]</value>
        <value condition="!Skin.HasSetting(EnableMonochromeHighlight)">ffb635e5</value>
        <value>$VAR[ColorHighlight]</value>
    </variable>

    <!-- Watched / Progress Color -->
    <variable name="ColorWatchedProgress">
        <value condition="!String.IsEmpty(Skin.String(watchedprogresscolor.name))">$INFO[Skin.String(watchedprogresscolor.name)]</value>
        <value>ff03b585</value>
    </variable>

    <!-- Mouse Pointer -->
    <variable name="ColorMousePointer">
        <value condition="!String.IsEmpty(Skin.String(mousepointercolor.name))">$INFO[Skin.String(mousepointercolor.name)]</value>
        <value>bf999999</value>
    </variable>

    <!-- Banner Colors -->
    <variable name="ColorBanner_series_premiere">
        <value condition="!String.IsEmpty(Skin.String(series_premiere_color.name))">$INFO[Skin.String(series_premiere_color.name)]</value>
        <value>ff0385b5</value>
    </variable>
    <variable name="ColorBanner_season_premiere">
        <value condition="!String.IsEmpty(Skin.String(season_premiere_color.name))">$INFO[Skin.String(season_premiere_color.name)]</value>
        <value>ff03b585</value>
    </variable>
    <variable name="ColorBanner_mid_season_premiere">
        <value condition="!String.IsEmpty(Skin.String(mid_season_premiere_color.name))">$INFO[Skin.String(mid_season_premiere_color.name)]</value>
        <value>ff85b503</value>
    </variable>
    <variable name="ColorBanner_series_finale">
        <value condition="!String.IsEmpty(Skin.String(series_finale_color.name))">$INFO[Skin.String(series_finale_color.name)]</value>
        <value>ff8503b5</value>
    </variable>
    <variable name="ColorBanner_season_finale">
        <value condition="!String.IsEmpty(Skin.String(season_finale_color.name))">$INFO[Skin.String(season_finale_color.name)]</value>
        <value>ffb50385</value>
    </variable>
    <variable name="ColorBanner_mid_season_finale">
        <value condition="!String.IsEmpty(Skin.String(mid_season_finale_color.name))">$INFO[Skin.String(mid_season_finale_color.name)]</value>
        <value>ffb58503</value>
    </variable>
    <variable name="ColorBanner_video_version">
        <value condition="!String.IsEmpty(Skin.String(video_version_color.name))">$INFO[Skin.String(video_version_color.name)]</value>
        <value>ff181818</value>
    </variable>

    <!-- EPG Progress Color -->
    <variable name="ColorPVRProgress">
        <value>main_bg_70</value>
    </variable>

    <!-- Selected Color -->
    <variable name="ColorSelected_30">
        <value condition="Skin.HasSetting(InvertSelectedText)">4d333333</value>
        <value>4dffffff</value>
    </variable>

    <variable name="ColorSelected">
        <value condition="Skin.HasSetting(InvertSelectedText)">ff333333</value>
        <value>ffffffff</value>
    </variable>
	
	<variable name="ColorSelected_ComboList">
        <value condition="Skin.HasSetting(InvertSelectedText) + !Control.HasFocus(526)">ff333333</value>
        <value>ffffffff</value>
    </variable>

    <!-- Tricks for Settings Changer -->
    <variable name="ColorSettingsToggleButton_Script">
        <value condition="ControlGroup(30030).HasFocus() | ControlGroup(30000).HasFocus() | ControlGroup(30040).HasFocus() | ControlGroup(30700).HasFocus()">00ffffff</value>
        <value>ffffffff</value>
    </variable>
    <variable name="ColorSettingsToggleButton_Native">
        <value condition="ControlGroup(30030).HasFocus() | ControlGroup(30000).HasFocus() | ControlGroup(30040).HasFocus() | ControlGroup(30700).HasFocus()">00ffffff</value>
        <value>$VAR[ColorHighlight]</value>
    </variable>
    <variable name="ColorSettingsToggleButtonText">
        <value condition="ControlGroup(30030).HasFocus() | ControlGroup(30000).HasFocus() | ControlGroup(30040).HasFocus() | ControlGroup(30700).HasFocus()">dialog_fg_70</value>
        <value>$VAR[ColorSelected]</value>
    </variable>

    <variable name="ColorBackground">
        <value>main_bg_100</value>
    </variable>

    <variable name="ColorBackgroundFade">
        <value>shadow_back</value>
    </variable>
	
	 <variable name="Color_PC_to_Hex_Alpha">
        <value condition="String.IsEqual(Control.GetLabel(8001),100%)">FF</value>
        <value condition="String.IsEqual(Control.GetLabel(8001),99%)">FC</value>
        <value condition="String.IsEqual(Control.GetLabel(8001),98%)">FA</value>
        <value condition="String.IsEqual(Control.GetLabel(8001),97%)">F7</value>
        <value condition="String.IsEqual(Control.GetLabel(8001),96%)">F5</value>
        <value condition="String.IsEqual(Control.GetLabel(8001),95%)">F2</value>
        <value condition="String.IsEqual(Control.GetLabel(8001),94%)">F0</value>
        <value condition="String.IsEqual(Control.GetLabel(8001),93%)">ED</value>
        <value condition="String.IsEqual(Control.GetLabel(8001),92%)">EB</value>
        <value condition="String.IsEqual(Control.GetLabel(8001),91%)">E8</value>
        <value condition="String.IsEqual(Control.GetLabel(8001),90%)">E6</value>
        <value condition="String.IsEqual(Control.GetLabel(8001),89%)">E3</value>
        <value condition="String.IsEqual(Control.GetLabel(8001),88%)">E0</value>
        <value condition="String.IsEqual(Control.GetLabel(8001),87%)">DE</value>
        <value condition="String.IsEqual(Control.GetLabel(8001),86%)">DB</value>
        <value condition="String.IsEqual(Control.GetLabel(8001),85%)">D9</value>
        <value condition="String.IsEqual(Control.GetLabel(8001),84%)">D6</value>
        <value condition="String.IsEqual(Control.GetLabel(8001),83%)">D4</value>
        <value condition="String.IsEqual(Control.GetLabel(8001),82%)">D1</value>
        <value condition="String.IsEqual(Control.GetLabel(8001),81%)">CF</value>
        <value condition="String.IsEqual(Control.GetLabel(8001),80%)">CC</value>
        <value condition="String.IsEqual(Control.GetLabel(8001),79%)">C9</value>
        <value condition="String.IsEqual(Control.GetLabel(8001),78%)">C7</value>
        <value condition="String.IsEqual(Control.GetLabel(8001),77%)">C4</value>
        <value condition="String.IsEqual(Control.GetLabel(8001),76%)">C2</value>
        <value condition="String.IsEqual(Control.GetLabel(8001),75%)">BF</value>
        <value condition="String.IsEqual(Control.GetLabel(8001),74%)">BD</value>
        <value condition="String.IsEqual(Control.GetLabel(8001),73%)">BA</value>
        <value condition="String.IsEqual(Control.GetLabel(8001),72%)">B8</value>
        <value condition="String.IsEqual(Control.GetLabel(8001),71%)">B5</value>
        <value condition="String.IsEqual(Control.GetLabel(8001),70%)">B3</value>
        <value condition="String.IsEqual(Control.GetLabel(8001),69%)">B0</value>
        <value condition="String.IsEqual(Control.GetLabel(8001),68%)">AD</value>
        <value condition="String.IsEqual(Control.GetLabel(8001),67%)">AB</value>
        <value condition="String.IsEqual(Control.GetLabel(8001),66%)">A8</value>
        <value condition="String.IsEqual(Control.GetLabel(8001),65%)">A6</value>
        <value condition="String.IsEqual(Control.GetLabel(8001),64%)">A3</value>
        <value condition="String.IsEqual(Control.GetLabel(8001),63%)">A1</value>
        <value condition="String.IsEqual(Control.GetLabel(8001),62%)">9E</value>
        <value condition="String.IsEqual(Control.GetLabel(8001),61%)">9C</value>
        <value condition="String.IsEqual(Control.GetLabel(8001),60%)">99</value>
        <value condition="String.IsEqual(Control.GetLabel(8001),59%)">96</value>
        <value condition="String.IsEqual(Control.GetLabel(8001),58%)">94</value>
        <value condition="String.IsEqual(Control.GetLabel(8001),57%)">91</value>
        <value condition="String.IsEqual(Control.GetLabel(8001),56%)">8F</value>
        <value condition="String.IsEqual(Control.GetLabel(8001),55%)">8C</value>
        <value condition="String.IsEqual(Control.GetLabel(8001),54%)">8A</value>
        <value condition="String.IsEqual(Control.GetLabel(8001),53%)">87</value>
        <value condition="String.IsEqual(Control.GetLabel(8001),52%)">85</value>
        <value condition="String.IsEqual(Control.GetLabel(8001),51%)">82</value>
        <value condition="String.IsEqual(Control.GetLabel(8001),50%)">80</value>
        <value condition="String.IsEqual(Control.GetLabel(8001),49%)">7D</value>
        <value condition="String.IsEqual(Control.GetLabel(8001),48%)">7A</value>
        <value condition="String.IsEqual(Control.GetLabel(8001),47%)">78</value>
        <value condition="String.IsEqual(Control.GetLabel(8001),46%)">75</value>
        <value condition="String.IsEqual(Control.GetLabel(8001),45%)">73</value>
        <value condition="String.IsEqual(Control.GetLabel(8001),44%)">70</value>
        <value condition="String.IsEqual(Control.GetLabel(8001),43%)">6E</value>
        <value condition="String.IsEqual(Control.GetLabel(8001),42%)">6B</value>
        <value condition="String.IsEqual(Control.GetLabel(8001),41%)">69</value>
        <value condition="String.IsEqual(Control.GetLabel(8001),40%)">66</value>
        <value condition="String.IsEqual(Control.GetLabel(8001),39%)">63</value>
        <value condition="String.IsEqual(Control.GetLabel(8001),38%)">61</value>
        <value condition="String.IsEqual(Control.GetLabel(8001),37%)">5E</value>
        <value condition="String.IsEqual(Control.GetLabel(8001),36%)">5C</value>
        <value condition="String.IsEqual(Control.GetLabel(8001),35%)">59</value>
        <value condition="String.IsEqual(Control.GetLabel(8001),34%)">57</value>
        <value condition="String.IsEqual(Control.GetLabel(8001),33%)">54</value>
        <value condition="String.IsEqual(Control.GetLabel(8001),32%)">52</value>
        <value condition="String.IsEqual(Control.GetLabel(8001),31%)">4F</value>
        <value condition="String.IsEqual(Control.GetLabel(8001),30%)">4D</value>
        <value condition="String.IsEqual(Control.GetLabel(8001),29%)">4A</value>
        <value condition="String.IsEqual(Control.GetLabel(8001),28%)">47</value>
        <value condition="String.IsEqual(Control.GetLabel(8001),27%)">45</value>
        <value condition="String.IsEqual(Control.GetLabel(8001),26%)">42</value>
        <value condition="String.IsEqual(Control.GetLabel(8001),25%)">40</value>
        <value condition="String.IsEqual(Control.GetLabel(8001),24%)">3D</value>
        <value condition="String.IsEqual(Control.GetLabel(8001),23%)">3B</value>
        <value condition="String.IsEqual(Control.GetLabel(8001),22%)">38</value>
        <value condition="String.IsEqual(Control.GetLabel(8001),21%)">36</value>
        <value condition="String.IsEqual(Control.GetLabel(8001),20%)">33</value>
        <value condition="String.IsEqual(Control.GetLabel(8001),19%)">30</value>
        <value condition="String.IsEqual(Control.GetLabel(8001),18%)">2E</value>
        <value condition="String.IsEqual(Control.GetLabel(8001),17%)">2B</value>
        <value condition="String.IsEqual(Control.GetLabel(8001),16%)">29</value>
        <value condition="String.IsEqual(Control.GetLabel(8001),15%)">26</value>
        <value condition="String.IsEqual(Control.GetLabel(8001),14%)">24</value>
        <value condition="String.IsEqual(Control.GetLabel(8001),13%)">21</value>
        <value condition="String.IsEqual(Control.GetLabel(8001),12%)">1F</value>
        <value condition="String.IsEqual(Control.GetLabel(8001),11%)">1C</value>
        <value condition="String.IsEqual(Control.GetLabel(8001),10%)">1A</value>
        <value condition="String.IsEqual(Control.GetLabel(8001),9%)">17</value>
        <value condition="String.IsEqual(Control.GetLabel(8001),8%)">14</value>
        <value condition="String.IsEqual(Control.GetLabel(8001),7%)">12</value>
        <value condition="String.IsEqual(Control.GetLabel(8001),6%)">0F</value>
        <value condition="String.IsEqual(Control.GetLabel(8001),5%)">0D</value>
        <value condition="String.IsEqual(Control.GetLabel(8001),4%)">0A</value>
        <value condition="String.IsEqual(Control.GetLabel(8001),3%)">08</value>
        <value condition="String.IsEqual(Control.GetLabel(8001),2%)">05</value>
        <value condition="String.IsEqual(Control.GetLabel(8001),1%)">03</value>
        <value condition="String.IsEqual(Control.GetLabel(8001),0%)">00</value>
    </variable>

    <variable name="Color_PC_to_Hex_Red">
        <value condition="String.IsEqual(Control.GetLabel(8002),100%)">FF</value>
        <value condition="String.IsEqual(Control.GetLabel(8002),99%)">FC</value>
        <value condition="String.IsEqual(Control.GetLabel(8002),98%)">FA</value>
        <value condition="String.IsEqual(Control.GetLabel(8002),97%)">F7</value>
        <value condition="String.IsEqual(Control.GetLabel(8002),96%)">F5</value>
        <value condition="String.IsEqual(Control.GetLabel(8002),95%)">F2</value>
        <value condition="String.IsEqual(Control.GetLabel(8002),94%)">F0</value>
        <value condition="String.IsEqual(Control.GetLabel(8002),93%)">ED</value>
        <value condition="String.IsEqual(Control.GetLabel(8002),92%)">EB</value>
        <value condition="String.IsEqual(Control.GetLabel(8002),91%)">E8</value>
        <value condition="String.IsEqual(Control.GetLabel(8002),90%)">E6</value>
        <value condition="String.IsEqual(Control.GetLabel(8002),89%)">E3</value>
        <value condition="String.IsEqual(Control.GetLabel(8002),88%)">E0</value>
        <value condition="String.IsEqual(Control.GetLabel(8002),87%)">DE</value>
        <value condition="String.IsEqual(Control.GetLabel(8002),86%)">DB</value>
        <value condition="String.IsEqual(Control.GetLabel(8002),85%)">D9</value>
        <value condition="String.IsEqual(Control.GetLabel(8002),84%)">D6</value>
        <value condition="String.IsEqual(Control.GetLabel(8002),83%)">D4</value>
        <value condition="String.IsEqual(Control.GetLabel(8002),82%)">D1</value>
        <value condition="String.IsEqual(Control.GetLabel(8002),81%)">CF</value>
        <value condition="String.IsEqual(Control.GetLabel(8002),80%)">CC</value>
        <value condition="String.IsEqual(Control.GetLabel(8002),79%)">C9</value>
        <value condition="String.IsEqual(Control.GetLabel(8002),78%)">C7</value>
        <value condition="String.IsEqual(Control.GetLabel(8002),77%)">C4</value>
        <value condition="String.IsEqual(Control.GetLabel(8002),76%)">C2</value>
        <value condition="String.IsEqual(Control.GetLabel(8002),75%)">BF</value>
        <value condition="String.IsEqual(Control.GetLabel(8002),74%)">BD</value>
        <value condition="String.IsEqual(Control.GetLabel(8002),73%)">BA</value>
        <value condition="String.IsEqual(Control.GetLabel(8002),72%)">B8</value>
        <value condition="String.IsEqual(Control.GetLabel(8002),71%)">B5</value>
        <value condition="String.IsEqual(Control.GetLabel(8002),70%)">B3</value>
        <value condition="String.IsEqual(Control.GetLabel(8002),69%)">B0</value>
        <value condition="String.IsEqual(Control.GetLabel(8002),68%)">AD</value>
        <value condition="String.IsEqual(Control.GetLabel(8002),67%)">AB</value>
        <value condition="String.IsEqual(Control.GetLabel(8002),66%)">A8</value>
        <value condition="String.IsEqual(Control.GetLabel(8002),65%)">A6</value>
        <value condition="String.IsEqual(Control.GetLabel(8002),64%)">A3</value>
        <value condition="String.IsEqual(Control.GetLabel(8002),63%)">A1</value>
        <value condition="String.IsEqual(Control.GetLabel(8002),62%)">9E</value>
        <value condition="String.IsEqual(Control.GetLabel(8002),61%)">9C</value>
        <value condition="String.IsEqual(Control.GetLabel(8002),60%)">99</value>
        <value condition="String.IsEqual(Control.GetLabel(8002),59%)">96</value>
        <value condition="String.IsEqual(Control.GetLabel(8002),58%)">94</value>
        <value condition="String.IsEqual(Control.GetLabel(8002),57%)">91</value>
        <value condition="String.IsEqual(Control.GetLabel(8002),56%)">8F</value>
        <value condition="String.IsEqual(Control.GetLabel(8002),55%)">8C</value>
        <value condition="String.IsEqual(Control.GetLabel(8002),54%)">8A</value>
        <value condition="String.IsEqual(Control.GetLabel(8002),53%)">87</value>
        <value condition="String.IsEqual(Control.GetLabel(8002),52%)">85</value>
        <value condition="String.IsEqual(Control.GetLabel(8002),51%)">82</value>
        <value condition="String.IsEqual(Control.GetLabel(8002),50%)">80</value>
        <value condition="String.IsEqual(Control.GetLabel(8002),49%)">7D</value>
        <value condition="String.IsEqual(Control.GetLabel(8002),48%)">7A</value>
        <value condition="String.IsEqual(Control.GetLabel(8002),47%)">78</value>
        <value condition="String.IsEqual(Control.GetLabel(8002),46%)">75</value>
        <value condition="String.IsEqual(Control.GetLabel(8002),45%)">73</value>
        <value condition="String.IsEqual(Control.GetLabel(8002),44%)">70</value>
        <value condition="String.IsEqual(Control.GetLabel(8002),43%)">6E</value>
        <value condition="String.IsEqual(Control.GetLabel(8002),42%)">6B</value>
        <value condition="String.IsEqual(Control.GetLabel(8002),41%)">69</value>
        <value condition="String.IsEqual(Control.GetLabel(8002),40%)">66</value>
        <value condition="String.IsEqual(Control.GetLabel(8002),39%)">63</value>
        <value condition="String.IsEqual(Control.GetLabel(8002),38%)">61</value>
        <value condition="String.IsEqual(Control.GetLabel(8002),37%)">5E</value>
        <value condition="String.IsEqual(Control.GetLabel(8002),36%)">5C</value>
        <value condition="String.IsEqual(Control.GetLabel(8002),35%)">59</value>
        <value condition="String.IsEqual(Control.GetLabel(8002),34%)">57</value>
        <value condition="String.IsEqual(Control.GetLabel(8002),33%)">54</value>
        <value condition="String.IsEqual(Control.GetLabel(8002),32%)">52</value>
        <value condition="String.IsEqual(Control.GetLabel(8002),31%)">4F</value>
        <value condition="String.IsEqual(Control.GetLabel(8002),30%)">4D</value>
        <value condition="String.IsEqual(Control.GetLabel(8002),29%)">4A</value>
        <value condition="String.IsEqual(Control.GetLabel(8002),28%)">47</value>
        <value condition="String.IsEqual(Control.GetLabel(8002),27%)">45</value>
        <value condition="String.IsEqual(Control.GetLabel(8002),26%)">42</value>
        <value condition="String.IsEqual(Control.GetLabel(8002),25%)">40</value>
        <value condition="String.IsEqual(Control.GetLabel(8002),24%)">3D</value>
        <value condition="String.IsEqual(Control.GetLabel(8002),23%)">3B</value>
        <value condition="String.IsEqual(Control.GetLabel(8002),22%)">38</value>
        <value condition="String.IsEqual(Control.GetLabel(8002),21%)">36</value>
        <value condition="String.IsEqual(Control.GetLabel(8002),20%)">33</value>
        <value condition="String.IsEqual(Control.GetLabel(8002),19%)">30</value>
        <value condition="String.IsEqual(Control.GetLabel(8002),18%)">2E</value>
        <value condition="String.IsEqual(Control.GetLabel(8002),17%)">2B</value>
        <value condition="String.IsEqual(Control.GetLabel(8002),16%)">29</value>
        <value condition="String.IsEqual(Control.GetLabel(8002),15%)">26</value>
        <value condition="String.IsEqual(Control.GetLabel(8002),14%)">24</value>
        <value condition="String.IsEqual(Control.GetLabel(8002),13%)">21</value>
        <value condition="String.IsEqual(Control.GetLabel(8002),12%)">1F</value>
        <value condition="String.IsEqual(Control.GetLabel(8002),11%)">1C</value>
        <value condition="String.IsEqual(Control.GetLabel(8002),10%)">1A</value>
        <value condition="String.IsEqual(Control.GetLabel(8002),9%)">17</value>
        <value condition="String.IsEqual(Control.GetLabel(8002),8%)">14</value>
        <value condition="String.IsEqual(Control.GetLabel(8002),7%)">12</value>
        <value condition="String.IsEqual(Control.GetLabel(8002),6%)">0F</value>
        <value condition="String.IsEqual(Control.GetLabel(8002),5%)">0D</value>
        <value condition="String.IsEqual(Control.GetLabel(8002),4%)">0A</value>
        <value condition="String.IsEqual(Control.GetLabel(8002),3%)">08</value>
        <value condition="String.IsEqual(Control.GetLabel(8002),2%)">05</value>
        <value condition="String.IsEqual(Control.GetLabel(8002),1%)">03</value>
        <value condition="String.IsEqual(Control.GetLabel(8002),0%)">00</value>
    </variable>

    <variable name="Color_PC_to_Hex_Green">
        <value condition="String.IsEqual(Control.GetLabel(8003),100%)">FF</value>
        <value condition="String.IsEqual(Control.GetLabel(8003),99%)">FC</value>
        <value condition="String.IsEqual(Control.GetLabel(8003),98%)">FA</value>
        <value condition="String.IsEqual(Control.GetLabel(8003),97%)">F7</value>
        <value condition="String.IsEqual(Control.GetLabel(8003),96%)">F5</value>
        <value condition="String.IsEqual(Control.GetLabel(8003),95%)">F2</value>
        <value condition="String.IsEqual(Control.GetLabel(8003),94%)">F0</value>
        <value condition="String.IsEqual(Control.GetLabel(8003),93%)">ED</value>
        <value condition="String.IsEqual(Control.GetLabel(8003),92%)">EB</value>
        <value condition="String.IsEqual(Control.GetLabel(8003),91%)">E8</value>
        <value condition="String.IsEqual(Control.GetLabel(8003),90%)">E6</value>
        <value condition="String.IsEqual(Control.GetLabel(8003),89%)">E3</value>
        <value condition="String.IsEqual(Control.GetLabel(8003),88%)">E0</value>
        <value condition="String.IsEqual(Control.GetLabel(8003),87%)">DE</value>
        <value condition="String.IsEqual(Control.GetLabel(8003),86%)">DB</value>
        <value condition="String.IsEqual(Control.GetLabel(8003),85%)">D9</value>
        <value condition="String.IsEqual(Control.GetLabel(8003),84%)">D6</value>
        <value condition="String.IsEqual(Control.GetLabel(8003),83%)">D4</value>
        <value condition="String.IsEqual(Control.GetLabel(8003),82%)">D1</value>
        <value condition="String.IsEqual(Control.GetLabel(8003),81%)">CF</value>
        <value condition="String.IsEqual(Control.GetLabel(8003),80%)">CC</value>
        <value condition="String.IsEqual(Control.GetLabel(8003),79%)">C9</value>
        <value condition="String.IsEqual(Control.GetLabel(8003),78%)">C7</value>
        <value condition="String.IsEqual(Control.GetLabel(8003),77%)">C4</value>
        <value condition="String.IsEqual(Control.GetLabel(8003),76%)">C2</value>
        <value condition="String.IsEqual(Control.GetLabel(8003),75%)">BF</value>
        <value condition="String.IsEqual(Control.GetLabel(8003),74%)">BD</value>
        <value condition="String.IsEqual(Control.GetLabel(8003),73%)">BA</value>
        <value condition="String.IsEqual(Control.GetLabel(8003),72%)">B8</value>
        <value condition="String.IsEqual(Control.GetLabel(8003),71%)">B5</value>
        <value condition="String.IsEqual(Control.GetLabel(8003),70%)">B3</value>
        <value condition="String.IsEqual(Control.GetLabel(8003),69%)">B0</value>
        <value condition="String.IsEqual(Control.GetLabel(8003),68%)">AD</value>
        <value condition="String.IsEqual(Control.GetLabel(8003),67%)">AB</value>
        <value condition="String.IsEqual(Control.GetLabel(8003),66%)">A8</value>
        <value condition="String.IsEqual(Control.GetLabel(8003),65%)">A6</value>
        <value condition="String.IsEqual(Control.GetLabel(8003),64%)">A3</value>
        <value condition="String.IsEqual(Control.GetLabel(8003),63%)">A1</value>
        <value condition="String.IsEqual(Control.GetLabel(8003),62%)">9E</value>
        <value condition="String.IsEqual(Control.GetLabel(8003),61%)">9C</value>
        <value condition="String.IsEqual(Control.GetLabel(8003),60%)">99</value>
        <value condition="String.IsEqual(Control.GetLabel(8003),59%)">96</value>
        <value condition="String.IsEqual(Control.GetLabel(8003),58%)">94</value>
        <value condition="String.IsEqual(Control.GetLabel(8003),57%)">91</value>
        <value condition="String.IsEqual(Control.GetLabel(8003),56%)">8F</value>
        <value condition="String.IsEqual(Control.GetLabel(8003),55%)">8C</value>
        <value condition="String.IsEqual(Control.GetLabel(8003),54%)">8A</value>
        <value condition="String.IsEqual(Control.GetLabel(8003),53%)">87</value>
        <value condition="String.IsEqual(Control.GetLabel(8003),52%)">85</value>
        <value condition="String.IsEqual(Control.GetLabel(8003),51%)">82</value>
        <value condition="String.IsEqual(Control.GetLabel(8003),50%)">80</value>
        <value condition="String.IsEqual(Control.GetLabel(8003),49%)">7D</value>
        <value condition="String.IsEqual(Control.GetLabel(8003),48%)">7A</value>
        <value condition="String.IsEqual(Control.GetLabel(8003),47%)">78</value>
        <value condition="String.IsEqual(Control.GetLabel(8003),46%)">75</value>
        <value condition="String.IsEqual(Control.GetLabel(8003),45%)">73</value>
        <value condition="String.IsEqual(Control.GetLabel(8003),44%)">70</value>
        <value condition="String.IsEqual(Control.GetLabel(8003),43%)">6E</value>
        <value condition="String.IsEqual(Control.GetLabel(8003),42%)">6B</value>
        <value condition="String.IsEqual(Control.GetLabel(8003),41%)">69</value>
        <value condition="String.IsEqual(Control.GetLabel(8003),40%)">66</value>
        <value condition="String.IsEqual(Control.GetLabel(8003),39%)">63</value>
        <value condition="String.IsEqual(Control.GetLabel(8003),38%)">61</value>
        <value condition="String.IsEqual(Control.GetLabel(8003),37%)">5E</value>
        <value condition="String.IsEqual(Control.GetLabel(8003),36%)">5C</value>
        <value condition="String.IsEqual(Control.GetLabel(8003),35%)">59</value>
        <value condition="String.IsEqual(Control.GetLabel(8003),34%)">57</value>
        <value condition="String.IsEqual(Control.GetLabel(8003),33%)">54</value>
        <value condition="String.IsEqual(Control.GetLabel(8003),32%)">52</value>
        <value condition="String.IsEqual(Control.GetLabel(8003),31%)">4F</value>
        <value condition="String.IsEqual(Control.GetLabel(8003),30%)">4D</value>
        <value condition="String.IsEqual(Control.GetLabel(8003),29%)">4A</value>
        <value condition="String.IsEqual(Control.GetLabel(8003),28%)">47</value>
        <value condition="String.IsEqual(Control.GetLabel(8003),27%)">45</value>
        <value condition="String.IsEqual(Control.GetLabel(8003),26%)">42</value>
        <value condition="String.IsEqual(Control.GetLabel(8003),25%)">40</value>
        <value condition="String.IsEqual(Control.GetLabel(8003),24%)">3D</value>
        <value condition="String.IsEqual(Control.GetLabel(8003),23%)">3B</value>
        <value condition="String.IsEqual(Control.GetLabel(8003),22%)">38</value>
        <value condition="String.IsEqual(Control.GetLabel(8003),21%)">36</value>
        <value condition="String.IsEqual(Control.GetLabel(8003),20%)">33</value>
        <value condition="String.IsEqual(Control.GetLabel(8003),19%)">30</value>
        <value condition="String.IsEqual(Control.GetLabel(8003),18%)">2E</value>
        <value condition="String.IsEqual(Control.GetLabel(8003),17%)">2B</value>
        <value condition="String.IsEqual(Control.GetLabel(8003),16%)">29</value>
        <value condition="String.IsEqual(Control.GetLabel(8003),15%)">26</value>
        <value condition="String.IsEqual(Control.GetLabel(8003),14%)">24</value>
        <value condition="String.IsEqual(Control.GetLabel(8003),13%)">21</value>
        <value condition="String.IsEqual(Control.GetLabel(8003),12%)">1F</value>
        <value condition="String.IsEqual(Control.GetLabel(8003),11%)">1C</value>
        <value condition="String.IsEqual(Control.GetLabel(8003),10%)">1A</value>
        <value condition="String.IsEqual(Control.GetLabel(8003),9%)">17</value>
        <value condition="String.IsEqual(Control.GetLabel(8003),8%)">14</value>
        <value condition="String.IsEqual(Control.GetLabel(8003),7%)">12</value>
        <value condition="String.IsEqual(Control.GetLabel(8003),6%)">0F</value>
        <value condition="String.IsEqual(Control.GetLabel(8003),5%)">0D</value>
        <value condition="String.IsEqual(Control.GetLabel(8003),4%)">0A</value>
        <value condition="String.IsEqual(Control.GetLabel(8003),3%)">08</value>
        <value condition="String.IsEqual(Control.GetLabel(8003),2%)">05</value>
        <value condition="String.IsEqual(Control.GetLabel(8003),1%)">03</value>
        <value condition="String.IsEqual(Control.GetLabel(8003),0%)">00</value>
    </variable>

    <variable name="Color_PC_to_Hex_Blue">
        <value condition="String.IsEqual(Control.GetLabel(8004),100%)">FF</value>
        <value condition="String.IsEqual(Control.GetLabel(8004),99%)">FC</value>
        <value condition="String.IsEqual(Control.GetLabel(8004),98%)">FA</value>
        <value condition="String.IsEqual(Control.GetLabel(8004),97%)">F7</value>
        <value condition="String.IsEqual(Control.GetLabel(8004),96%)">F5</value>
        <value condition="String.IsEqual(Control.GetLabel(8004),95%)">F2</value>
        <value condition="String.IsEqual(Control.GetLabel(8004),94%)">F0</value>
        <value condition="String.IsEqual(Control.GetLabel(8004),93%)">ED</value>
        <value condition="String.IsEqual(Control.GetLabel(8004),92%)">EB</value>
        <value condition="String.IsEqual(Control.GetLabel(8004),91%)">E8</value>
        <value condition="String.IsEqual(Control.GetLabel(8004),90%)">E6</value>
        <value condition="String.IsEqual(Control.GetLabel(8004),89%)">E3</value>
        <value condition="String.IsEqual(Control.GetLabel(8004),88%)">E0</value>
        <value condition="String.IsEqual(Control.GetLabel(8004),87%)">DE</value>
        <value condition="String.IsEqual(Control.GetLabel(8004),86%)">DB</value>
        <value condition="String.IsEqual(Control.GetLabel(8004),85%)">D9</value>
        <value condition="String.IsEqual(Control.GetLabel(8004),84%)">D6</value>
        <value condition="String.IsEqual(Control.GetLabel(8004),83%)">D4</value>
        <value condition="String.IsEqual(Control.GetLabel(8004),82%)">D1</value>
        <value condition="String.IsEqual(Control.GetLabel(8004),81%)">CF</value>
        <value condition="String.IsEqual(Control.GetLabel(8004),80%)">CC</value>
        <value condition="String.IsEqual(Control.GetLabel(8004),79%)">C9</value>
        <value condition="String.IsEqual(Control.GetLabel(8004),78%)">C7</value>
        <value condition="String.IsEqual(Control.GetLabel(8004),77%)">C4</value>
        <value condition="String.IsEqual(Control.GetLabel(8004),76%)">C2</value>
        <value condition="String.IsEqual(Control.GetLabel(8004),75%)">BF</value>
        <value condition="String.IsEqual(Control.GetLabel(8004),74%)">BD</value>
        <value condition="String.IsEqual(Control.GetLabel(8004),73%)">BA</value>
        <value condition="String.IsEqual(Control.GetLabel(8004),72%)">B8</value>
        <value condition="String.IsEqual(Control.GetLabel(8004),71%)">B5</value>
        <value condition="String.IsEqual(Control.GetLabel(8004),70%)">B3</value>
        <value condition="String.IsEqual(Control.GetLabel(8004),69%)">B0</value>
        <value condition="String.IsEqual(Control.GetLabel(8004),68%)">AD</value>
        <value condition="String.IsEqual(Control.GetLabel(8004),67%)">AB</value>
        <value condition="String.IsEqual(Control.GetLabel(8004),66%)">A8</value>
        <value condition="String.IsEqual(Control.GetLabel(8004),65%)">A6</value>
        <value condition="String.IsEqual(Control.GetLabel(8004),64%)">A3</value>
        <value condition="String.IsEqual(Control.GetLabel(8004),63%)">A1</value>
        <value condition="String.IsEqual(Control.GetLabel(8004),62%)">9E</value>
        <value condition="String.IsEqual(Control.GetLabel(8004),61%)">9C</value>
        <value condition="String.IsEqual(Control.GetLabel(8004),60%)">99</value>
        <value condition="String.IsEqual(Control.GetLabel(8004),59%)">96</value>
        <value condition="String.IsEqual(Control.GetLabel(8004),58%)">94</value>
        <value condition="String.IsEqual(Control.GetLabel(8004),57%)">91</value>
        <value condition="String.IsEqual(Control.GetLabel(8004),56%)">8F</value>
        <value condition="String.IsEqual(Control.GetLabel(8004),55%)">8C</value>
        <value condition="String.IsEqual(Control.GetLabel(8004),54%)">8A</value>
        <value condition="String.IsEqual(Control.GetLabel(8004),53%)">87</value>
        <value condition="String.IsEqual(Control.GetLabel(8004),52%)">85</value>
        <value condition="String.IsEqual(Control.GetLabel(8004),51%)">82</value>
        <value condition="String.IsEqual(Control.GetLabel(8004),50%)">80</value>
        <value condition="String.IsEqual(Control.GetLabel(8004),49%)">7D</value>
        <value condition="String.IsEqual(Control.GetLabel(8004),48%)">7A</value>
        <value condition="String.IsEqual(Control.GetLabel(8004),47%)">78</value>
        <value condition="String.IsEqual(Control.GetLabel(8004),46%)">75</value>
        <value condition="String.IsEqual(Control.GetLabel(8004),45%)">73</value>
        <value condition="String.IsEqual(Control.GetLabel(8004),44%)">70</value>
        <value condition="String.IsEqual(Control.GetLabel(8004),43%)">6E</value>
        <value condition="String.IsEqual(Control.GetLabel(8004),42%)">6B</value>
        <value condition="String.IsEqual(Control.GetLabel(8004),41%)">69</value>
        <value condition="String.IsEqual(Control.GetLabel(8004),40%)">66</value>
        <value condition="String.IsEqual(Control.GetLabel(8004),39%)">63</value>
        <value condition="String.IsEqual(Control.GetLabel(8004),38%)">61</value>
        <value condition="String.IsEqual(Control.GetLabel(8004),37%)">5E</value>
        <value condition="String.IsEqual(Control.GetLabel(8004),36%)">5C</value>
        <value condition="String.IsEqual(Control.GetLabel(8004),35%)">59</value>
        <value condition="String.IsEqual(Control.GetLabel(8004),34%)">57</value>
        <value condition="String.IsEqual(Control.GetLabel(8004),33%)">54</value>
        <value condition="String.IsEqual(Control.GetLabel(8004),32%)">52</value>
        <value condition="String.IsEqual(Control.GetLabel(8004),31%)">4F</value>
        <value condition="String.IsEqual(Control.GetLabel(8004),30%)">4D</value>
        <value condition="String.IsEqual(Control.GetLabel(8004),29%)">4A</value>
        <value condition="String.IsEqual(Control.GetLabel(8004),28%)">47</value>
        <value condition="String.IsEqual(Control.GetLabel(8004),27%)">45</value>
        <value condition="String.IsEqual(Control.GetLabel(8004),26%)">42</value>
        <value condition="String.IsEqual(Control.GetLabel(8004),25%)">40</value>
        <value condition="String.IsEqual(Control.GetLabel(8004),24%)">3D</value>
        <value condition="String.IsEqual(Control.GetLabel(8004),23%)">3B</value>
        <value condition="String.IsEqual(Control.GetLabel(8004),22%)">38</value>
        <value condition="String.IsEqual(Control.GetLabel(8004),21%)">36</value>
        <value condition="String.IsEqual(Control.GetLabel(8004),20%)">33</value>
        <value condition="String.IsEqual(Control.GetLabel(8004),19%)">30</value>
        <value condition="String.IsEqual(Control.GetLabel(8004),18%)">2E</value>
        <value condition="String.IsEqual(Control.GetLabel(8004),17%)">2B</value>
        <value condition="String.IsEqual(Control.GetLabel(8004),16%)">29</value>
        <value condition="String.IsEqual(Control.GetLabel(8004),15%)">26</value>
        <value condition="String.IsEqual(Control.GetLabel(8004),14%)">24</value>
        <value condition="String.IsEqual(Control.GetLabel(8004),13%)">21</value>
        <value condition="String.IsEqual(Control.GetLabel(8004),12%)">1F</value>
        <value condition="String.IsEqual(Control.GetLabel(8004),11%)">1C</value>
        <value condition="String.IsEqual(Control.GetLabel(8004),10%)">1A</value>
        <value condition="String.IsEqual(Control.GetLabel(8004),9%)">17</value>
        <value condition="String.IsEqual(Control.GetLabel(8004),8%)">14</value>
        <value condition="String.IsEqual(Control.GetLabel(8004),7%)">12</value>
        <value condition="String.IsEqual(Control.GetLabel(8004),6%)">0F</value>
        <value condition="String.IsEqual(Control.GetLabel(8004),5%)">0D</value>
        <value condition="String.IsEqual(Control.GetLabel(8004),4%)">0A</value>
        <value condition="String.IsEqual(Control.GetLabel(8004),3%)">08</value>
        <value condition="String.IsEqual(Control.GetLabel(8004),2%)">05</value>
        <value condition="String.IsEqual(Control.GetLabel(8004),1%)">03</value>
        <value condition="String.IsEqual(Control.GetLabel(8004),0%)">00</value>
    </variable>

    <variable name="Color_PC_to_Hex">
        <value>$VAR[Color_PC_to_Hex_Alpha]$VAR[Color_PC_to_Hex_Red]$VAR[Color_PC_to_Hex_Green]$VAR[Color_PC_to_Hex_Blue]</value>
    </variable>
</includes>