<?xml version="1.0" encoding="UTF-8"?>
<window type="window" id="1103">
    <include>Action_Blur_Onload</include>
    <include content="Action_Hubs_Onload" condition="!Integer.IsEqual(Skin.String(Hub.Home.ReplaceWindow),1103)">
        <param name="window_id">1103</param>
        <param name="property_window_id">1103</param>
    </include>
    <onload condition="Integer.IsEqual(Skin.String(Hub.Home.ReplaceWindow),1103)">ReplaceWindow(Home)</onload>
    <controls>
        <include content="Hub_Controls" condition="!Integer.IsEqual(Skin.String(Hub.Home.ReplaceWindow),1103)">
            <param name="window_id">1103</param>
            <param name="property_window_id">1103</param>
            <param name="widgets_only">Skin.HasSetting(Hub.1103.DisableSubmenu)</param>
            <param name="widgets_include">skinvariables-1103menu-widgetsonly</param>
            <param name="categories">1103menu</param>
        </include>
    </controls>
</window>