<?xml version="1.0" encoding="UTF-8"?>
<window type="dialog" id="1148">

    <defaultcontrol always="true">6008</defaultcontrol>

    <controls>

        <control type="group">
            <include>OSD_HideControls</include>
            <include>Animation_OSD_Seekbar_Expand</include>
            <left>view_pad</left>
            <right>view_pad</right>

            <visible>!Window.IsActive(DialogPlayerProcessInfo.xml)</visible>
            <visible>!Window.IsVisible(DialogSlider.xml)</visible>

            <!-- Settings -->
            <control type="group">
                <include content="OSD_Dialog_Background_Blur">
                    <param name="diffuse">diffuse/dialog_w520_h480.png</param>
                </include>
                <include content="Animation_SlideIn_Dialog">
                    <param name="posy">48</param>
                </include>
                <include>OSD_Stream_Selector_Divider</include>
                <right>-40</right>
                <bottom>220</bottom>
                <width>520</width>
                <height>480</height>
                <include content="Object_MenuHeader">
                    <param name="label">$LOCALIZE[157]</param>
                    <param name="icon">special://skin/extras/icons/video.png</param>
                </include>
                <control type="group">
                    <top>120</top>
                    <bottom>40</bottom>
                    <control type="grouplist" id="6208">
                        <top>20</top>
                        <bottom>20</bottom>
                        <left>20</left>
                        <right>20</right>
                        <ondown>7800</ondown>
                        <onleft>6008</onleft>
                        <onright>6008</onright>
                        <onup>noop</onup>
                        <orientation>vertical</orientation>
                        <include content="Settings_Button">
                            <param name="id">6805</param>
                            <param name="control">button</param>
                            <label />
                            <font />
                            <onclick>Action(PlayerProcessInfo)</onclick>
                        </include>
                        <control type="group" id="6895">
                            <height>80</height>
                            <top>-80</top>
                            <left>40</left>
                            <right>2</right>
                            <visible>Control.IsEnabled(6805) + Control.IsVisible(6805)</visible>
                            <control type="group">
                                <visible>!Control.HasFocus(6805)</visible>
                                <include content="OSD_Codecs">
                                    <param name="anchor">false</param>
                                    <param name="color">dialog_fg</param>
                                </include>
                            </control>
                            <control type="group">
                                <visible>Control.HasFocus(6805)</visible>
                                <include content="OSD_Codecs">
                                    <param name="anchor">false</param>
                                    <param name="color">panel_fg</param>
                                </include>
                            </control>
                        </control>
                    </control>
                    <control type="group">
                        <bottom>20</bottom>
                        <height>160</height>
                        <left>60</left>
                        <right>60</right>
                        <control type="image">
                            <left>-20</left>
                            <right>-20</right>
                            <centertop>-20</centertop>
                            <height>1</height>
                            <texture colordiffuse="main_fg_12">common/white.png</texture>
                        </control>
                        <include content="Dialog_Menu_Button">
                            <left>-40</left>
                            <right>-40</right>
                            <param name="id">7800</param>
                            <param name="groupid">7890</param>
                            <param name="control">button</param>
                            <param name="icon" />
                            <onup>6805</onup>
                            <ondown>6008</ondown>
                            <height>160</height>
                            <onleft condition="Player.Paused">PlayerControl(Play)</onleft>
                            <onright condition="Player.Paused">PlayerControl(Play)</onright>
                            <onleft condition="Player.TempoEnabled">PlayerControl(TempoDown)</onleft>
                            <onright condition="Player.TempoEnabled">PlayerControl(TempoUp)</onright>
                            <onright condition="!Player.TempoEnabled + !Player.Forwarding32x">PlayerControl(Forward)</onright>
                            <onleft condition="!Player.TempoEnabled + !Player.Rewinding32x">PlayerControl(Rewind)</onleft>
                        </include>
                        <control type="group">
                            <visible>!Control.HasFocus(7800)</visible>
                            <include content="OSD_TempoControl">
                                <param name="istempo">Player.TempoEnabled</param>
                            </include>
                        </control>
                        <control type="group">
                            <visible>Control.HasFocus(7800)</visible>
                            <include content="OSD_TempoControl">
                                <param name="istempo">Player.TempoEnabled</param>
                                <param name="selected">true</param>
                            </include>
                        </control>
                    </control>
                </control>
            </control>

            <include content="OSD_CustomDialog_GroupList">
                <param name="onclick">ActivateWindow(osdvideosettings)</param>
                <param name="onup">SetFocus(7800)</param>
                <param name="icon">special://skin/extras/icons/video.png</param>
                <param name="button_8">true</param>
            </include>
        </control>

    </controls>
</window>
