<?xml version="1.0" encoding="UTF-8"?>
<window>
    <defaultcontrol>3</defaultcontrol>
    <onunload>ClearProperty(DialogSelectType,Home)</onunload>

    <controls>

        <include condition="![Window.IsActive(selectvideoversion)]">DialogSelect_Standard</include>
        <include condition="Window.IsActive(selectvideoversion)">DialogSelect_VideoVersions</include>

        <!-- Hidden Buttons -->
        <include content="Object_Hidden_Button">
            <param name="id">5</param>
            <onfocus>SetFocus(9001)</onfocus>
        </include>
        <include content="Object_Hidden_Button">
            <param name="id">7</param>
            <onfocus>SetFocus(9002)</onfocus>
        </include>
        <include content="Object_Hidden_Button">
            <param name="id">8</param>
            <onfocus>SetFocus(9003)</onfocus>
        </include>
    </controls>
</window>
