<?xml version="1.0" encoding="UTF-8"?>
<window type="dialog" id="1140">
    <defaultcontrol always="true">7000</defaultcontrol>
    <onload>CancelAlarm(osd_timeout,true)</onload>
    <onload condition="VideoPlayer.Content(episodes)">RunPlugin(plugin://script.skinvariables/?info=get_number_sum&amp;expression=0$INFO[VideoPlayer.Episode,+,]+-1&amp;window_prop=7000EpisodeIndex&amp;window_id=1140)</onload>
    <include>Animation_OSD_Dialog_WindowChange</include>
    <controls>

        <include content="Defs_Background_Loader">
            <param name="label">$VAR[Label_Title]</param>
        </include>

        <control type="group">
            <visible>!Window.IsActive(pvrchannelguide)</visible>
            <visible>!Window.IsActive(pvrosdchannels)</visible>
            <visible>!Window.IsActive(videobookmarks)</visible>
            <visible>!Window.IsActive(1141)</visible>
            <visible>!$EXP[Exp_InfoDialogs]</visible>
            <include>Animation_OSD_Dialog_VisibleChange</include>
            <include content="OSD_CastInfo_ExpandGroup">

                <!-- Episodes List -->
                <include content="List_Landscape_Row">
                    <param name="orientation">horizontal</param>
                    <param name="control">fixedlist</param>
                    <param name="id">7000</param>
                    <include content="Object_ContentDynamic" condition="VideoPlayer.Content(livetv)">
                        <param name="sortby">lastplayed</param>
                        <param name="sortorder">descending</param>
                        <param name="content">pvr://channels/tv/*</param>
                    </include>
                    <include content="Object_ContentDynamic" condition="!VideoPlayer.Content(livetv)">
                        <param name="content">$VAR[Path_OSD_Episodes]</param>
                    </include>
                    <include>OSD_List_Dimensions</include>                    
                    <onup>Close</onup>
                    <ondown>ActivateWindow($VAR[Action_OSD_1140_OnDown])</ondown>
                    <onfocus>SetProperty(TMDbHelper.WidgetContainer,7000,1140)</onfocus>                    
                    <onfocus condition="!String.Contains(Container(7000).ListItem.Title,VideoPlayer.Title)">AlarmClock(refocus,SetFocus(7000,$INFO[Window(1140).Property(7000EpisodeIndex)],absolute),00:00,silent)</onfocus>                    
                    <onfocus condition="String.Contains(Container(7000).ListItem.Title,VideoPlayer.Title)">CancelAlarm(refocus,true)</onfocus>
                    <onunfocus>ClearProperty(TMDbHelper.WidgetContainer,1140)</onunfocus>
                </include>

                <!-- Playing Icon and Details -->
                <control type="group">
                    <height>60</height>
                    <centerbottom>20</centerbottom>
                    <left>view_side</left>
                    <right>view_pad</right>
                    <include content="Object_InfoCircle_Horizontal">
                        <param name="icon">$VAR[Image_OSD_7000_Poster]</param>
                        <param name="role">$VAR[Label_OSD_7000_Title]</param>
                        <param name="name">$VAR[Label_OSD_7000_SubLabel]</param>
                        <param name="max">360</param>
                        <param name="top_label_left">80</param>
                        <param name="bottom_label_left">80</param>
                    </include>
                    <!-- Info Box -->
                    <control type="textbox">
                        <top>-2</top>
                        <left>480</left>
                        <right>0</right>
                        <label>$INFO[Container(7000).ListItem.Plot]</label>
                        <font>font_mini_cond</font>
                        <textcolor>panel_fg_70</textcolor>
                    </control>
                </control>
                
                <include content="Widget_Busy">
                    <param name="label">$LOCALIZE[31023]...</param>
                    <param name="visible">Container(7000).IsUpdating</param>
                    <param name="include">List_Landscape_Row</param>
                    <height>divider_bottom</height>
                    <bottom>-40</bottom>
                    <left>200</left>
                    <visible>Container(7000).IsUpdating + Integer.IsEqual(Container(7000).NumItems,0)</visible>
                </include>

            </include>
        </control>
    </controls>
</window>
