{
    "infolabels": {
        "listitem_trailer": "Container.ListItem.Trailer",
        "tmdbhelper_trailer": "Window(Home).Property(TMDbHelper.ListItem.Trailer)",
        "listitem_title": "Container.ListItem.Title",
        "tmdbhelper_title": "Window(Home).Property(TMDbHelper.ListItem.Title)",
        "listitem_tvshowtitle": "Container.ListItem.TVShowTitle",
        "tmdbhelper_tvshowtitle": "Window(Home).Property(TMDbHelper.ListItem.TVShowTitle)"
    },
    "values": {
        "trailer": [
            {
                "rules": ["!String.IsEmpty(Container.ListItem.Trailer)"],
                "value": "{listitem_trailer}"
            },
            "{tmdbhelper_trailer}"
        ],
        "title": [
            {
                "rules": ["!String.IsEmpty(Container.ListItem.TVShowtitle)"],
                "value": "{listitem_tvshowtitle}"
            },
            {
                "rules": ["!String.IsEmpty(Container.ListItem.Title)"],
                "value": "{listitem_title}"
            },
            {
                "rules": ["!String.IsEmpty(Window(Home).Property(TMDbHelper.ListItem.TVShowTitle))"],
                "value": "{tmdbhelper_tvshowtitle}"
            },
            "{tmdbhelper_title}"
        ]
    },
    "actions": [
        {
            "rules": ["String.IsEmpty(Window(1123).Property(TrailerFullscreen)) + Skin.HasSetting(Trailers.EnableFullscreen)"],
            "value": "SetProperty(TrailerFullscreen,True,1123)"
        },
        "SetProperty(PlayTrailerTitle,\"{title}\",Home)",
        "SetProperty(PlayTrailer,\"{trailer}\",Home)",
        "ActivateWindow(1123)"
    ]
}