<?xml version="1.0" encoding="UTF-8"?>
<includes>

    <!-- Square Wall -->
    <include name="View_540_Square_Wall">
        <include content="View_Wall_Include" condition="!Skin.HasSetting(View.SwitchWallStyle)">
            <param name="id">540</param>
            <param name="include">List_Square_Row</param>
            <param name="right_padding">180</param>
            <param name="right_padding_horz">180</param>
            <param name="viewtype_label">Square Wall</param>
            <param name="pos_y">-122</param>
            <param name="anim_numitems">14</param>
            <param name="visible">$EXP[Exp_View_540]</param>
        </include>
        <include content="View_Wall_Include" condition="Skin.HasSetting(View.SwitchWallStyle)">
            <param name="id">540</param>
            <param name="include">List_Square_Row</param>
            <param name="right_padding">180</param>
            <param name="viewtype_label">Square Wall</param>
            <param name="item_w">150</param>
            <param name="itemlayout_h">270</param>            
            <param name="top">118</param>
            <param name="top_horz">78</param>
            <param name="left_padding">760</param>
            <param name="left_padding_horz">920</param>
            <param name="right_padding">150</param>            
            <param name="right_padding_horz">150</param>
            <param name="offset_x">40</param>
            <param name="pos_y">-165</param>
            <param name="anim_numitems">12</param>
            <param name="visible">$EXP[Exp_View_540]</param>
        </include>
    </include>


    <!-- Landscape Wall -->
    <include name="View_545_Landscape_Wall">
        <include content="View_Wall_Include" condition="!Skin.HasSetting(View.SwitchWallStyle)">
            <param name="id">545</param>
            <param name="include">List_Landscape_Row</param>
            <param name="itemlayout_h">view_poster_itemlayout_h</param>
            <param name="viewtype_label">Landscape Wall</param>
            <param name="visible">$EXP[Exp_View_545]</param>
        </include>
        <include content="View_Wall_Include" condition="Skin.HasSetting(View.SwitchWallStyle)">
            <param name="id">545</param>
            <param name="include">List_Landscape_Row</param>
            <param name="viewtype_label">Landscape Wall</param>
            <param name="item_w">275.2</param>
            <param name="item_h">155</param>
            <param name="itemlayout_h">274</param>
            <param name="itemlayout_w">300</param>
            <param name="top">118</param>
            <param name="top_horz">80</param>
            <param name="left_padding">760</param>
            <param name="left_padding_horz">940</param>
            <param name="right_padding">120</param>
            <param name="right_padding_horz">180</param>
            <param name="offset_x">20</param>
            <param name="pos_y">-91</param>
            <param name="anim_numitems">9</param>
            <param name="visible">$EXP[Exp_View_545]</param>
        </include>
    </include>

    <!-- Poster Wall -->
    <include name="View_585_Poster_Wall">
       <include content="View_Wall_Include" condition="!Skin.HasSetting(View.SwitchWallStyle)">
            <param name="id">585</param>
            <param name="include">List_Poster_Row</param>
            <param name="viewtype_label">Poster Wall</param>
            <param name="top">200</param>
            <param name="right_padding">180</param>
            <param name="right_padding_horz">180</param>
            <param name="pos_y">-102</param>
            <param name="anim_numitems">14</param>
            <param name="detailed">Skin.HasSetting(Enable.WallDetailedLabels) + Skin.HasSetting(View.SwitchVerticalWallSize)</param>
            <param name="visible">$EXP[Exp_View_585]</param>
        </include>
        <include content="View_Wall_Include" condition="Skin.HasSetting(View.SwitchWallStyle)">
            <param name="id">585</param>
            <param name="include">List_Poster_Row</param>
            <param name="viewtype_label">Poster Wall</param>
            <param name="item_h">228</param>
            <param name="item_w">155.1</param>
            <param name="itemlayout_h">264</param>
            <param name="itemlayout_w">240</param>
            <param name="top">78</param>
            <param name="top_horz">78</param>
            <param name="left_padding">760</param>
            <param name="left_padding_horz">920</param>
            <param name="right_padding">150</param>
            <param name="right_padding_horz">150</param>
            <param name="offset_x">40</param>
            <param name="pos_y">-175</param>
            <param name="anim_numitems">12</param>
            <param name="visible">$EXP[Exp_View_585]</param>
        </include>
    </include>

    <!-- Circle Wall -->
    <include name="View_555_Circle_Wall">
        <include content="View_Wall_Include" condition="!Skin.HasSetting(View.SwitchWallStyle)">
            <param name="id">555</param>
            <param name="include">List_Circle_Row</param>
            <param name="right_padding">180</param>
            <param name="right_padding_horz">180</param>
            <param name="viewtype_label">Circle Wall</param>
            <param name="pos_y">-122</param>
            <param name="anim_numitems">14</param>
            <param name="visible">[$EXP[Exp_View_555]]</param>
        </include>
        <include content="View_Wall_Include" condition="Skin.HasSetting(View.SwitchWallStyle)">
            <param name="id">555</param>
            <param name="include">List_Circle_Row</param>
            <param name="viewtype_label">Circle Wall</param>
            <param name="item_w">150</param>
            <param name="itemlayout_h">270</param>
            <param name="top">118</param>
            <param name="top_horz">78</param>
            <param name="left_padding">760</param>
            <param name="left_padding_horz">920</param>
            <param name="right_padding">150</param>
            <param name="right_padding_horz">150</param>
            <param name="offset_x">40</param>
            <param name="pos_y">-165</param>
            <param name="anim_numitems">12</param>
            <param name="visible">[$EXP[Exp_View_555]]</param>
        </include>
    </include>

    <!-- Overview Wall -->
    <include name="View_565_Overview_Wall">
        <include content="View_Wall_Include" condition="!Skin.HasSetting(View.SwitchWallStyle)">
            <param name="id">565</param>
            <param name="include">List_Overview_Row</param>
            <param name="viewtype_label">Overview Wall</param>
            <param name="pos_y">-117</param>
            <param name="anim_numitems">6</param>
            <param name="visible">$EXP[Exp_View_565]</param>
        </include>
        <include content="View_Wall_Include" condition="Skin.HasSetting(View.SwitchWallStyle)">
            <param name="id">565</param>
            <param name="include">List_Overview_Row</param>
            <param name="viewtype_label">Overview Wall</param>
            <param name="item_h">240</param>
            <param name="itemlayout_w">470</param>
            <param name="itemlayout_h">271</param>
            <param name="top">118</param>
            <param name="top_horz">78</param>
            <param name="left_padding">760</param>
            <param name="left_padding_horz">920</param>
            <param name="right_padding_horz">150</param>
            <param name="offset_x">40</param>
            <param name="pos_y">-165</param>
            <param name="anim_numitems">6</param>
            <param name="visible">$EXP[Exp_View_565]</param>
        </include>
    </include>

    <!-- Board Wall -->
    <include name="View_570_Board_Wall">
        <include content="View_Wall_Include" condition="!Skin.HasSetting(View.UseTextBasedBoard) + !Skin.HasSetting(View.SwitchWallStyle)">
            <param name="id">570</param>
            <param name="include">List_Board_Row</param>
            <param name="viewtype_label">Board Wall</param>
            <param name="pos_y">-102</param>
            <param name="anim_numitems">6</param>
            <param name="visible">$EXP[Exp_View_570]</param>
        </include>
        <include content="View_Wall_Include" condition="!Skin.HasSetting(View.UseTextBasedBoard) + Skin.HasSetting(View.SwitchWallStyle)">
            <param name="id">570</param>
            <param name="include">List_Board_Row</param>
            <param name="viewtype_label">Board Wall</param>
            <param name="item_w">398</param>
            <param name="item_h">225</param>
            <param name="itemlayout_w">480</param>
            <param name="itemlayout_h">264</param>
            <param name="top">118</param>
            <param name="top_horz">80</param>
            <param name="left_padding">760</param>
            <param name="left_padding_horz">920</param>
            <param name="offset_x">40</param>
            <param name="pos_y">-131</param>
            <param name="anim_numitems">6</param>
            <param name="visible">$EXP[Exp_View_570]</param>
        </include>
        <include content="View_Wall_Include" condition="Skin.HasSetting(View.UseTextBasedBoard) + !Skin.HasSetting(View.SwitchWallStyle)">
            <param name="id">570</param>
            <param name="include">List_Placard_Row</param>
            <param name="viewtype_label">Board (T) Wall</param>
            <param name="pos_y">-102</param>
            <param name="anim_numitems">6</param>
            <param name="visible">$EXP[Exp_View_575]</param>
        </include>
        <include content="View_Wall_Include" condition="Skin.HasSetting(View.UseTextBasedBoard) + Skin.HasSetting(View.SwitchWallStyle)">
            <param name="id">570</param>
            <param name="include">List_Placard_Row</param>
            <param name="viewtype_label">Board (T) Wall</param>
            <param name="item_w">398</param>
            <param name="item_h">225</param>
            <param name="itemlayout_w">480</param>
            <param name="itemlayout_h">264</param>
            <param name="top">118</param>
            <param name="top_horz">80</param>
            <param name="left_padding">760</param>
            <param name="left_padding_horz">920</param>
            <param name="offset_x">40</param>
            <param name="pos_y">-131</param>
            <param name="anim_numitems">6</param>
            <param name="visible">$EXP[Exp_View_575]</param>
        </include>
    </include>

    <!-- Banner Wall -->
    <include name="View_580_Banner_Wall">
        <include content="View_Wall_Include" condition="!Skin.HasSetting(View.SwitchWallStyle)">
            <param name="id">580</param>
            <param name="include">List_MiniBanner_Row</param>
            <param name="bottom_padding">114</param>
            <param name="viewtype_label">Banner Wall</param>
            <param name="pos_y">-140</param>
            <param name="anim_numitems">21</param>
            <param name="visible">$EXP[Exp_View_580]</param>
        </include>
        <include content="View_Wall_Include" condition="Skin.HasSetting(View.SwitchWallStyle)">
            <param name="id">580</param>
            <param name="include">List_MiniBanner_Row</param>
            <param name="bottom_padding">114</param>
            <param name="viewtype_label">Banner Wall</param>
            <param name="item_w">420</param>
            <param name="itemlayout_w">457</param>
            <param name="top">118</param>
            <param name="top_horz">80</param>
            <param name="left_padding">760</param>
            <param name="left_padding_horz">930</param>
            <param name="right_padding_horz">170</param>
            <param name="offset_x">30</param>
            <param name="pos_y">-141</param>
            <param name="anim_numitems">14</param>
            <param name="visible">$EXP[Exp_View_580]</param>
        </include>
    </include>

    <!-- Row Template View -->
    <include name="View_Wall_Include">
    <param name="right_padding" />
    <param name="right_padding_horz" />
    <param name="left_padding" />
    <param name="left_padding_horz" />
    <param name="top">240</param>
    <param name="top_horz">200</param>
    <param name="offset_x">200</param>
    <param name="bottom_padding">140</param>
    <param name="pos_y">-117</param>
    <param name="anim_numitems">8</param>
        <definition>
            <control type="group">
                <visible>Control.IsVisible($PARAM[id])</visible>
                <control type="group">                    

                    <visible>!$EXP[Exp_InfoDialogs]</visible>                

                    <include content="Animation_Zoom_In">
                        <param name="type">Visible</param>
                        <param name="delay">200</param>
                    </include>
                    <include content="Animation_Zoom_Out">
                        <param name="type">Hidden</param>
                        <param name="delay">200</param>
                    </include>

                    <include content="$PARAM[include]" condition="$EXP[Exp_View_WallVert]">
                        <param name="id">$PARAM[id]</param>
                        <param name="control">panel</param>
                        <param name="orientation">vertical</param>
                        <param name="offset_x">200</param>
                        <param name="offset_y">40</param>
                        <param name="item_h">$PARAM[item_h]</param>
                        <param name="item_w">$PARAM[item_w]</param>
                        <param name="itemlayout_h">$PARAM[itemlayout_h]</param>
                        <param name="itemlayout_w">$PARAM[itemlayout_w]</param>
                        <param name="detailed">$PARAM[detailed]</param>
                        <preloaditems>0</preloaditems>
                        <animation effect="slide" start="0" end="0,$PARAM[pos_y]" tween="cubic" easing="out" time="300" condition="Skin.HasSetting(View.SwitchVerticalWallSize) + Integer.IsGreater(Container.NumItems,$PARAM[anim_numitems]) + Integer.IsGreaterOrEqual(Container.Position,$PARAM[anim_numitems])">Conditional</animation>
                        <include content="Object_Top" condition="!Skin.HasSetting(View.SwitchVerticalWallSize)">
                            <param name="top">$PARAM[top]</param>
                        </include>
                        <include content="Object_Bottom" condition="!Skin.HasSetting(View.SwitchVerticalWallSize)">
                            <param name="bottom">$PARAM[bottom_padding]</param>
                        </include>
                        <include content="Object_Bottom" condition="Skin.HasSetting(View.SwitchVerticalWallSize)">
                            <param name="bottom">$PARAM[pos_y]</param>
                        </include>
                        <right>$PARAM[right_padding]</right>
                        <left>$PARAM[left_padding]</left>
                        <onleft>SetProperty(List.ViewContainer,50)</onleft>
                        <onleft>SetFocus(303,1,absolute)</onleft>
                        <onright>611</onright>


                        <include content="Action_View_Movement_OnBack">
                            <param name="id">$PARAM[id]</param>
                            <param name="onback">True</param>
                        </include>

                        <pagecontrol>66</pagecontrol>
                        <visible>$PARAM[visible]</visible>
                        <viewtype label="$PARAM[viewtype_label]">wrap</viewtype>
                        <onfocus>ClearProperty(TMDbHelper.WidgetContainer)</onfocus>
                        <onfocus>SetProperty(Background.ShowOverlay,True,Home)</onfocus>
                    </include>

                    <include content="$PARAM[include]" condition="!$EXP[Exp_View_WallVert]">
                        <param name="id">$PARAM[id]</param>
                        <param name="control">panel</param>
                        <param name="offset_x">$PARAM[offset_x]</param>
                        <param name="item_h">$PARAM[item_h]</param>
                        <param name="item_w">$PARAM[item_w]</param>
                        <param name="itemlayout_h">$PARAM[itemlayout_h]</param>
                        <param name="itemlayout_w">$PARAM[itemlayout_w]</param>
                        <top>$PARAM[top_horz]</top>
                        <bottom>$PARAM[bottom_padding]</bottom>
                        <right>$PARAM[right_padding_horz]</right>
                        <left>$PARAM[left_padding_horz]</left>
                        <include content="Action_View_Movement_OnUp">
                            <param name="id">$PARAM[id]</param>
                        </include>
                        <include content="Action_View_Movement_OnLeftRight">
                            <param name="id">$PARAM[id]</param>
                            <param name="onback">[Integer.IsEqual(Container($PARAM[id]).CurrentItem,1)]</param>
                        </include>
                        <include content="Action_View_Movement_OnDown_Wall">
                            <param name="id">$PARAM[id]</param>
                        </include>
                        <pagecontrol>69</pagecontrol>
                        <visible>$PARAM[visible]</visible>
                        <viewtype label="$PARAM[viewtype_label]">wrap</viewtype>
                        <onfocus>ClearProperty(TMDbHelper.WidgetContainer)</onfocus>
                        <onfocus>SetProperty(Background.ShowOverlay,True,Home)</onfocus>
                    </include>
                    <control type="group">
                        <visible>Skin.HasSetting(View.SwitchVerticalWallSize) + $EXP[Exp_View_WallVert]</visible>
                        <control type="image">
                            <top>0</top>
                            <height>view_side</height>
                            <texture colordiffuse="main_bg_90" flipy="true">common/gradient-v.png</texture>
                            <animation effect="fade" start="0" end="100" time="300" tween="sine" easing="in" condition="Integer.IsGreaterOrEqual(Container.Position,$PARAM[anim_numitems])" reversible="false">Conditional</animation>
                            <animation effect="fade" start="100" end="0" time="300" tween="sine" easing="in" condition="![Integer.IsGreaterOrEqual(Container.Position,$PARAM[anim_numitems])]" reversible="false">Conditional</animation>
                        </control>
                        <control type="image">
                            <bottom>0</bottom>
                            <height>view_side</height>
                            <texture colordiffuse="main_bg_90">common/gradient-v.png</texture>
                            <animation effect="fade" start="0" end="100" time="300" tween="sine" easing="in" condition="Container.HasNext" reversible="false">Conditional</animation>
                            <animation effect="fade" start="100" end="0" time="300" tween="sine" easing="in" condition="!Container.HasNext" reversible="false">Conditional</animation>
                        </control>
                    </control>
                </control>
            </control>
        </definition>
    </include>
</includes>
