<?xml version="1.0" encoding="UTF-8"?>
<window>

    <controls>
        <include>Dialog_Dim_Overlay</include>
        <control type="group">
            <include>Animation_SlideIn_Dialog</include>
            <control type="group">
                <include>Dimension_DialogConfirm</include>
                <control type="group">
                    <include content="Dialog_Background_Blur">
                        <param name="diffuse">diffuse/dialog_w1120_h400.png</param>
                    </include>
                    <include content="Dialog_Head">
                        <param name="top">40</param>
                        <param name="left">40</param>
                    </include>
                    <control type="group">
                        <include content="Dialog_Overlay_Mode_Glass">
                            <param name="flipped">false</param>
                        </include>
                        <control type="image">
                            <top>120</top>
                            <height>1</height>
                            <texture colordiffuse="dialog_fg_12">common/white.png</texture>
                            <left>40</left>
                            <right>40</right>
                        </control>
                        <control type="group">
                            <include content="Dialog_Group">
                                <param name="top">160</param>
                                <param name="bottom">160</param>
                            </include>
                            <control type="textbox" id="9">
                                <top>-8</top>
                                <bottom>8</bottom>
                                <font>font_main_plot</font>
                                <textcolor>dialog_fg_70</textcolor>
                            </control>
                            <control type="group">
                                <bottom>0</bottom>
                                <height>12</height>
                                <control type="image">
                                    <height>1</height>
                                    <centertop>50%</centertop>
                                    <visible>Control.IsVisible(20)</visible>
                                    <texture colordiffuse="dialog_fg_12">common/white.png</texture>
                                </control>
                                <control type="progress" id="20">
                                    <description>Progressbar</description>
                                    <info>System.Progressbar</info>
                                    <texturebg colordiffuse="00ffffff" border="12,0,12,0">progress/progress-nib.png</texturebg>
                                </control>
                                <control type="progress">
                                    <description>Progressbar</description>
                                    <info>System.Progressbar</info>
                                    <texturebg colordiffuse="00ffffff" border="12,0,12,0">progress/progress-bg.png</texturebg>
                                    <midtexture colordiffuse="$VAR[ColorGradient]" border="12,0,12,0" diffuse="progress/diffuse.png">progress/progress-bg.png</midtexture>
                                    <include content="Defs_Progress_Colorfade">
                                        <param name="id">20</param>
                                    </include>
                                </control>
                            </control>
                        </control>
                    </control>

                    <control type="grouplist" id="9000">
                        <right>40</right>
                        <left>40</left>
                        <height>80</height>
                        <bottom>20</bottom>
                        <align>center</align>
                        <orientation>horizontal</orientation>
                        <include content="Dialog_Button_Expanded">
                            <param name="id">11</param>
                            <param name="builtin">true</param>
                            <param name="icon">$VAR[Image_DialogConfirm_11]</param>
                        </include>
                        <include content="Dialog_Button_Expanded">
                            <param name="id">10</param>
                            <param name="builtin">true</param>
                            <param name="icon">$VAR[Image_DialogConfirm_10]</param>
                            <param name="itemgap">20</param>
                        </include>
                        <include content="Dialog_Button_Expanded">
                            <param name="id">12</param>
                            <param name="builtin">true</param>
                            <param name="icon">$VAR[Image_DialogConfirm_12]</param>
                            <param name="itemgap">20</param>
                        </include>
                    </control>
                </control>
            </control>
        </control>
    </controls>
</window>
