<?xml version="1.0" encoding="UTF-8"?>
<window type="dialog" id="1121">
    <defaultcontrol always="true">5098</defaultcontrol>
    <onload>SetFocus(5098)</onload>
    <menucontrol>303</menucontrol>

    <include>Action_PreserveTransitionProp_Onload</include>
    <onload condition="String.IsEmpty(Skin.String(VideoInfo.PersonCredits.SortKey))">Skin.SetString(VideoInfo.PersonCredits.SortKey,popular)</onload>
    <onload condition="Skin.String(InfoDialog.Layout,Blur)">ClearProperty(Background.DialogInfo.HideArtwork,Home)</onload>
    <onunload condition="Skin.String(InfoDialog.Layout,Blur)">SetProperty(Background.DialogInfo.HideArtwork,True,Home)</onunload>

    <controls>
        <include>DialogInfo_Recommendations_BackgroundLoader</include>
        <include>DialogInfo_Recommendations_BackgroundFake</include>
        <include content="DialogInfo_Recommendations_Group">
            <param name="include_slideover">false</param>
            <param name="include_slideover_2">true</param>
            <include content="DialogInfo_Recommendations_InfoPanel">
               <param name="include_slideup">true</param>
            </include>
            <include content="DialogInfo_Recommendations_Widgets_Grouplist">
                <param name="onup">303</param>
                <param name="ondown">330</param>
                <onleft>303</onleft>
                <onright>332</onright>
                <onup>333</onup>
                <control type="button" id="5098">
                    <height>0</height>
                    <texturefocus />
                    <texturenofocus />
                    <onfocus>Action(Down)</onfocus>
                    <animation effect="fade" time="400" start="0" end="0">Focus</animation>
                    <visible>!ControlGroup(5000).HasFocus() | Control.HasFocus(5098)</visible>
                </control>
                <include>DialogInfo_Recommendations_Widgets</include>
            </include>
        </include>

        <include>DialogInfo_ButtonGroup_Recommendations</include>

        <include content="DialogInfo_Recommendations_Furniture">
            <param name="include_slideover_2">true</param>
            <param name="include_homemenu">false</param>
            <param name="header">$INFO[Window.Property(Item_Title)]</param>
        </include>
        <include content="DialogInfo_PlotBox">
            <param name="include_movement">DialogInfo_PlotBox_Details_OnMove</param>
            <param name="header">$INFO[Window.Property(PlotBox_Header)]</param>
            <param name="textbox">$INFO[Window.Property(PlotBox_Textbox)]</param>
            <param name="poster_visible">true</param>
            <param name="poster_icon">$INFO[Window.Property(PlotBox_Poster)]</param>
            <param name="landscape_visible">true</param>
            <param name="landscape_icon">$INFO[Window.Property(PlotBox_Landscape)]</param>
        </include>

    </controls>
</window>