<?xml version="1.0" encoding="UTF-8"?>
<window>

    <defaultcontrol always="true">3</defaultcontrol>
    <controls>

        <include content="Settings_Button">
            <param name="id">7</param>
            <param name="control">button</param>
            <param name="dialog">true</param>
            <description>Default Setting Button</description>
        </include>

        <include content="Settings_Button">
            <param name="id">8</param>
            <param name="control">radiobutton</param>
            <param name="dialog">true</param>
            <description>Default Setting Button</description>
            <textwidth>settings_radiobutton_text_w</textwidth>
        </include>

        <include content="Settings_Button">
            <param name="id">9</param>
            <param name="control">spincontrolex</param>
            <param name="dialog">true</param>
            <description>Default Setting Button</description>
        </include>

        <include content="Settings_Button">
            <param name="id">10</param>
            <param name="control">togglebutton</param>
            <param name="dialog">true</param>
            <include>Texture_Highlight_ToggleButton_Settings</include>
            <focusedcolor>$VAR[ColorSettingsToggleButtonText]</focusedcolor>
            <altfocusedcolor>$VAR[ColorSettingsToggleButtonText]</altfocusedcolor>
            <width>settings_category_w</width>
            <description>Default Category Button</description>
        </include>

        <control type="image" id="11">
            <visible>false</visible>
        </control>

        <include content="Settings_Button">
            <param name="id">12</param>
            <param name="control">edit</param>
            <param name="dialog">true</param>
            <description>Default Setting Button</description>
        </include>

        <include content="Settings_Button">
            <param name="id">13</param>
            <param name="control">sliderex</param>
            <param name="dialog">true</param>
            <description>Default Setting Button</description>
            <textwidth>settings_slider_text_w</textwidth>
        </include>

        <include content="Settings_Label">
            <param name="id">14</param>
            <param name="control">label</param>
            <param name="dialog">true</param>
            <description>Default Setting Label</description>
        </include>

        <include content="Settings_Button">
            <param name="id">15</param>
            <param name="control">colorbutton</param>
            <param name="dialog">true</param>
            <description>Default Setting Button</description>
        </include>

        <include content="Object_Hidden_Button">
            <param name="id">28</param>
        </include>
        <include content="Object_Hidden_Button">
            <param name="id">29</param>
        </include>
        <include content="Object_Hidden_Button">
            <param name="id">30</param>
        </include>
        <include content="Object_Hidden_Button">
            <param name="id">20</param>
        </include>

        <include>Dialog_Dim_Overlay</include>
        
        <control type="group">
            <include>Dimension_DialogFullMenu</include>
            <include>Animation_Right_Delay</include>

            <include content="Dialog_Foreground_Side">
                <param name="dialog_size">Dimension_DialogFullMenu</param>
                <param name="slide_condition">True</param>
                <param name="lines_right">0</param>
                <param name="lines_left">120</param>
                <param name="topline">false</param>
                <param name="subline">false</param>

                <!-- Header -->
                <include content="Dialog_Head">
                    <param name="id">2</param>
                    <param name="left">200</param>
                </include>
                <include>Dialog_Head_CloseButton</include>

                <!-- Content -->
                <control type="group">
                    <left>160</left>
                    <include>Dimension_Dialog_Body</include>
                    <control type="group">
                        <right>-80</right>

                        <include>Dialog_Group</include>

                        <control type="group">
                            <left>-20</left>
                            <top>-20</top>
                            <bottom>60</bottom>
                            <width>settings_category_w</width>

                            <control type="image">
                                <texture colordiffuse="$VAR[Color_DialogBorder]">common/white.png</texture>
                                <height>1</height>
                                <top>-20</top>
                                <left>20</left>
                                <right>20</right>
                            </control>

                            <control type="image">
                                <texture colordiffuse="$VAR[Color_DialogBorder]">common/white.png</texture>
                                <height>1</height>
                                <bottom>-20</bottom>
                                <left>20</left>
                                <right>20</right>
                            </control>

                            <control type="grouplist" id="3">
                                <onright>5</onright>
                                <onleft>9000</onleft>
                                <onback>9893</onback>
                            </control>
                        </control>

                        <include content="Dialog_Outline_InnerBox">
                            <left>settings_category_w</left>
                            <right>120</right>
                            <top>-40</top>
                            <bottom>40</bottom>
                            <control type="grouplist" id="5">
                                <left>20</left>
                                <right>20</right>
                                <top>20</top>
                                <bottom>20</bottom>
                                <onleft>3</onleft>
                                <onback>9893</onback>
                            </control>
                        </include>
                    </control>

                    <include content="Settings_InfoText">
                        <param name="id">6</param>
                        <param name="dialog">true</param>
                        <param name="override">true</param>
                        <param name="left">40</param>
                    </include>
                </control>
            </include>
            
            <!-- Side Buttons -->
            <control type="group">
                <include>Dimension_Dialog_Body</include>
                <include>Dialog_Side_Panel_Group_Def</include>
                <control type="grouplist" id="9000">
                    <include>Dialog_Side_Grouplist_Def</include>
                    <onback>9893</onback>
                    <onleft>9893</onleft>
                    <onright>3</onright>
                    <include>Items_DialogAddonSettings_MenuBar</include>
                </control>
            </control>
        </control>
        
        <include content="Dialog_Manage">
            <param name="onback">3</param>
            <param name="confirm_exit">true</param>
        </include>
    </controls>
</window>
