<?xml version="1.0" encoding="UTF-8"?>
<includes>

    <include name="Home_Menu_Content">
        <definition>
            <include content="Object_ContentNested">
                <include>skinvariables-sidemenu-staticitems</include>
            </include>
        </definition>
    </include>

    <include name="Home_Menu_ProfileButton">
        <definition>
            <control type="group">
                <centertop>100</centertop>
                <centerleft>100</centerleft>
                <height>50</height>
                <width>50</width>
                <control type="button" id="310">
                    <texturenofocus />
                    <include>Texture_KeyboardButton</include>
                    <ondown>SetFocus(303,0,absolute)</ondown>
                    <onup>309</onup>
                    <onleft>Action(PreviousMenu)</onleft>
                    <onright>Action(PreviousMenu)</onright>
                    <onclick>Action(PreviousMenu)</onclick>
                    <onclick condition="Skin.HasSetting(SkinUserLogin.Disabled)">System.LogOff</onclick>
                    <onclick condition="!Skin.HasSetting(SkinUserLogin.Disabled)">ActivateWindow(1195)</onclick>
                    <width>80</width>
                    <height>80</height>
                    <centerleft>50%</centerleft>
                    <centertop>50%</centertop>
                </control>
                <control type="image">
                    <include content="Dimension_Padding">
                        <param name="pad">-40</param>
                    </include>
                    <bordersize>40</bordersize>
                    <bordertexture colordiffuse="shadow_soft">shadows/circle_50-shadow-40.png</bordertexture>
                    <texture colordiffuse="panel_fg_100">diffuse/circle/circle_50.png</texture>
                </control>
                <include content="Object_InfoCircle_Image">
                    <param name="colordiffuse">white</param>
                    <param name="icon">$VAR[Image_ProfileThumb]</param>
                </include>
            </control>
        </definition>
    </include>

    <include name="Home_Menu_List_OnBackInfo">
        <oninfo>ActivateWindow(1170)</oninfo>
        <onback>CancelAlarm(SplashTimeOut,silent)</onback>
        <onback condition="Window.IsVisible(Home) + !Skin.HasSetting(Navigation.DisableOptionsOnBack)">SetFocus(307)</onback>
    </include>

    <include name="Home_Menu_List_Vert">
        <width>view_menu_main</width>
        <height>500</height>
        <centertop>50%</centertop>
    </include>
    
    <include name="Home_Menu_List_Reposition">
        <animation effect="slide" start="0" end="0,10" condition="Integer.IsGreaterOrEqual(Container($PARAM[id]).NumItems,5)">Conditional</animation>
        <animation effect="slide" start="0" end="0,60" condition="Integer.IsEqual(Container($PARAM[id]).NumItems,4)">Conditional</animation>
        <animation effect="slide" start="0" end="0,110" condition="Integer.IsEqual(Container($PARAM[id]).NumItems,3)">Conditional</animation>
        <animation effect="slide" start="0" end="0,160" condition="Integer.IsEqual(Container($PARAM[id]).NumItems,2)">Conditional</animation>
        <animation effect="slide" start="0" end="0,210" condition="Integer.IsEqual(Container($PARAM[id]).NumItems,1)">Conditional</animation>
    </include>

    <include name="Home_Menu_List_Horz">
        <include content="Object_Left" condition="Skin.HasSetting(SideMenu.EnableSearchAndOptions)">
            <param name="left">100</param>
        </include>
        <left>0</left>
        <centertop>100</centertop>
        <height>160</height>
        <width>540</width>
    </include>

    <include name="Home_Menu_List_SlideOver_OnFocus">
        <onfocus condition="!$EXP[Exp_HomeMenu_IsTopBar]">SetProperty(SideMenu.HasFocus,True,Home)</onfocus>
        <onfocus condition="$EXP[Exp_HomeMenu_IsTopBar]">ClearProperty(SideMenu.HasFocus,Home)</onfocus>
        <onunfocus condition="!$EXP[Exp_HomeMenu_IsStatic]">ClearProperty(SideMenu.HasFocus,Home)</onunfocus>
        <onunfocus condition="$EXP[Exp_HomeMenu_IsStatic]">SetProperty(SideMenu.HasFocus,True,Home)</onunfocus>
    </include>

    <include name="Home_Menu_List">
        <param name="items_include">Home_Menu_Content</param>
        <param name="onlist">320</param>
        <param name="id">303</param>
        <param name="vertical">false</param>
        <definition>
            <control type="group">

                <include condition="$PARAM[vertical]">Home_Menu_List_Vert</include>
                <include condition="![$PARAM[vertical]]">Home_Menu_List_Horz</include>

                <include content="Settings_Arrows" condition="$PARAM[vertical]">
                    <param name="arrow_prev_visible">Container($PARAM[id]).HasPrevious</param>
                    <param name="arrow_next_visible">Container($PARAM[id]).HasNext</param>
                    <param name="colordiffuse">main_fg_30</param>
                    <param name="arrow_centerleft">20.8%</param>
                </include>

                <control type="list" id="$PARAM[id]">

                    <include>Home_Menu_List_OnBackInfo</include>
                    <include>Home_Menu_List_SlideOver_OnFocus</include>

                    <include content="Home_Menu_List_Reposition" condition="$PARAM[vertical]">
                        <param name="id">$PARAM[id]</param>
                    </include>                    

                    <onfocus>ClearProperty(WidgetGroup.Movement)</onfocus>
                    <onfocus>ClearProperty(SideMenu.CurrentItem)</onfocus>

                    <onfocus condition="Window.IsVisible(Home) + !String.IsEmpty(Window(1198).Property(TMDbHelper.WidgetContainer.UpdateLock.OnFocus))">SetProperty(TMDbHelper.WidgetContainer.UpdateLock,$INFO[ListItem.CurrentItem],1198)</onfocus>
                    <onfocus condition="Window.IsVisible(Home) + String.IsEmpty(Window(1198).Property(TMDbHelper.WidgetContainer.UpdateLock.OnFocus))">SetProperty(TMDbHelper.WidgetContainer.UpdateLock.OnFocus,True,1198)</onfocus>

                    <onfocus condition="!String.IsEmpty(Window.Property(List.ViewContainer.Prev))">SetProperty(List.ViewContainer,$INFO[Window.Property(List.ViewContainer.Prev)])</onfocus>
                    <onfocus condition="!String.IsEmpty(Window.Property(List.ViewContainer.Prev))">ClearProperty(List.ViewContainer.Prev)</onfocus>

                    <include content="Object_HitRect" condition="![$PARAM[vertical]] + !$EXP[Exp_Window_IsHub]">
                        <param name="x">0</param>
                        <param name="y">0</param>
                        <param name="w">0</param>
                        <param name="h">0</param>
                    </include>

                    <include content="Action_HomeMenu_OnRightLeft" condition="$PARAM[vertical]">
                        <param name="onlist">$PARAM[onlist]</param>
                        <param name="id">$PARAM[id]</param>
                    </include>
                    <include content="Action_HomeMenu_OnDownUp" condition="![$PARAM[vertical]]">
                        <param name="onlist">$PARAM[onlist]</param>
                        <param name="id">$PARAM[id]</param>
                    </include>

                    <include content="Object_Orientation" condition="$PARAM[vertical]">
                        <param name="orientation">vertical</param>
                    </include>
                    <include content="Object_Orientation" condition="![$PARAM[vertical]]">
                        <param name="orientation">horizontal</param>
                    </include>

                    <scrolltime tween="quadratic">400</scrolltime>

                    <include content="Home_Menu_List_ItemLayout" condition="Skin.HasSetting(Hub.Home.DisableSubmenu)">
                        <param name="id">$PARAM[id]</param>
                        <param name="hidden_button">Home_Menu_List_HiddenButton</param>
                        <param name="hidden_button_enabled">Window.IsVisible(Home)</param>
                        <param name="vertical">$PARAM[vertical]</param>
                    </include>
                    <include content="Home_Menu_List_ItemLayout" condition="!Skin.HasSetting(Hub.Home.DisableSubmenu)">
                        <param name="id">$PARAM[id]</param>
                        <param name="hidden_button">Home_Menu_List_HiddenButton_Alt</param>
                        <param name="hidden_button_enabled">Window.IsVisible(Home)</param>
                        <param name="vertical">$PARAM[vertical]</param>
                    </include>

                    <include>$PARAM[items_include]</include>
                </control>
            </control>
        </definition>
    </include>

    <include name="Home_Menu_List_HiddenButton">
        <control type="button">
            <visible allowhiddenfocus="true">false</visible>
            <animation effect="fade" start="0" end="0" time="50" reversible="false">Focus</animation>

            <onfocus condition="Window.IsVisible(Home) + !Integer.IsEqual(Window(1198).Property(TMDbHelper.WidgetContainer.UpdateLock),ListItem.CurrentItem)">SetProperty(TMDbHelper.WidgetContainer.UpdateLock,$INFO[ListItem.CurrentItem],1198)</onfocus>

            <onfocus condition="Window.IsActive(Home) + !Integer.IsEqual(Window(1198).Property(TMDbHelper.WidgetContainer.UpdateLock),ListItem.CurrentItem) + Skin.HasSetting(Hub.Home.WidgetSelector)">SetFocus(419,0,absolute)</onfocus>
            <onfocus condition="Window.IsActive(Home) + !Integer.IsEqual(Window(1198).Property(TMDbHelper.WidgetContainer.UpdateLock),ListItem.CurrentItem) + !Skin.HasSetting(Hub.Home.WidgetSelector)">SetFocus($INFO[ListItem.Property(widgets_first_id)])</onfocus>
            <onfocus condition="Window.IsActive(Home) + !Integer.IsEqual(Window(1198).Property(TMDbHelper.WidgetContainer.UpdateLock),ListItem.CurrentItem)">SetFocus($VAR[Action_Hubs_MenuID])</onfocus>

            <onfocus condition="Window.IsActive(Home) + !Integer.IsEqual(Window(1198).Property(TMDbHelper.WidgetContainer.UpdateLock),ListItem.CurrentItem)">SetProperty(TMDbHelper.WidgetContainer,$INFO[ListItem.Property(widgets_first_id)],Home)</onfocus>
            <onfocus condition="Window.IsActive(Home) + !Integer.IsEqual(Window(1198).Property(TMDbHelper.WidgetContainer.UpdateLock),ListItem.CurrentItem)">SetProperty(Slide.WidgetContainer,$INFO[ListItem.Property(widgets_first_id)],Home)</onfocus>
            <onfocus condition="Window.IsActive(Home) + !Integer.IsEqual(Window(1198).Property(TMDbHelper.WidgetContainer.UpdateLock),ListItem.CurrentItem)">ClearProperty(List.ViewContainer,Home)</onfocus>
            <onfocus condition="Window.IsActive(Home) + !Integer.IsEqual(Window(1198).Property(TMDbHelper.WidgetContainer.UpdateLock),ListItem.CurrentItem)">ClearProperty(List.ViewContainer.Prev,Home)</onfocus>
            <onfocus condition="Window.IsActive(Home) + !Integer.IsEqual(Window(1198).Property(TMDbHelper.WidgetContainer.UpdateLock),ListItem.CurrentItem)">SetProperty(SideMenu.CurrentName,$INFO[ListItem.Label],Home)</onfocus>

            <onfocus condition="Window.IsActive(Home)">AlarmClock(clearupdatelock,ClearProperty(TMDbHelper.WidgetContainer.UpdateLock,1198),00:00,silent)</onfocus>
        </control>
    </include>

    <include name="Home_Menu_List_HiddenButton_Alt">
        <control type="button">
            <visible allowhiddenfocus="true">false</visible>
            <animation effect="fade" start="0" end="0" time="50" reversible="false">Focus</animation>

            <onfocus condition="Window.IsVisible(Home) + !Integer.IsEqual(Window(1198).Property(TMDbHelper.WidgetContainer.UpdateLock),ListItem.CurrentItem)">SetProperty(TMDbHelper.WidgetContainer.UpdateLock,$INFO[ListItem.CurrentItem],1198)</onfocus>

            <onfocus condition="Window.IsActive(Home) + !Integer.IsEqual(Window(1198).Property(TMDbHelper.WidgetContainer.UpdateLock),ListItem.CurrentItem) + $EXP[Exp_HomeHub_Spotlight_IsVisible]">SetFocus(300,0,absolute)</onfocus>
            <onfocus condition="Window.IsActive(Home) + !Integer.IsEqual(Window(1198).Property(TMDbHelper.WidgetContainer.UpdateLock),ListItem.CurrentItem) + $EXP[Exp_HomeHub_Spotlight_IsVisible]">SetFocus($INFO[Container(300).ListItemAbsolute(0).Property(item)]302,0,absolute)</onfocus>
            <onfocus condition="Window.IsActive(Home) + !Integer.IsEqual(Window(1198).Property(TMDbHelper.WidgetContainer.UpdateLock),ListItem.CurrentItem) + Skin.HasSetting(Hub.Home.WidgetSelector)">SetFocus(419,0,absolute)</onfocus>
            <onfocus condition="Window.IsActive(Home) + !Integer.IsEqual(Window(1198).Property(TMDbHelper.WidgetContainer.UpdateLock),ListItem.CurrentItem) + $EXP[Exp_HomeHub_Spotlight_IsVisible]">SetFocus(311)</onfocus>
            <onfocus condition="Window.IsActive(Home) + !Integer.IsEqual(Window(1198).Property(TMDbHelper.WidgetContainer.UpdateLock),ListItem.CurrentItem) + !$EXP[Exp_HomeHub_Spotlight_IsVisible] + Integer.IsEqual(Container(300).NumItems,0)">SetFocus($INFO[ListItem.Property(widgets_first_id)])</onfocus>
            <onfocus condition="Window.IsActive(Home) + !Integer.IsEqual(Window(1198).Property(TMDbHelper.WidgetContainer.UpdateLock),ListItem.CurrentItem) + !$EXP[Exp_HomeHub_Spotlight_IsVisible] + !Integer.IsEqual(Container(300).NumItems,0)">SetFocus(300,0,absolute)</onfocus>
            <onfocus condition="Window.IsActive(Home) + !Integer.IsEqual(Window(1198).Property(TMDbHelper.WidgetContainer.UpdateLock),ListItem.CurrentItem) + !$EXP[Exp_HomeHub_Spotlight_IsVisible] + !Integer.IsEqual(Container(300).NumItems,0)">SetFocus($INFO[Container(300).ListItemAbsolute(0).Property(item)]302,0,absolute)</onfocus>
            <onfocus condition="Window.IsActive(Home) + !Integer.IsEqual(Window(1198).Property(TMDbHelper.WidgetContainer.UpdateLock),ListItem.CurrentItem)">SetFocus($VAR[Action_Hubs_MenuID])</onfocus>

            <onfocus condition="Window.IsActive(Home) + !Integer.IsEqual(Window(1198).Property(TMDbHelper.WidgetContainer.UpdateLock),ListItem.CurrentItem) + $EXP[Exp_HomeHub_Spotlight_IsVisible]">SetProperty(TMDbHelper.WidgetContainer,301,Home)</onfocus>
            <onfocus condition="Window.IsActive(Home) + !Integer.IsEqual(Window(1198).Property(TMDbHelper.WidgetContainer.UpdateLock),ListItem.CurrentItem) + $EXP[Exp_HomeHub_Spotlight_IsVisible]">ClearProperty(Slide.WidgetContainer,Home)</onfocus>
            <onfocus condition="Window.IsActive(Home) + !Integer.IsEqual(Window(1198).Property(TMDbHelper.WidgetContainer.UpdateLock),ListItem.CurrentItem) + $EXP[Exp_HomeHub_Spotlight_IsVisible]">SetProperty(List.ViewContainer,$VAR[Path_Spotlight_Default_ViewContainer],Home)</onfocus>
            
            <onfocus condition="Window.IsActive(Home) + !Integer.IsEqual(Window(1198).Property(TMDbHelper.WidgetContainer.UpdateLock),ListItem.CurrentItem) + !$EXP[Exp_HomeHub_Spotlight_IsVisible] + Integer.IsEqual(Container(300).NumItems,0)">SetProperty(TMDbHelper.WidgetContainer,$INFO[ListItem.Property(widgets_first_id)],Home)</onfocus>
            <onfocus condition="Window.IsActive(Home) + !Integer.IsEqual(Window(1198).Property(TMDbHelper.WidgetContainer.UpdateLock),ListItem.CurrentItem) + !$EXP[Exp_HomeHub_Spotlight_IsVisible] + Integer.IsEqual(Container(300).NumItems,0)">SetProperty(Slide.WidgetContainer,$INFO[ListItem.Property(widgets_first_id)],Home)</onfocus>
            <onfocus condition="Window.IsActive(Home) + !Integer.IsEqual(Window(1198).Property(TMDbHelper.WidgetContainer.UpdateLock),ListItem.CurrentItem) + !$EXP[Exp_HomeHub_Spotlight_IsVisible] + Integer.IsEqual(Container(300).NumItems,0)">SetProperty(List.ViewContainer,$INFO[ListItem.Property(widgets_first_id)],Home)</onfocus>
            
            <onfocus condition="Window.IsActive(Home) + !Integer.IsEqual(Window(1198).Property(TMDbHelper.WidgetContainer.UpdateLock),ListItem.CurrentItem) + !$EXP[Exp_HomeHub_Spotlight_IsVisible] + !Integer.IsEqual(Container(300).NumItems,0)">SetProperty(TMDbHelper.WidgetContainer,301,Home)</onfocus>
            <onfocus condition="Window.IsActive(Home) + !Integer.IsEqual(Window(1198).Property(TMDbHelper.WidgetContainer.UpdateLock),ListItem.CurrentItem) + !$EXP[Exp_HomeHub_Spotlight_IsVisible] + !Integer.IsEqual(Container(300).NumItems,0)">ClearProperty(Slide.WidgetContainer,Home)</onfocus>
            <onfocus condition="Window.IsActive(Home) + !Integer.IsEqual(Window(1198).Property(TMDbHelper.WidgetContainer.UpdateLock),ListItem.CurrentItem) + !$EXP[Exp_HomeHub_Spotlight_IsVisible] + !Integer.IsEqual(Container(300).NumItems,0)">SetProperty(List.ViewContainer,300,Home)</onfocus>
            
            <onfocus condition="Window.IsActive(Home) + !Integer.IsEqual(Window(1198).Property(TMDbHelper.WidgetContainer.UpdateLock),ListItem.CurrentItem)">ClearProperty(List.ViewContainer.Prev,Home)</onfocus>
            <onfocus condition="Window.IsActive(Home) + !Integer.IsEqual(Window(1198).Property(TMDbHelper.WidgetContainer.UpdateLock),ListItem.CurrentItem)">SetProperty(SideMenu.CurrentName,$INFO[ListItem.Label],Home)</onfocus>
        </control>
    </include>

    <include name="Home_Menu_List_ItemLayout">
        <param name="layoutnf">[!Skin.HasSetting(Home.SideMenu.DisableIndicator) + Window.IsVisible(Home) + [Skin.HasSetting(Hub.Home.DisableSubmenu) + !Skin.HasSetting(Hub.Home.WidgetSelector) + !Skin.HasSetting(Hub.Home.DisableMoveBetweenGroups) + String.IsEqual(ListItem.Property(guid),Window.Property(SideMenu.CurrentGUID))]]</param>
        <param name="layoutfo">[!Skin.HasSetting(Home.SideMenu.DisableIndicator) + Window.IsVisible(Home) + [[Skin.HasSetting(Hub.Home.DisableSubmenu) + !Skin.HasSetting(Hub.Home.WidgetSelector) + !Skin.HasSetting(Hub.Home.DisableMoveBetweenGroups) + String.IsEqual(ListItem.Property(guid),Window.Property(SideMenu.CurrentGUID))] | !Skin.HasSetting(Hub.Home.DisableSubmenu) | Skin.HasSetting(Hub.Home.WidgetSelector) | Skin.HasSetting(Hub.Home.DisableMoveBetweenGroups)]]</param>
        <param name="altfocus">false</param>
        <param name="expanded">Skin.HasSetting(Navigation.OnBack.ExpandMenu) + !Skin.String(Home.SideMenuCollapse,Topbar)</param>
        <definition>
            <itemlayout height="100" width="100">
                <control type="group">
                    <width>40</width>
                    <height>40</height>
                    <centerleft>100</centerleft>
                    <centertop>40%</centertop>
                    <visible>$PARAM[expanded] + !Window.IsVisible(1115)</visible>
                    <include content="Layout_Home_Menu_Label">
                        <param name="selected">False</param>
                        <param name="label">$INFO[ListItem.Label]</param>
                    </include>
                </control>
                <control type="group">
                    <left>view_menu</left>
                    <width>80</width>
                    <include content="Object_Top" condition="Window.IsVisible(1115) | $EXP[Exp_HomeMenu_IsTopBar]">
                        <param name="top">40</param>
                    </include>
                    <include content="Object_Bottom" condition="Window.IsVisible(1115) | $EXP[Exp_HomeMenu_IsTopBar]">
                        <param name="bottom">-40</param>
                    </include>
                    <include content="Layout_Home_Menu">
                        <param name="selected">false</param>
                        <param name="detailed">Control.HasFocus($PARAM[id])</param>
                        <param name="layoutfo">$PARAM[layoutnf]</param>
                        <param name="vertical">$PARAM[vertical]</param>
                    </include>
                </control>
            </itemlayout>
            <focusedlayout height="100" width="100" condition="![Skin.HasSetting(Topbar.EnableFocusedText) + $EXP[Exp_HomeMenu_IsTopBar]]">
                <include condition="$PARAM[hidden_button_enabled]">$PARAM[hidden_button]</include>
                <control type="group">
                    <width>40</width>
                    <height>40</height>
                    <centerleft>100</centerleft>
                    <centertop>40%</centertop>
                    <visible>$PARAM[expanded] + !Window.IsVisible(1115)</visible>
                    <include content="Layout_Home_Menu_Label">
                        <param name="selected">True</param>
                        <param name="label">$INFO[ListItem.Label]</param>
                        <param name="scroll">true</param>
                        <param name="selectedcolor">!Skin.HasSetting(InvertSelectedText)</param>
                    </include>
                </control>
                <control type="group">
                    <left>view_menu</left>
                    <width>80</width>
                    <include content="Object_Top" condition="Window.IsVisible(1115) | $EXP[Exp_HomeMenu_IsTopBar]">
                        <param name="top">40</param>
                    </include>
                    <include content="Object_Bottom" condition="Window.IsVisible(1115) | $EXP[Exp_HomeMenu_IsTopBar]">
                        <param name="bottom">-40</param>
                    </include>
                    <control type="group">
                        <visible>![Control.HasFocus($PARAM[id]) | $PARAM[altfocus]]</visible>
                        <include content="Layout_Home_Menu">
                            <param name="selected">false</param>
                            <param name="detailed">[Control.HasFocus($PARAM[id]) | $PARAM[altfocus]]</param>
                            <param name="layoutfo">$PARAM[layoutfo]</param>
                            <param name="vertical">$PARAM[vertical]</param>
                        </include>
                    </control>
                    <control type="group">
                        <visible>Control.HasFocus($PARAM[id]) | $PARAM[altfocus]</visible>
                        <include content="Layout_Home_Menu">
                            <param name="selected">true</param>
                            <param name="detailed">[Control.HasFocus($PARAM[id]) | $PARAM[altfocus]]</param>
                            <param name="layoutfo">$PARAM[layoutfo]</param>
                            <param name="vertical">$PARAM[vertical]</param>
                        </include>
                    </control>
                </control>
            </focusedlayout>
            <focusedlayout height="100" width="300" condition="[Skin.HasSetting(Topbar.EnableFocusedText) + $EXP[Exp_HomeMenu_IsTopBar] + !Window.IsVisible(1115) + ![Control.HasFocus(308) | Control.HasFocus(309)]]">
                <include condition="$PARAM[hidden_button_enabled]">$PARAM[hidden_button]</include>
                <control type="group">
                    <width>270</width>
                    <control type="image">
                        <include>Texture_Menu_Highlight_H</include>
                        <height>80</height>
                        <left>40</left>
                        <right>-60</right>
                        <top>39</top>                            
                    </control>                    
                    <control type="group">
                        <left>view_menu</left>
                        <top>40</top>
                        <bottom>-40</bottom>
                        <include content="Layout_Home_Menu">
                            <param name="selected">true</param>
                            <param name="detailed">true</param>
                            <param name="layoutfo">$PARAM[layoutfo]</param>
                            <param name="vertical">$PARAM[vertical]</param>
                            <param name="circle_focus">false</param>
                        </include>
                    </control>
                    <control type="group">
                        <height>35</height>
                        <centertop>80%</centertop>    
                        <left>150</left>
                        <right>-40</right>
                        <control type="label">
                            <label>$INFO[Container(303).ListItem.Label]</label>
                            <font>font_mini_bold</font>
                            <textcolor>$VAR[ColorSelected]</textcolor>    
                            <align>left</align>
                        </control>    
                    </control>            
                </control>            
            </focusedlayout>
        </definition>
    </include>

    <include name="Home_Menu_Button_Back">
        <control type="button" id="$PARAM[id]">
            <texturenofocus />
            <include>Texture_KeyboardButton</include>
            <include content="Dimension_Padding">
                <param name="pad">-20</param>
            </include>
            <nested />
        </control>
    </include>

    <include name="Home_Menu_Button_Icon">
        <param name="focused">$EXP[Exp_HomeMenu_HasFocus]</param>
        <param name="color_nf">main_fg_30</param>
        <definition>
            <control type="group">
                <nested />
                <width>40</width>
                <height>40</height>
                <control type="image">
                    <aspectratio>keep</aspectratio>
                    <bordersize>icon_home_bordersize</bordersize>
                    <texture colordiffuse="$PARAM[color_nf]">$PARAM[icon]</texture>
                    <visible>!Control.HasFocus($PARAM[id])</visible>
                </control>
                <control type="image">
                    <aspectratio>keep</aspectratio>
                    <bordersize>icon_home_bordersize</bordersize>
                    <texture colordiffuse="$VAR[ColorSelected]">$PARAM[icon]</texture>
                    <visible>Control.HasFocus($PARAM[id])</visible>
                </control>
            </control>
        </definition>
    </include>

    <include name="Home_Menu_Background_Fade">
        <definition>
            <control type="group">
                <width>960</width>
                <visible>$EXP[Exp_HomeMenu_HasFocusBG]</visible>
                <animation type="Visible" reversible="false" condition="true">
                    <effect type="fade" start="0" end="100" time="400" tween="sine" easing="in"/>
                    <effect type="slide" start="-80,0" end="0" time="400" tween="sine" easing="in" />
                </animation>
                <control type="image">
                    <right>-1080</right>
                    <texture colordiffuse="$VAR[ColorBackgroundFade]">background/combined_sidemenu.png</texture>
                </control>
                <control type="image">
                    <right>-540</right>
                    <texture colordiffuse="$VAR[ColorBackgroundFade]">background/combined_sidemenu.png</texture>
                </control>
            </control>
        </definition>
    </include>

    <include name="Home_Menu_SearchAndOptions_SearchButton">
        <param name="vertical">false</param>
        <definition>
            <control type="button" id="309">
                <texturenofocus />
                <include>Texture_KeyboardButton</include>
                <width>80</width>
                <height>80</height>
                <centerleft>50%</centerleft>
                <centertop>50%</centertop>
                
                <onfocus>ClearProperty(TMDbHelper.WidgetContainer.UpdateLock.OnFocus,1198)</onfocus>
                
                <include>Home_Menu_List_OnBackInfo</include>
                <include>Home_Menu_List_SlideOver_OnFocus</include>

                <onclick>SetProperty(SearchDiscover.FocusFilter,True,Home)</onclick>
                <onclick>$VAR[Action_ActivateSearchDiscover]</onclick>
                
                <include content="Action_HomeMenu_OnRightLeft" condition="$PARAM[vertical]">
                    <param name="onlist">$PARAM[onlist]</param>
                    <param name="id">$PARAM[id]</param>
                    <param name="search">false</param>
                    <param name="option">false</param>
                </include>
                
                <include content="Action_HomeMenu_OnDownUp" condition="!$PARAM[vertical]">
                    <param name="onlist">$PARAM[onlist]</param>
                    <param name="id">$PARAM[id]</param>
                    <param name="search">false</param>
                    <param name="option">false</param>
                </include>
                
                <onup condition="$PARAM[vertical]">308</onup>
                <ondown condition="$PARAM[vertical]">SetFocus(303,0,absolute)</ondown>
                <onleft condition="!$PARAM[vertical]">308</onleft>
                <onright condition="!$PARAM[vertical]">SetFocus(303,0,absolute)</onright>

                <include content="Object_HitRect" condition="![$PARAM[vertical]] + !$EXP[Exp_Window_IsHub]">
                    <param name="x">0</param>
                    <param name="y">0</param>
                    <param name="w">0</param>
                    <param name="h">0</param>
                </include>
            </control>
            <control type="image">
                <texture colordiffuse="$VAR[Layout_Home_Menu_Color_NF]">$VAR[Image_SearchDiscover]</texture>
                <bordersize>icon_home_bordersize</bordersize>
                <visible>!Control.HasFocus(309)</visible>
            </control>
            <control type="image">
                <texture colordiffuse="$VAR[ColorSelected]">$VAR[Image_SearchDiscover]</texture>
                <bordersize>icon_home_bordersize</bordersize>
                <visible>Control.HasFocus(309)</visible>
            </control>
        </definition>
    </include>

    <include name="Home_Menu_SearchAndOptions_OptionButton">
        <param name="vertical">false</param>
        <definition>
            <control type="button" id="308">
                <texturenofocus />
                <include>Texture_KeyboardButton</include>
                <width>80</width>
                <height>80</height>
                <centerleft>50%</centerleft>
                <centertop>50%</centertop>
                <onclick>ActivateWindow(1170)</onclick>
                
                <onfocus>ClearProperty(TMDbHelper.WidgetContainer.UpdateLock.OnFocus,1198)</onfocus>

                <include>Home_Menu_List_OnBackInfo</include>
                <include>Home_Menu_List_SlideOver_OnFocus</include>
                
                <include content="Action_HomeMenu_OnRightLeft" condition="$PARAM[vertical]">
                    <param name="onlist">$PARAM[onlist]</param>
                    <param name="id">$PARAM[id]</param>
                    <param name="search">false</param>
                    <param name="option">false</param>
                </include>
                
                <include content="Action_HomeMenu_OnDownUp" condition="!$PARAM[vertical]">
                    <param name="onlist">$PARAM[onlist]</param>
                    <param name="id">$PARAM[id]</param>
                    <param name="search">false</param>
                    <param name="option">false</param>
                </include>
                
                <ondown condition="$PARAM[vertical]">309</ondown>
                <onup condition="$PARAM[vertical]">SetFocus(303,999,absolute)</onup>
                <onright condition="!$PARAM[vertical]">309</onright>
                <onleft condition="!$PARAM[vertical]">SetFocus(303,9999,absolute)</onleft>

                <include content="Object_HitRect" condition="![$PARAM[vertical]] + !$EXP[Exp_Window_IsHub]">
                    <param name="x">0</param>
                    <param name="y">0</param>
                    <param name="w">0</param>
                    <param name="h">0</param>
                </include>
            </control>
            <control type="image">
                <texture colordiffuse="$VAR[Layout_Home_Menu_Color_NF]">special://skin/extras/icons/bars.png</texture>
                <bordersize>icon_home_bordersize</bordersize>
                <visible>!Control.HasFocus(308)</visible>
            </control>
            <control type="image">
                <texture colordiffuse="$VAR[ColorSelected]">special://skin/extras/icons/bars.png</texture>
                <bordersize>icon_home_bordersize</bordersize>
                <visible>Control.HasFocus(308)</visible>
            </control>
        </definition>
    </include>

    <include name="Home_Menu_SearchAndOptions_Vert">
        <control type="group">
            <width>40</width>
            <height>40</height>
            <centerleft>100</centerleft>
            <centertop>100</centertop>
            <include content="Home_Menu_SearchAndOptions_SearchButton">
                <param name="vertical">true</param>
            </include>
            <include content="Layout_Home_Menu_Label" condition="Skin.HasSetting(Navigation.OnBack.ExpandMenu) + !Skin.String(Home.SideMenuCollapse,Topbar)">
                <param name="selected">Control.HasFocus(309)</param>
                <param name="label">$LOCALIZE[137]</param>
            </include>
        </control>

        <control type="group">
            <width>40</width>
            <height>40</height>
            <centerleft>100</centerleft>
            <centerbottom>100</centerbottom>
            <include content="Home_Menu_SearchAndOptions_OptionButton">
                <param name="vertical">true</param>
            </include>
            <include content="Layout_Home_Menu_Label" condition="Skin.HasSetting(Navigation.OnBack.ExpandMenu) + !Skin.String(Home.SideMenuCollapse,Topbar)">
                <param name="selected">Control.HasFocus(308)</param>
                <param name="label">$LOCALIZE[33063]</param>
            </include>
        </control>
    </include>

    <include name="Home_Menu_SearchAndOptions_Horz">
        <control type="group">
            <width>40</width>
            <height>40</height>
            <centerleft>100</centerleft>
            <centertop>100</centertop>
            <include content="Home_Menu_SearchAndOptions_SearchButton">
                <param name="vertical">false</param>
            </include>
        </control>
        <control type="group">
            <width>40</width>
            <height>40</height>
            <centerright>100</centerright>
            <centertop>100</centertop>
            <include content="Home_Menu_SearchAndOptions_OptionButton">
                <param name="vertical">false</param>
            </include>
        </control>
    </include>

    <include name="Home_Menu_Horz">
        <control type="group">
            <include>Animation_Home_Topbar</include>
            <include condition="Skin.HasSetting(SideMenu.EnableSearchAndOptions)">Home_Menu_SearchAndOptions_Horz</include>
            <include content="Home_Menu_List">
                <param name="onlist">$PARAM[onlist]</param>
                <param name="window_id">$PARAM[window_id]</param>
                <param name="property_window_id">$PARAM[property_window_id]</param>
                <param name="vertical">false</param>
            </include>
        </control>
    </include>

    <include name="Home_Menu_Vert">
        <control type="image">
            <width>160</width>
            <left>0</left>
            <visible>[$EXP[Exp_HomeMenu_HasFocusBG] + !Window.IsVisible(MyWeather.xml) + !Window.IsVisible(MyPlaylist.xml) + !Window.IsVisible(pvrchannelguide) + !$EXP[Exp_PVRWindows]]</visible>
            <include content="Animation_Fade_In">
                <param name="type">Visible</param>
                <param name="time">200</param>
                <param name="delay">200</param>
            </include>
            <texture colordiffuse="$VAR[ColorBackground]">common/white.png</texture>
        </control>
        <control type="group">
            <include>Animation_Home_SlideOver</include>
            <include condition="Skin.HasSetting(Navigation.OnBack.ExpandMenu) + !Skin.String(Home.SideMenuCollapse,Topbar)">Home_Menu_Background_Fade</include>
            <include condition="Skin.HasSetting(SideMenu.EnableSearchAndOptions)">Home_Menu_SearchAndOptions_Vert</include>            
            <include content="Home_Menu_List">
                <param name="onlist">$PARAM[onlist]</param>
                <param name="window_id">$PARAM[window_id]</param>
                <param name="property_window_id">$PARAM[property_window_id]</param>
                <param name="vertical">true</param>
            </include>
        </control>
    </include>
    
    <include name="Home_Menu_Vert_Background">
        <param name="subline_visible">true</param>
        <param name="dialog_size">Dimension_DialogSideMenu</param>
        <param name="include_ribbon">false</param>
        <param name="include_dialog">true</param>
        <param name="include_mask">true</param>
        <definition>
            <control type="group">
                <left>$PARAM[left]</left>
                <width>$PARAM[width]</width>
                <control type="group">
                    <left>-20</left>
                    <right>-20</right>
                    <include content="Object_Control" condition="$PARAM[include_mask]">
                        <param name="control">image</param>
                        <left>-1920</left>
                        <texture colordiffuse="$VAR[ColorBackground]">common/white.png</texture>
                    </include>
                    <include content="Dialog_Background_Group" condition="$PARAM[include_dialog]">
                        <param name="include_glass">true</param>
                        <param name="dialog_size">$PARAM[dialog_size]</param>
                    </include>
                </control>
                <control type="group">
                    <top>40</top>
                    <bottom>40</bottom>
                    <right>20</right>
                    <left>20</left>

                    <visible>$PARAM[include_dialog]</visible>

                    <control type="image">
                        <top>120</top>
                        <left>40</left>
                        <right>40</right>
                        <height>1</height>
                        <texture colordiffuse="$VAR[Color_DialogBorder]">common/white.png</texture>
                    </control>

                    <control type="image">
                        <bottom>120</bottom>
                        <left>40</left>
                        <right>40</right>
                        <height>1</height>
                        <texture colordiffuse="$VAR[Color_DialogBorder]">common/white.png</texture>
                        <visible>$PARAM[subline_visible]</visible>
                    </control>
                </control>
            </control>
        </definition>
    </include>

    <include name="Home_Menu">
        <control type="group">
            <visible>!$EXP[Exp_InfoDialogs]</visible>
            <include content="Home_Menu_Vert" condition="!$EXP[Exp_HomeMenu_IsTopBar]">
                <param name="onlist">$PARAM[onlist]</param>
                <param name="window_id">$PARAM[window_id]</param>
                <param name="property_window_id">$PARAM[property_window_id]</param>
            </include>
            <include content="Home_Menu_Horz" condition="$EXP[Exp_HomeMenu_IsTopBar]">
                <param name="onlist">$PARAM[onlist]</param>
                <param name="window_id">$PARAM[window_id]</param>
                <param name="property_window_id">$PARAM[property_window_id]</param>
            </include>
        </control>
    </include>

    <include name="Home_Menu_Media">
        <include content="Home_Menu">
            <param name="onlist">$PARAM[onlist]</param>
            <param name="window_id">$PARAM[window_id]</param>
            <param name="property_window_id">$PARAM[property_window_id]</param>
        </include>
    </include>
</includes>
