<?xml version="1.0" encoding="UTF-8"?>
<includes>

    <include name="Dimension_Dialog_Body_Group">
        <top>20</top>
        <left>20</left>
        <right>20</right>
        <bottom>20</bottom>
    </include>

    <include name="Dimension_Dialog_Body">
        <top>160</top>
        <bottom>80</bottom>
        <left>40</left>
        <right>40</right>
    </include>

    <include name="Dimension_Furniture_Gutters">
        <top>view_gutter</top>
        <bottom>view_gutter</bottom>
    </include>

    <include name="Dimension_UpNext">
        <left>view_side</left>
        <top>view_pad</top>
    </include>

    <include name="Dimension_Furniture">
        <left>view_side</left>
        <right>view_pad</right>
        <height>view_bar</height>
    </include>
    
    <include name="Dimension_Topbar">
        <include>Dimension_Furniture</include>
        <top>view_pad</top>
    </include>

    <include name="Dimension_Bottombar">
        <include>Dimension_Furniture</include>
        <bottom>view_pad</bottom>
    </include>

    <include name="Dimension_Padding">
        <left>$PARAM[pad]</left>
        <right>$PARAM[pad]</right>
        <top>$PARAM[pad]</top>
        <bottom>$PARAM[pad]</bottom>
    </include>

    <include name="Dimension_DialogKeyboard">
        <centerleft>50%</centerleft>
        <bottom>40</bottom>
        <width>keyboard_w</width>
        <height>keyboard_h</height>
    </include>

    <include name="Dimension_DialogNumeric">
        <bottom>40</bottom>
        <width>520</width>
        <centertop>50%</centertop>
        <centerleft>50%</centerleft>
        <height>720</height>
    </include>

    <include name="Dimension_DialogConfirm">
        <centerleft>50%</centerleft>
        <centertop>50%</centertop>
        <height>480</height>
        <width>1120</width>
    </include>
    
    <include name="Dimension_DialogVersionSelect">
        <centerleft>50%</centerleft>
        <centertop>50%</centertop>
        <height>920</height>
        <width>1125</width>
    </include>

    <include name="Dimension_Info">
        <left>view_side</left>
        <right>view_pad</right>
        <top>view_top</top>
        <bottom>view_top</bottom>
    </include>

    <include name="Dimension_DialogFullMenu">
        <left>dialog_full_side</left>
        <right>0</right>
        <top>0</top>
        <bottom>0</bottom>
    </include>

    <include name="Dimension_DialogHugeMenu">
        <width>1360</width>  <!-- 1480 -->
        <right>0</right>
        <top>0</top>
        <bottom>0</bottom>
    </include>

    <include name="Dimension_DialogWideMenu">
        <width>1000</width>  <!-- 1000 -->
        <right>0</right>
        <top>0</top>
        <bottom>0</bottom>
    </include>

    <include name="Dimension_DialogSideMenu">
        <width>640</width>  <!-- 760 -->
        <right>0</right>
        <top>0</top>
        <bottom>0</bottom>
    </include>

    <include name="Dimension_DialogMainMenu">
        <left>0</left>
        <right>0</right>
        <top>0</top>
        <bottom>0</bottom>
    </include>

    <include name="Dimension_FurnitureBusy_Floating">
        <height>80</height>
        <width>820</width>
        <right>60</right>
        <top>60</top>
    </include>

    <include name="Dimension_FurnitureBusy_Tabbed">
        <height>80</height>
        <width>480</width>
        <right>80</right>
        <top>0</top>
    </include>

    <include name="Dimension_Info_Line_Pillbox">
        <centertop>50%</centertop>
        <height>30</height>
    </include>

    <include name="Dimension_Object_InfoCircle_Text_Top">
        <height>10</height>
        <centertop>24</centertop>
    </include>

    <include name="Dimension_Object_InfoCircle_Text_Sub">
        <height>10</height>
        <centerbottom>25</centerbottom>
    </include>

    <include name="Dimension_Dialog_VideoPIP_Smaller">
        <right>40</right>
        <bottom>40</bottom>
        <width>500</width>
        <height>300</height>
    </include>

</includes>
