<?xml version="1.0" encoding="UTF-8"?>
<window type="dialog" id="1124">	
	<visible>[!String.IsEmpty(System.SupportedHDRTypes) + Integer.IsGreaterOrEqual(Skin.TimerElapsedSecs(hdr_logo_popup),2) + Integer.IsLessOrEqual(Skin.TimerElapsedSecs(hdr_logo_popup),6)]</visible>			
	<animation effect="fade" start="0" end="100" time="500" delay="2000" reversible="false">WindowOpen</animation>
	<animation effect="fade" start="100" end="0" time="500" delay="1000" reversible="false">WindowClose</animation>
	
	<controls>
		<!-- HDR Pop Up Logo -->
			<control type="group">			
			<width>150</width>
			<right>view_menu</right>						
				<control type="image">	
					<texture>$VAR[Image_OSD_HDRPopUp]</texture>	
					<aspectratio>keep</aspectratio>	
					<centerright>50%</centerright>
                    <centertop>100</centertop>
				</control>
			</control>
	</controls>	
</window>			