<?xml version="1.0" encoding="UTF-8"?>
<includes>

    <constant name="view_offx">40</constant>
    <constant name="-view_offx">-40</constant>

    <!-- ============= -->
    <!-- Movement Defs -->
    <!-- ============= -->
    <!-- 8 Item: Icon -->
    <include name="List_Icon_Row_Movement">
        <left>view_touchmode_edge_l</left>
        <right>view_touchmode_edge_r</right>
        <preloaditems>0</preloaditems>
        <movement>view_icon_movement</movement>
    </include>
    <!-- 7 Item: Poster, Square -->
    <include name="List_Poster_Row_Movement">
        <left>view_touchmode_edge_l</left>
        <right>view_touchmode_edge_r</right>
        <preloaditems>0</preloaditems>
        <movement>view_poster_movement</movement>
    </include>
    <!-- 6 Item: Apps -->
    <include name="List_Apps_Row_Movement">
        <left>view_touchmode_edge_l</left>
        <right>view_touchmode_edge_r</right>
        <preloaditems>0</preloaditems>
        <movement>view_apps_movement</movement>
    </include>
    <!-- 5 Item: Card -->
    <include name="List_Card_Row_Movement">
        <left>view_touchmode_edge_l</left>
        <right>view_touchmode_edge_r</right>
        <preloaditems>0</preloaditems>
        <movement>view_card_movement</movement>
    </include>
    <!-- 4 Item: Landscape -->
    <include name="List_Landscape_Row_Movement">
        <left>view_touchmode_edge_l</left>
        <right>view_touchmode_edge_r</right>
        <preloaditems>0</preloaditems>
        <movement>view_landscape_movement</movement>
    </include>
    <!-- 3 Item: Board -->
    <include name="List_Board_Row_Movement">
        <left>view_touchmode_edge_l</left>
        <right>view_touchmode_edge_r</right>
        <preloaditems>0</preloaditems>
        <movement>view_board_movement</movement>
    </include>
    <!-- 1 Item: Banner -->
    <include name="List_Banner_Row_Movement">
        <left>view_touchmode_edge_l</left>
        <right>view_touchmode_edge_r</right>
        <preloaditems>0</preloaditems>
        <movement>0</movement>
    </include>

    <include name="TouchMode_Info_Zones">
        <control type="button">
            <centertop>100</centertop>
            <height>100</height>
            <left>180</left>
            <width>480</width>
            <onclick>AlarmClock(ClickMove,Action(PreviousMenu),00:00,silent)</onclick>
            <texturefocus />
            <texturenofocus />
        </control>
        <control type="button">
            <top>180</top>
            <height>330</height>
            <left>180</left>
            <width>680</width>
            <onclick>SetFocus(4001)</onclick>
            <onclick>AlarmClock(ClickMove,SetFocus(61),00:00,silent)</onclick>
            <texturefocus />
            <texturenofocus />
        </control>
    </include>


</includes>